0,Nia
1,Oliver
2,Aria
3,Chen
4,Chen
5,Wei
6,Sophia
7,Jean
8,Oliver
9,Mateo
10,Sofia
11,Léa
12,Giulia
13,Anastasia
14,Carlos
15,Ivan
16,Mateo
17,Lorenzo
18,Fatima
19,Samuel
20,Nia
21,Nia
22,Anastasia
23,Lucia
24,Sakura
25,Giulia
26,Emma
27,Mateo
28,Ava
29,Giulia
30,Lorenzo
31,Noah
32,Carlos
33,Chen
34,Kwame
35,Aria
36,Lorenzo
37,Ivan
38,Jean
39,Mateo
40,Olga
41,Olga
42,Ivan
43,Priya
44,Léa
45,Oliver
46,Chloe
47,Aria
48,Ahmed
49,Ivan
50,Chen
51,Léa
52,Olga
53,Oliver
54,Ava
55,Ivan
56,Nia
57,Carlos
58,Liam
59,Sophia
60,Noah
61,Sakura
62,Kwame
63,Sofia
64,Oliver
65,Sophia
66,Nia
67,Oliver
68,Olga
69,Kwame
70,Ahmed
71,Aria
72,Lucia
73,Fatima
74,Sakura
75,Aria
76,Kwame
77,Aria
78,Chloe
79,Sofia
80,Oliver
81,Sakura
82,Lorenzo
83,Wei
84,Lorenzo
85,Kwame
86,Wei
87,Priya
88,Priya
89,Lucia
90,Mateo
91,Priya
92,Sakura
93,Jean
94,Ava
95,Lorenzo
96,Yuki
97,Hiroshi
98,Liam
99,Aria
100,Priya
101,Ava
102,Hiroshi
103,Wei
104,Jean
105,Fatima
106,Sophia
107,Oliver
108,Nia
109,Chloe
110,Hiroshi
111,Sofia
112,Mohammed
113,Hiroshi
114,Emma
115,Sophia
116,Léa
117,Sakura
118,Mia
119,Carlos
120,Emma
121,Aria
122,Emma
123,Ava
124,Olga
125,Chen
126,Ananya
127,Ivan
128,Anastasia
129,Hiroshi
130,Ahmed
131,Hiroshi
132,Hiroshi
133,Chloe
134,Carlos
135,Nia
136,Lorenzo
137,Ahmed
138,Fatima
139,Kwame
140,Sakura
141,Chloe
142,Ahmed
143,Lorenzo
144,Nia
145,Léa
146,Priya
147,Chen
148,Ava
149,Nia
150,Giulia
151,Mohammed
152,Aria
153,Olga
154,Sophia
155,Sophia
156,Giulia
157,Emma
158,Oliver
159,Mia
160,Giulia
161,Chloe
162,Léa
163,Olga
164,Noah
165,Chen
166,Yuki
167,Hiroshi
168,Noah
169,Lucia
170,Liam
171,Ananya
172,Samuel
173,Priya
174,Aria
175,Samuel
176,Olga
177,Giulia
178,Anastasia
179,Mia
180,Emma
181,Olga
182,Liam
183,Fatima
184,Ivan
185,Samuel
186,Lorenzo
187,Léa
188,Oliver
189,Fatima
190,Yuki
191,Lucia
192,Lorenzo
193,Lucia
194,Sofia
195,Hiroshi
196,Sakura
197,Emma
198,Ananya
199,Nia
200,Wei
201,Liam
202,Sakura
203,Léa
204,Ananya
205,Noah
206,Sakura
207,Léa
208,Jean
209,Samuel
210,Giulia
211,Ava
212,Lucia
213,Ahmed
214,Léa
215,Ivan
216,Olga
217,Chloe
218,Ahmed
219,Carlos
220,Liam
221,Mohammed
222,Jean
223,Kwame
224,Yuki
225,Chloe
226,Sophia
227,Mohammed
228,Giulia
229,Mateo
230,Lorenzo
231,Ananya
232,Lucia
233,Sofia
234,Olga
235,Mateo
236,Mohammed
237,Ahmed
238,Wei
239,Samuel
240,Chloe
241,Noah
242,Kwame
243,Samuel
244,Sofia
245,Sofia
246,Mohammed
247,Olga
248,Nia
249,Fatima
250,Oliver
251,Sofia
252,Mateo
253,Lorenzo
254,Liam
255,Samuel
256,Chloe
257,Liam
258,Aria
259,Wei
260,Anastasia
261,Sophia
262,Ahmed
263,Léa
264,Priya
265,Ahmed
266,Jean
267,Fatima
268,Léa
269,Ananya
270,Lorenzo
271,Jean
272,Wei
273,Sakura
274,Priya
275,Carlos
276,Oliver
277,Carlos
278,Lucia
279,Olga
280,Sakura
281,Kwame
282,Mateo
283,Mateo
284,Emma
285,Yuki
286,Ava
287,Chen
288,Emma
289,Lucia
290,Mia
291,Anastasia
292,Kwame
293,Liam
294,Oliver
295,Ananya
296,Mateo
297,Jean
298,Noah
299,Mohammed
300,Lucia
301,Hiroshi
302,Ahmed
303,Hiroshi
304,Mateo
305,Kwame
306,Emma
307,Jean
308,Mia
309,Lucia
310,Mohammed
311,Liam
312,Yuki
313,Mohammed
314,Sofia
315,Mia
316,Olga
317,Hiroshi
318,Liam
319,Léa
320,Giulia
321,Kwame
322,Léa
323,Ananya
324,Lucia
325,Olga
326,Léa
327,Oliver
328,Mohammed
329,Hiroshi
330,Mateo
331,Jean
332,Mohammed
333,Lorenzo
334,Wei
335,Léa
336,Ivan
337,Ahmed
338,Samuel
339,Sofia
340,Mia
341,Mateo
342,Ivan
343,Léa
344,Priya
345,Carlos
346,Samuel
347,Sofia
348,Yuki
349,Ananya
350,Carlos
351,Mia
352,Chloe
353,Ananya
354,Nia
355,Aria
356,Léa
357,Lorenzo
358,Ivan
359,Mia
360,Hiroshi
361,Carlos
362,Sophia
363,Fatima
364,Emma
365,Jean
366,Mateo
367,Mia
368,Lucia
369,Olga
370,Sophia
371,Lorenzo
372,Ahmed
373,Jean
374,Wei
375,Samuel
376,Sophia
377,Léa
378,Mohammed
379,Kwame
380,Sofia
381,Aria
382,Aria
383,Ahmed
384,Mohammed
385,Léa
386,Ahmed
387,Carlos
388,Ananya
389,Oliver
390,Yuki
391,Chen
392,Kwame
393,Ananya
394,Ava
395,Chloe
396,Chen
397,Anastasia
398,Mia
399,Aria
400,Sophia
401,Chen
402,Mateo
403,Chen
404,Kwame
405,Mia
406,Yuki
407,Chloe
408,Priya
409,Ava
410,Ananya
411,Wei
412,Ahmed
413,Aria
414,Priya
415,Oliver
416,Ivan
417,Lorenzo
418,Giulia
419,Nia
420,Carlos
421,Kwame
422,Olga
423,Jean
424,Jean
425,Ivan
426,Mateo
427,Léa
428,Hiroshi
429,Sofia
430,Sofia
431,Sakura
432,Noah
433,Mateo
434,Aria
435,Mateo
436,Chloe
437,Sakura
438,Kwame
439,Jean
440,Ananya
441,Kwame
442,Lucia
443,Sakura
444,Emma
445,Chloe
446,Ivan
447,Chloe
448,Fatima
449,Chloe
450,Olga
451,Aria
452,Ava
453,Liam
454,Oliver
455,Samuel
456,Chloe
457,Noah
458,Sophia
459,Jean
460,Wei
461,Ivan
462,Samuel
463,Carlos
464,Aria
465,Lorenzo
466,Noah
467,Liam
468,Ahmed
469,Oliver
470,Samuel
471,Fatima
472,Aria
473,Olga
474,Chen
475,Oliver
476,Kwame
477,Mateo
478,Léa
479,Jean
480,Oliver
481,Sofia
482,Ahmed
483,Lucia
484,Sakura
485,Nia
486,Ahmed
487,Oliver
488,Samuel
489,Emma
490,Ivan
491,Ahmed
492,Olga
493,Léa
494,Anastasia
495,Nia
496,Noah
497,Jean
498,Priya
499,Sophia
500,Mohammed
501,Yuki
502,Oliver
503,Jean
504,Mia
505,Léa
506,Samuel
507,Mia
508,Anastasia
509,Mohammed
510,Lucia
511,Ivan
512,Emma
513,Mohammed
514,Ahmed
515,Oliver
516,Fatima
517,Lucia
518,Ivan
519,Nia
520,Anastasia
521,Priya
522,Fatima
523,Mateo
524,Sophia
525,Chen
526,Carlos
527,Giulia
528,Aria
529,Wei
530,Jean
531,Wei
532,Ahmed
533,Mateo
534,Hiroshi
535,Sofia
536,Sakura
537,Fatima
538,Ivan
539,Jean
540,Emma
541,Jean
542,Chloe
543,Carlos
544,Nia
545,Yuki
546,Jean
547,Oliver
548,Lucia
549,Wei
550,Chloe
551,Carlos
552,Jean
553,Hiroshi
554,Ivan
555,Mohammed
556,Jean
557,Giulia
558,Léa
559,Mia
560,Yuki
561,Chloe
562,Carlos
563,Emma
564,Sakura
565,Wei
566,Priya
567,Mia
568,Fatima
569,Ahmed
570,Ava
571,Fatima
572,Olga
573,Ananya
574,Liam
575,Chloe
576,Carlos
577,Olga
578,Nia
579,Mateo
580,Ivan
581,Chloe
582,Jean
583,Aria
584,Emma
585,Anastasia
586,Chen
587,Mia
588,Fatima
589,Liam
590,Mateo
591,Mia
592,Emma
593,Emma
594,Ananya
595,Priya
596,Sofia
597,Ivan
598,Priya
599,Liam
600,Priya
601,Wei
602,Samuel
603,Priya
604,Anastasia
605,Ava
606,Sofia
607,Hiroshi
608,Giulia
609,Mohammed
610,Sophia
611,Sofia
612,Emma
613,Samuel
614,Yuki
615,Ahmed
616,Yuki
617,Sophia
618,Chloe
619,Carlos
620,Noah
621,Olga
622,Sofia
623,Nia
624,Lorenzo
625,Ahmed
626,Ahmed
627,Mateo
628,Giulia
629,Léa
630,Sakura
631,Oliver
632,Giulia
633,Carlos
634,Kwame
635,Olga
636,Liam
637,Wei
638,Kwame
639,Ananya
640,Ananya
641,Chloe
642,Liam
643,Mohammed
644,Priya
645,Chloe
646,Fatima
647,Ava
648,Oliver
649,Emma
650,Priya
651,Mohammed
652,Priya
653,Nia
654,Chloe
655,Mia
656,Mia
657,Giulia
658,Yuki
659,Aria
660,Ahmed
661,Noah
662,Hiroshi
663,Samuel
664,Chloe
665,Hiroshi
666,Lucia
667,Lucia
668,Chen
669,Wei
670,Hiroshi
671,Kwame
672,Noah
673,Mateo
674,Giulia
675,Ahmed
676,Fatima
677,Mohammed
678,Lorenzo
679,Sophia
680,Sofia
681,Yuki
682,Nia
683,Sophia
684,Lucia
685,Ivan
686,Liam
687,Yuki
688,Olga
689,Carlos
690,Carlos
691,Giulia
692,Sofia
693,Oliver
694,Yuki
695,Ahmed
696,Sofia
697,Sophia
698,Samuel
699,Olga
700,Oliver
701,Chen
702,Giulia
703,Sakura
704,Sofia
705,Ahmed
706,Liam
707,Fatima
708,Hiroshi
709,Aria
710,Wei
711,Chen
712,Sofia
713,Liam
714,Sakura
715,Ahmed
716,Mohammed
717,Sophia
718,Sophia
719,Oliver
720,Wei
721,Anastasia
722,Emma
723,Anastasia
724,Oliver
725,Oliver
726,Ananya
727,Lucia
728,Lorenzo
729,Kwame
730,Aria
731,Ananya
732,Aria
733,Emma
734,Fatima
735,Chen
736,Wei
737,Liam
738,Anastasia
739,Kwame
740,Anastasia
741,Olga
742,Léa
743,Chen
744,Nia
745,Noah
746,Sofia
747,Hiroshi
748,Sakura
749,Sophia
750,Ivan
751,Lorenzo
752,Sofia
753,Chloe
754,Léa
755,Priya
756,Nia
757,Ananya
758,Ahmed
759,Léa
760,Ananya
761,Ahmed
762,Fatima
763,Sophia
764,Lorenzo
765,Anastasia
766,Ava
767,Sophia
768,Aria
769,Lucia
770,Lorenzo
771,Kwame
772,Ava
773,Ananya
774,Fatima
775,Olga
776,Liam
777,Aria
778,Carlos
779,Chloe
780,Emma
781,Priya
782,Aria
783,Yuki
784,Emma
785,Mia
786,Olga
787,Mia
788,Priya
789,Kwame
790,Sophia
791,Ahmed
792,Wei
793,Lorenzo
794,Sophia
795,Oliver
796,Sakura
797,Anastasia
798,Ananya
799,Ivan
800,Kwame
801,Anastasia
802,Ava
803,Samuel
804,Giulia
805,Mateo
806,Ahmed
807,Olga
808,Mateo
809,Samuel
810,Lucia
811,Lucia
812,Giulia
813,Liam
814,Emma
815,Sakura
816,Lucia
817,Jean
818,Ivan
819,Carlos
820,Chloe
821,Carlos
822,Léa
823,Sofia
824,Wei
825,Ananya
826,Mia
827,Giulia
828,Mia
829,Ava
830,Wei
831,Aria
832,Hiroshi
833,Oliver
834,Noah
835,Fatima
836,Mohammed
837,Emma
838,Yuki
839,Sakura
840,Ahmed
841,Mia
842,Priya
843,Samuel
844,Priya
845,Ivan
846,Priya
847,Mia
848,Mia
849,Carlos
850,Nia
851,Lucia
852,Priya
853,Chloe
854,Chen
855,Anastasia
856,Aria
857,Kwame
858,Sophia
859,Liam
860,Mohammed
861,Kwame
862,Samuel
863,Sofia
864,Chen
865,Liam
866,Lucia
867,Giulia
868,Giulia
869,Anastasia
870,Sofia
871,Sofia
872,Mia
873,Fatima
874,Giulia
875,Ivan
876,Aria
877,Jean
878,Olga
879,Anastasia
880,Léa
881,Sofia
882,Fatima
883,Ahmed
884,Noah
885,Léa
886,Ahmed
887,Sofia
888,Wei
889,Olga
890,Ivan
891,Jean
892,Ananya
893,Lorenzo
894,Nia
895,Yuki
896,Sakura
897,Mohammed
898,Wei
899,Carlos
900,Sophia
901,Sakura
902,Olga
903,Olga
904,Sakura
905,Sakura
906,Kwame
907,Noah
908,Carlos
909,Ava
910,Nia
911,Mia
912,Priya
913,Aria
914,Ahmed
915,Ava
916,Sophia
917,Giulia
918,Ahmed
919,Jean
920,Mia
921,Giulia
922,Olga
923,Carlos
924,Ahmed
925,Aria
926,Priya
927,Hiroshi
928,Carlos
929,Noah
930,Emma
931,Giulia
932,Kwame
933,Fatima
934,Sophia
935,Jean
936,Kwame
937,Chen
938,Mateo
939,Lorenzo
940,Sofia
941,Chloe
942,Noah
943,Priya
944,Nia
945,Kwame
946,Olga
947,Samuel
948,Chloe
949,Carlos
950,Wei
951,Giulia
952,Chloe
953,Kwame
954,Lorenzo
955,Yuki
956,Aria
957,Samuel
958,Oliver
959,Lucia
960,Chen
961,Ahmed
962,Hiroshi
963,Emma
964,Samuel
965,Noah
966,Ahmed
967,Lorenzo
968,Sophia
969,Kwame
970,Chloe
971,Nia
972,Liam
973,Nia
974,Mia
975,Carlos
976,Mohammed
977,Mia
978,Hiroshi
979,Sofia
980,Sakura
981,Priya
982,Chen
983,Samuel
984,Fatima
985,Wei
986,Fatima
987,Ananya
988,Aria
989,Aria
990,Noah
991,Mohammed
992,Ahmed
993,Mateo
994,Sophia
995,Ivan
996,Mateo
997,Sophia
998,Liam
999,Hiroshi
1000,Priya
1001,Sofia
1002,Anastasia
1003,Lorenzo
1004,Sofia
1005,Anastasia
1006,Sophia
1007,Carlos
1008,Ananya
1009,Nia
1010,Jean
1011,Mateo
1012,Oliver
1013,Olga
1014,Chen
1015,Lucia
1016,Liam
1017,Lucia
1018,Samuel
1019,Nia
1020,Léa
1021,Hiroshi
1022,Ava
1023,Ivan
1024,Carlos
1025,Jean
1026,Kwame
1027,Chen
1028,Chloe
1029,Mia
1030,Priya
1031,Lorenzo
1032,Yuki
1033,Mia
1034,Hiroshi
1035,Mateo
1036,Léa
1037,Yuki
1038,Giulia
1039,Anastasia
1040,Nia
1041,Ahmed
1042,Lucia
1043,Priya
1044,Emma
1045,Emma
1046,Wei
1047,Anastasia
1048,Noah
1049,Emma
1050,Kwame
1051,Wei
1052,Lucia
1053,Yuki
1054,Mateo
1055,Mateo
1056,Oliver
1057,Ananya
1058,Chloe
1059,Yuki
1060,Hiroshi
1061,Anastasia
1062,Sakura
1063,Kwame
1064,Mateo
1065,Nia
1066,Ahmed
1067,Ananya
1068,Mia
1069,Chloe
1070,Priya
1071,Chen
1072,Ivan
1073,Hiroshi
1074,Mohammed
1075,Liam
1076,Anastasia
1077,Anastasia
1078,Sofia
1079,Carlos
1080,Oliver
1081,Chloe
1082,Noah
1083,Mia
1084,Mia
1085,Sofia
1086,Ivan
1087,Emma
1088,Samuel
1089,Chen
1090,Kwame
1091,Sakura
1092,Olga
1093,Jean
1094,Mateo
1095,Yuki
1096,Fatima
1097,Ahmed
1098,Aria
1099,Ahmed
1100,Wei
1101,Ananya
1102,Chloe
1103,Giulia
1104,Mia
1105,Anastasia
1106,Sofia
1107,Sophia
1108,Lucia
1109,Noah
1110,Priya
1111,Anastasia
1112,Anastasia
1113,Sophia
1114,Ahmed
1115,Samuel
1116,Ahmed
1117,Mia
1118,Wei
1119,Lucia
1120,Ivan
1121,Lorenzo
1122,Ahmed
1123,Samuel
1124,Hiroshi
1125,Yuki
1126,Hiroshi
1127,Jean
1128,Oliver
1129,Sakura
1130,Wei
1131,Emma
1132,Mateo
1133,Ivan
1134,Nia
1135,Aria
1136,Chloe
1137,Hiroshi
1138,Nia
1139,Sakura
1140,Ava
1141,Liam
1142,Ava
1143,Ananya
1144,Anastasia
1145,Nia
1146,Lorenzo
1147,Priya
1148,Liam
1149,Lucia
1150,Priya
1151,Priya
1152,Wei
1153,Nia
1154,Lorenzo
1155,Ivan
1156,Sofia
1157,Mateo
1158,Yuki
1159,Yuki
1160,Yuki
1161,Sakura
1162,Ahmed
1163,Noah
1164,Chloe
1165,Sofia
1166,Fatima
1167,Ananya
1168,Samuel
1169,Yuki
1170,Chen
1171,Fatima
1172,Léa
1173,Samuel
1174,Carlos
1175,Noah
1176,Hiroshi
1177,Olga
1178,Léa
1179,Lorenzo
1180,Mohammed
1181,Emma
1182,Ananya
1183,Mohammed
1184,Mateo
1185,Ahmed
1186,Lorenzo
1187,Yuki
1188,Chloe
1189,Aria
1190,Sophia
1191,Léa
1192,Mia
1193,Priya
1194,Samuel
1195,Mohammed
1196,Anastasia
1197,Mia
1198,Lucia
1199,Carlos
1200,Carlos
1201,Lucia
1202,Sophia
1203,Mia
1204,Jean
1205,Chloe
1206,Priya
1207,Chen
1208,Giulia
1209,Ava
1210,Sophia
1211,Léa
1212,Chen
1213,Lucia
1214,Mohammed
1215,Oliver
1216,Léa
1217,Emma
1218,Hiroshi
1219,Giulia
1220,Ivan
1221,Kwame
1222,Aria
1223,Anastasia
1224,Oliver
1225,Ivan
1226,Lorenzo
1227,Ava
1228,Anastasia
1229,Samuel
1230,Ava
1231,Lorenzo
1232,Mohammed
1233,Wei
1234,Emma
1235,Emma
1236,Sofia
1237,Chen
1238,Léa
1239,Oliver
1240,Hiroshi
1241,Yuki
1242,Aria
1243,Lorenzo
1244,Anastasia
1245,Chloe
1246,Mohammed
1247,Priya
1248,Sophia
1249,Yuki
1250,Emma
1251,Ivan
1252,Chloe
1253,Samuel
1254,Chloe
1255,Wei
1256,Lucia
1257,Anastasia
1258,Mateo
1259,Liam
1260,Liam
1261,Ananya
1262,Léa
1263,Anastasia
1264,Aria
1265,Yuki
1266,Chloe
1267,Anastasia
1268,Carlos
1269,Oliver
1270,Mia
1271,Mia
1272,Oliver
1273,Nia
1274,Sakura
1275,Priya
1276,Sakura
1277,Sophia
1278,Sakura
1279,Olga
1280,Chloe
1281,Ivan
1282,Nia
1283,Sofia
1284,Wei
1285,Kwame
1286,Nia
1287,Mohammed
1288,Emma
1289,Anastasia
1290,Mia
1291,Chloe
1292,Lorenzo
1293,Sophia
1294,Yuki
1295,Emma
1296,Ananya
1297,Chloe
1298,Kwame
1299,Liam
1300,Noah
1301,Kwame
1302,Léa
1303,Carlos
1304,Mateo
1305,Priya
1306,Carlos
1307,Ivan
1308,Giulia
1309,Yuki
1310,Lucia
1311,Lucia
1312,Chloe
1313,Priya
1314,Emma
1315,Sakura
1316,Sophia
1317,Lorenzo
1318,Ahmed
1319,Yuki
1320,Nia
1321,Kwame
1322,Carlos
1323,Carlos
1324,Jean
1325,Sophia
1326,Mia
1327,Hiroshi
1328,Lorenzo
1329,Oliver
1330,Sakura
1331,Carlos
1332,Samuel
1333,Yuki
1334,Mia
1335,Sophia
1336,Léa
1337,Jean
1338,Noah
1339,Yuki
1340,Mia
1341,Lucia
1342,Chloe
1343,Ivan
1344,Wei
1345,Noah
1346,Nia
1347,Fatima
1348,Léa
1349,Ava
1350,Chloe
1351,Olga
1352,Ananya
1353,Chloe
1354,Chloe
1355,Nia
1356,Wei
1357,Noah
1358,Wei
1359,Mohammed
1360,Samuel
1361,Lorenzo
1362,Sofia
1363,Emma
1364,Oliver
1365,Wei
1366,Chen
1367,Liam
1368,Mia
1369,Priya
1370,Sofia
1371,Ivan
1372,Oliver
1373,Nia
1374,Mohammed
1375,Yuki
1376,Aria
1377,Chen
1378,Giulia
1379,Fatima
1380,Léa
1381,Olga
1382,Kwame
1383,Chloe
1384,Yuki
1385,Sakura
1386,Jean
1387,Lorenzo
1388,Aria
1389,Léa
1390,Yuki
1391,Léa
1392,Liam
1393,Anastasia
1394,Carlos
1395,Chen
1396,Giulia
1397,Jean
1398,Samuel
1399,Sophia
1400,Priya
1401,Sofia
1402,Ananya
1403,Noah
1404,Ananya
1405,Priya
1406,Sofia
1407,Nia
1408,Anastasia
1409,Olga
1410,Nia
1411,Léa
1412,Anastasia
1413,Fatima
1414,Nia
1415,Chloe
1416,Lucia
1417,Noah
1418,Wei
1419,Ivan
1420,Ahmed
1421,Lorenzo
1422,Sakura
1423,Jean
1424,Lucia
1425,Sakura
1426,Olga
1427,Liam
1428,Nia
1429,Jean
1430,Mohammed
1431,Liam
1432,Carlos
1433,Lorenzo
1434,Hiroshi
1435,Hiroshi
1436,Sakura
1437,Hiroshi
1438,Sofia
1439,Ava
1440,Sofia
1441,Aria
1442,Oliver
1443,Samuel
1444,Giulia
1445,Lucia
1446,Priya
1447,Samuel
1448,Oliver
1449,Oliver
1450,Anastasia
1451,Anastasia
1452,Samuel
1453,Carlos
1454,Ava
1455,Sakura
1456,Léa
1457,Chloe
1458,Ava
1459,Lucia
1460,Oliver
1461,Oliver
1462,Lorenzo
1463,Giulia
1464,Sofia
1465,Jean
1466,Sophia
1467,Olga
1468,Sakura
1469,Giulia
1470,Ava
1471,Lorenzo
1472,Ava
1473,Ivan
1474,Ivan
1475,Lucia
1476,Aria
1477,Giulia
1478,Lorenzo
1479,Mateo
1480,Sakura
1481,Hiroshi
1482,Olga
1483,Noah
1484,Lorenzo
1485,Samuel
1486,Mohammed
1487,Ava
1488,Ahmed
1489,Giulia
1490,Lucia
1491,Giulia
1492,Carlos
1493,Noah
1494,Mateo
1495,Wei
1496,Mohammed
1497,Sakura
1498,Samuel
1499,Priya
1500,Oliver
1501,Nia
1502,Sofia
1503,Ivan
1504,Chen
1505,Aria
1506,Emma
1507,Ahmed
1508,Mia
1509,Liam
1510,Giulia
1511,Chen
1512,Lucia
1513,Chloe
1514,Lorenzo
1515,Noah
1516,Giulia
1517,Sophia
1518,Liam
1519,Yuki
1520,Mateo
1521,Léa
1522,Chen
1523,Olga
1524,Kwame
1525,Giulia
1526,Emma
1527,Ivan
1528,Kwame
1529,Sofia
1530,Yuki
1531,Anastasia
1532,Ananya
1533,Liam
1534,Giulia
1535,Samuel
1536,Priya
1537,Mohammed
1538,Wei
1539,Lucia
1540,Kwame
1541,Kwame
1542,Jean
1543,Sofia
1544,Ananya
1545,Noah
1546,Yuki
1547,Mateo
1548,Nia
1549,Ahmed
1550,Samuel
1551,Sakura
1552,Nia
1553,Yuki
1554,Sophia
1555,Sakura
1556,Yuki
1557,Chen
1558,Léa
1559,Aria
1560,Emma
1561,Oliver
1562,Wei
1563,Carlos
1564,Sophia
1565,Ananya
1566,Priya
1567,Chen
1568,Anastasia
1569,Olga
1570,Chen
1571,Noah
1572,Anastasia
1573,Ivan
1574,Giulia
1575,Oliver
1576,Chen
1577,Emma
1578,Chloe
1579,Aria
1580,Mateo
1581,Kwame
1582,Mia
1583,Olga
1584,Hiroshi
1585,Yuki
1586,Ananya
1587,Chloe
1588,Ahmed
1589,Ivan
1590,Emma
1591,Ahmed
1592,Ivan
1593,Anastasia
1594,Lucia
1595,Nia
1596,Mia
1597,Lorenzo
1598,Samuel
1599,Emma
1600,Jean
1601,Mohammed
1602,Carlos
1603,Fatima
1604,Olga
1605,Wei
1606,Ava
1607,Hiroshi
1608,Mateo
1609,Olga
1610,Giulia
1611,Lucia
1612,Ahmed
1613,Chen
1614,Priya
1615,Olga
1616,Carlos
1617,Priya
1618,Noah
1619,Kwame
1620,Samuel
1621,Fatima
1622,Nia
1623,Kwame
1624,Ananya
1625,Mohammed
1626,Sofia
1627,Oliver
1628,Mia
1629,Fatima
1630,Wei
1631,Ahmed
1632,Chloe
1633,Priya
1634,Ahmed
1635,Olga
1636,Priya
1637,Sofia
1638,Samuel
1639,Chloe
1640,Sakura
1641,Emma
1642,Mia
1643,Liam
1644,Nia
1645,Ahmed
1646,Jean
1647,Sofia
1648,Fatima
1649,Ananya
1650,Olga
1651,Emma
1652,Mohammed
1653,Nia
1654,Ananya
1655,Olga
1656,Ananya
1657,Liam
1658,Samuel
1659,Kwame
1660,Sophia
1661,Noah
1662,Samuel
1663,Lorenzo
1664,Carlos
1665,Chen
1666,Aria
1667,Emma
1668,Sakura
1669,Sophia
1670,Oliver
1671,Jean
1672,Emma
1673,Liam
1674,Chloe
1675,Chen
1676,Olga
1677,Nia
1678,Anastasia
1679,Sofia
1680,Fatima
1681,Mateo
1682,Mia
1683,Liam
1684,Sakura
1685,Sakura
1686,Ananya
1687,Aria
1688,Aria
1689,Aria
1690,Lorenzo
1691,Mohammed
1692,Aria
1693,Carlos
1694,Anastasia
1695,Ava
1696,Mia
1697,Sophia
1698,Mateo
1699,Sophia
1700,Mia
1701,Mohammed
1702,Emma
1703,Olga
1704,Ava
1705,Hiroshi
1706,Sakura
1707,Liam
1708,Priya
1709,Ananya
1710,Jean
1711,Chloe
1712,Anastasia
1713,Ivan
1714,Olga
1715,Wei
1716,Mateo
1717,Mateo
1718,Olga
1719,Ananya
1720,Liam
1721,Liam
1722,Anastasia
1723,Priya
1724,Ahmed
1725,Ahmed
1726,Sophia
1727,Léa
1728,Noah
1729,Carlos
1730,Emma
1731,Jean
1732,Liam
1733,Noah
1734,Yuki
1735,Wei
1736,Nia
1737,Mia
1738,Emma
1739,Lucia
1740,Lucia
1741,Carlos
1742,Aria
1743,Chloe
1744,Yuki
1745,Ivan
1746,Emma
1747,Ahmed
1748,Mohammed
1749,Noah
1750,Noah
1751,Chen
1752,Chen
1753,Léa
1754,Jean
1755,Oliver
1756,Fatima
1757,Samuel
1758,Nia
1759,Priya
1760,Anastasia
1761,Oliver
1762,Ahmed
1763,Oliver
1764,Liam
1765,Ahmed
1766,Kwame
1767,Chloe
1768,Sakura
1769,Carlos
1770,Fatima
1771,Aria
1772,Sofia
1773,Giulia
1774,Noah
1775,Anastasia
1776,Ananya
1777,Yuki
1778,Ananya
1779,Aria
1780,Lorenzo
1781,Sakura
1782,Lorenzo
1783,Ananya
1784,Jean
1785,Anastasia
1786,Mia
1787,Lorenzo
1788,Sophia
1789,Noah
1790,Mia
1791,Léa
1792,Fatima
1793,Yuki
1794,Priya
1795,Ivan
1796,Lorenzo
1797,Mateo
1798,Priya
1799,Ivan
1800,Mateo
1801,Ananya
1802,Priya
1803,Ava
1804,Mohammed
1805,Samuel
1806,Noah
1807,Carlos
1808,Ananya
1809,Sophia
1810,Sakura
1811,Lorenzo
1812,Lucia
1813,Giulia
1814,Lucia
1815,Mohammed
1816,Jean
1817,Chen
1818,Hiroshi
1819,Noah
1820,Wei
1821,Mohammed
1822,Ivan
1823,Mateo
1824,Mateo
1825,Lucia
1826,Jean
1827,Sakura
1828,Carlos
1829,Olga
1830,Fatima
1831,Lucia
1832,Wei
1833,Wei
1834,Anastasia
1835,Mia
1836,Hiroshi
1837,Jean
1838,Léa
1839,Ivan
1840,Emma
1841,Sofia
1842,Chloe
1843,Ananya
1844,Mateo
1845,Mohammed
1846,Ava
1847,Noah
1848,Wei
1849,Emma
1850,Kwame
1851,Oliver
1852,Hiroshi
1853,Fatima
1854,Mohammed
1855,Oliver
1856,Emma
1857,Olga
1858,Olga
1859,Lucia
1860,Ananya
1861,Nia
1862,Ivan
1863,Nia
1864,Chloe
1865,Sophia
1866,Lucia
1867,Giulia
1868,Sakura
1869,Ananya
1870,Jean
1871,Fatima
1872,Noah
1873,Sofia
1874,Fatima
1875,Oliver
1876,Sophia
1877,Olga
1878,Wei
1879,Chen
1880,Léa
1881,Oliver
1882,Jean
1883,Hiroshi
1884,Chen
1885,Hiroshi
1886,Noah
1887,Wei
1888,Lucia
1889,Olga
1890,Chloe
1891,Léa
1892,Oliver
1893,Noah
1894,Oliver
1895,Jean
1896,Noah
1897,Priya
1898,Giulia
1899,Oliver
1900,Sakura
1901,Wei
1902,Fatima
1903,Liam
1904,Lucia
1905,Samuel
1906,Mohammed
1907,Chloe
1908,Giulia
1909,Chen
1910,Oliver
1911,Samuel
1912,Kwame
1913,Sakura
1914,Léa
1915,Sophia
1916,Mia
1917,Ananya
1918,Aria
1919,Hiroshi
1920,Nia
1921,Yuki
1922,Sakura
1923,Sofia
1924,Nia
1925,Ava
1926,Ahmed
1927,Ahmed
1928,Oliver
1929,Lucia
1930,Oliver
1931,Fatima
1932,Ahmed
1933,Mateo
1934,Ananya
1935,Liam
1936,Yuki
1937,Jean
1938,Ahmed
1939,Noah
1940,Priya
1941,Jean
1942,Emma
1943,Priya
1944,Hiroshi
1945,Ava
1946,Ananya
1947,Priya
1948,Kwame
1949,Giulia
1950,Oliver
1951,Nia
1952,Lucia
1953,Noah
1954,Kwame
1955,Yuki
1956,Mateo
1957,Lorenzo
1958,Mohammed
1959,Sofia
1960,Chloe
1961,Yuki
1962,Lucia
1963,Chen
1964,Nia
1965,Priya
1966,Yuki
1967,Ahmed
1968,Liam
1969,Giulia
1970,Léa
1971,Giulia
1972,Chloe
1973,Noah
1974,Lorenzo
1975,Wei
1976,Wei
1977,Nia
1978,Mohammed
1979,Hiroshi
1980,Liam
1981,Ava
1982,Sakura
1983,Olga
1984,Wei
1985,Giulia
1986,Chloe
1987,Mia
1988,Giulia
1989,Sophia
1990,Nia
1991,Mateo
1992,Ivan
1993,Olga
1994,Fatima
1995,Noah
1996,Mateo
1997,Samuel
1998,Mia
1999,Kwame
2000,Liam
2001,Hiroshi
2002,Ava
2003,Yuki
2004,Mia
2005,Ava
2006,Lorenzo
2007,Priya
2008,Samuel
2009,Ahmed
2010,Giulia
2011,Jean
2012,Ahmed
2013,Liam
2014,Oliver
2015,Mohammed
2016,Ananya
2017,Sofia
2018,Lucia
2019,Chloe
2020,Oliver
2021,Wei
2022,Ahmed
2023,Mohammed
2024,Chloe
2025,Lucia
2026,Lorenzo
2027,Noah
2028,Ava
2029,Samuel
2030,Fatima
2031,Wei
2032,Mohammed
2033,Léa
2034,Ananya
2035,Oliver
2036,Mohammed
2037,Fatima
2038,Liam
2039,Ava
2040,Carlos
2041,Kwame
2042,Aria
2043,Yuki
2044,Lucia
2045,Wei
2046,Oliver
2047,Olga
2048,Jean
2049,Chen
2050,Léa
2051,Jean
2052,Ava
2053,Mohammed
2054,Olga
2055,Carlos
2056,Sakura
2057,Lucia
2058,Yuki
2059,Carlos
2060,Noah
2061,Sakura
2062,Noah
2063,Lorenzo
2064,Priya
2065,Sophia
2066,Ivan
2067,Ivan
2068,Yuki
2069,Yuki
2070,Wei
2071,Liam
2072,Nia
2073,Sakura
2074,Yuki
2075,Chloe
2076,Liam
2077,Kwame
2078,Oliver
2079,Anastasia
2080,Kwame
2081,Liam
2082,Sophia
2083,Mohammed
2084,Anastasia
2085,Wei
2086,Jean
2087,Chloe
2088,Chen
2089,Wei
2090,Léa
2091,Fatima
2092,Anastasia
2093,Nia
2094,Ava
2095,Mia
2096,Ivan
2097,Mohammed
2098,Jean
2099,Lucia
2100,Ava
2101,Fatima
2102,Oliver
2103,Kwame
2104,Sofia
2105,Oliver
2106,Liam
2107,Ahmed
2108,Aria
2109,Wei
2110,Priya
2111,Priya
2112,Chloe
2113,Chen
2114,Oliver
2115,Hiroshi
2116,Jean
2117,Sofia
2118,Ahmed
2119,Priya
2120,Ivan
2121,Anastasia
2122,Kwame
2123,Giulia
2124,Chloe
2125,Noah
2126,Ananya
2127,Wei
2128,Léa
2129,Mia
2130,Chen
2131,Mia
2132,Sakura
2133,Chloe
2134,Ahmed
2135,Ahmed
2136,Chloe
2137,Priya
2138,Hiroshi
2139,Noah
2140,Noah
2141,Mohammed
2142,Chloe
2143,Lorenzo
2144,Carlos
2145,Lucia
2146,Chloe
2147,Emma
2148,Olga
2149,Mia
2150,Aria
2151,Mateo
2152,Oliver
2153,Jean
2154,Emma
2155,Nia
2156,Olga
2157,Nia
2158,Wei
2159,Lucia
2160,Giulia
2161,Sakura
2162,Lorenzo
2163,Chen
2164,Oliver
2165,Sofia
2166,Aria
2167,Olga
2168,Olga
2169,Noah
2170,Kwame
2171,Priya
2172,Lorenzo
2173,Sophia
2174,Mia
2175,Nia
2176,Olga
2177,Jean
2178,Giulia
2179,Oliver
2180,Lorenzo
2181,Liam
2182,Samuel
2183,Aria
2184,Anastasia
2185,Mateo
2186,Hiroshi
2187,Carlos
2188,Léa
2189,Yuki
2190,Liam
2191,Ivan
2192,Lucia
2193,Emma
2194,Ava
2195,Mateo
2196,Lorenzo
2197,Oliver
2198,Priya
2199,Mohammed
2200,Yuki
2201,Noah
2202,Lorenzo
2203,Wei
2204,Jean
2205,Ava
2206,Fatima
2207,Ivan
2208,Chloe
2209,Ahmed
2210,Emma
2211,Ananya
2212,Lucia
2213,Emma
2214,Jean
2215,Emma
2216,Wei
2217,Léa
2218,Chen
2219,Samuel
2220,Léa
2221,Mohammed
2222,Liam
2223,Olga
2224,Jean
2225,Fatima
2226,Carlos
2227,Mia
2228,Ahmed
2229,Yuki
2230,Ananya
2231,Giulia
2232,Ava
2233,Olga
2234,Olga
2235,Sophia
2236,Anastasia
2237,Oliver
2238,Yuki
2239,Aria
2240,Noah
2241,Hiroshi
2242,Chen
2243,Mohammed
2244,Oliver
2245,Ananya
2246,Oliver
2247,Lorenzo
2248,Sophia
2249,Yuki
2250,Carlos
2251,Wei
2252,Giulia
2253,Mateo
2254,Mia
2255,Mia
2256,Mohammed
2257,Kwame
2258,Mohammed
2259,Kwame
2260,Anastasia
2261,Liam
2262,Chloe
2263,Mohammed
2264,Ananya
2265,Aria
2266,Fatima
2267,Ava
2268,Kwame
2269,Emma
2270,Sakura
2271,Carlos
2272,Mateo
2273,Noah
2274,Sofia
2275,Kwame
2276,Léa
2277,Lucia
2278,Olga
2279,Lucia
2280,Olga
2281,Jean
2282,Giulia
2283,Oliver
2284,Ivan
2285,Mohammed
2286,Ahmed
2287,Anastasia
2288,Priya
2289,Ivan
2290,Sofia
2291,Yuki
2292,Fatima
2293,Priya
2294,Jean
2295,Kwame
2296,Samuel
2297,Lucia
2298,Léa
2299,Chen
2300,Anastasia
2301,Priya
2302,Jean
2303,Sophia
2304,Kwame
2305,Emma
2306,Aria
2307,Anastasia
2308,Hiroshi
2309,Nia
2310,Priya
2311,Nia
2312,Wei
2313,Carlos
2314,Samuel
2315,Ava
2316,Ahmed
2317,Oliver
2318,Léa
2319,Carlos
2320,Mia
2321,Hiroshi
2322,Mia
2323,Ivan
2324,Sophia
2325,Sophia
2326,Emma
2327,Chloe
2328,Yuki
2329,Jean
2330,Carlos
2331,Aria
2332,Léa
2333,Aria
2334,Ananya
2335,Chloe
2336,Anastasia
2337,Anastasia
2338,Chloe
2339,Aria
2340,Anastasia
2341,Sophia
2342,Sofia
2343,Hiroshi
2344,Sophia
2345,Nia
2346,Oliver
2347,Oliver
2348,Samuel
2349,Liam
2350,Anastasia
2351,Mia
2352,Chloe
2353,Ananya
2354,Noah
2355,Ananya
2356,Léa
2357,Samuel
2358,Jean
2359,Noah
2360,Jean
2361,Liam
2362,Sofia
2363,Fatima
2364,Liam
2365,Anastasia
2366,Hiroshi
2367,Sakura
2368,Yuki
2369,Nia
2370,Noah
2371,Hiroshi
2372,Oliver
2373,Jean
2374,Ava
2375,Oliver
2376,Oliver
2377,Ava
2378,Priya
2379,Ananya
2380,Wei
2381,Yuki
2382,Oliver
2383,Sofia
2384,Noah
2385,Hiroshi
2386,Nia
2387,Samuel
2388,Mateo
2389,Hiroshi
2390,Chloe
2391,Hiroshi
2392,Anastasia
2393,Chen
2394,Sofia
2395,Chen
2396,Anastasia
2397,Chen
2398,Samuel
2399,Chen
2400,Chen
2401,Léa
2402,Nia
2403,Olga
2404,Kwame
2405,Jean
2406,Fatima
2407,Yuki
2408,Aria
2409,Chloe
2410,Ananya
2411,Kwame
2412,Ava
2413,Wei
2414,Kwame
2415,Ahmed
2416,Ahmed
2417,Lucia
2418,Aria
2419,Priya
2420,Chen
2421,Mateo
2422,Chen
2423,Léa
2424,Sakura
2425,Mateo
2426,Sakura
2427,Noah
2428,Olga
2429,Kwame
2430,Liam
2431,Sakura
2432,Hiroshi
2433,Lucia
2434,Mia
2435,Giulia
2436,Emma
2437,Chloe
2438,Sakura
2439,Aria
2440,Ahmed
2441,Chloe
2442,Aria
2443,Ivan
2444,Oliver
2445,Ahmed
2446,Yuki
2447,Chloe
2448,Liam
2449,Ananya
2450,Ananya
2451,Mateo
2452,Léa
2453,Aria
2454,Chloe
2455,Samuel
2456,Giulia
2457,Jean
2458,Anastasia
2459,Ava
2460,Yuki
2461,Léa
2462,Ava
2463,Sophia
2464,Ahmed
2465,Chloe
2466,Kwame
2467,Fatima
2468,Chloe
2469,Mia
2470,Emma
2471,Mateo
2472,Léa
2473,Mateo
2474,Sakura
2475,Sofia
2476,Mia
2477,Lucia
2478,Fatima
2479,Mohammed
2480,Ava
2481,Sakura
2482,Chen
2483,Yuki
2484,Olga
2485,Priya
2486,Liam
2487,Carlos
2488,Ahmed
2489,Mateo
2490,Fatima
2491,Mohammed
2492,Lucia
2493,Noah
2494,Sakura
2495,Liam
2496,Liam
2497,Ananya
2498,Emma
2499,Lorenzo
2500,Wei
2501,Mohammed
2502,Wei
2503,Sofia
2504,Ava
2505,Mateo
2506,Sophia
2507,Yuki
2508,Emma
2509,Hiroshi
2510,Anastasia
2511,Jean
2512,Mohammed
2513,Liam
2514,Jean
2515,Chloe
2516,Hiroshi
2517,Liam
2518,Sofia
2519,Ahmed
2520,Nia
2521,Sophia
2522,Aria
2523,Carlos
2524,Chen
2525,Sakura
2526,Aria
2527,Léa
2528,Léa
2529,Samuel
2530,Nia
2531,Chen
2532,Ananya
2533,Jean
2534,Giulia
2535,Jean
2536,Jean
2537,Wei
2538,Aria
2539,Sakura
2540,Kwame
2541,Olga
2542,Mohammed
2543,Mia
2544,Ava
2545,Lorenzo
2546,Hiroshi
2547,Emma
2548,Olga
2549,Chen
2550,Ava
2551,Priya
2552,Carlos
2553,Ivan
2554,Priya
2555,Chloe
2556,Jean
2557,Aria
2558,Ananya
2559,Mia
2560,Léa
2561,Oliver
2562,Nia
2563,Chloe
2564,Aria
2565,Priya
2566,Nia
2567,Chloe
2568,Anastasia
2569,Fatima
2570,Carlos
2571,Lorenzo
2572,Oliver
2573,Sofia
2574,Noah
2575,Mohammed
2576,Kwame
2577,Ava
2578,Giulia
2579,Noah
2580,Sophia
2581,Kwame
2582,Mia
2583,Mohammed
2584,Léa
2585,Mateo
2586,Hiroshi
2587,Ava
2588,Sofia
2589,Lucia
2590,Kwame
2591,Nia
2592,Chloe
2593,Fatima
2594,Oliver
2595,Olga
2596,Aria
2597,Sofia
2598,Sofia
2599,Jean
2600,Anastasia
2601,Carlos
2602,Wei
2603,Oliver
2604,Oliver
2605,Mia
2606,Ava
2607,Ananya
2608,Giulia
2609,Anastasia
2610,Chloe
2611,Noah
2612,Yuki
2613,Giulia
2614,Giulia
2615,Yuki
2616,Priya
2617,Kwame
2618,Wei
2619,Emma
2620,Mateo
2621,Hiroshi
2622,Ava
2623,Ava
2624,Mateo
2625,Liam
2626,Chen
2627,Giulia
2628,Wei
2629,Kwame
2630,Chloe
2631,Mia
2632,Mohammed
2633,Ahmed
2634,Ahmed
2635,Nia
2636,Hiroshi
2637,Wei
2638,Nia
2639,Ivan
2640,Hiroshi
2641,Ahmed
2642,Olga
2643,Noah
2644,Sophia
2645,Chloe
2646,Ahmed
2647,Priya
2648,Ahmed
2649,Yuki
2650,Mohammed
2651,Sofia
2652,Noah
2653,Nia
2654,Wei
2655,Sakura
2656,Olga
2657,Sofia
2658,Mateo
2659,Sakura
2660,Fatima
2661,Mateo
2662,Olga
2663,Sakura
2664,Sophia
2665,Olga
2666,Liam
2667,Lorenzo
2668,Kwame
2669,Ava
2670,Mateo
2671,Wei
2672,Giulia
2673,Lucia
2674,Sakura
2675,Priya
2676,Sophia
2677,Emma
2678,Aria
2679,Sofia
2680,Anastasia
2681,Wei
2682,Aria
2683,Mateo
2684,Noah
2685,Wei
2686,Yuki
2687,Olga
2688,Chloe
2689,Samuel
2690,Ananya
2691,Sakura
2692,Priya
2693,Sophia
2694,Sakura
2695,Sakura
2696,Sofia
2697,Aria
2698,Mohammed
2699,Liam
2700,Sofia
2701,Mateo
2702,Kwame
2703,Anastasia
2704,Wei
2705,Chloe
2706,Priya
2707,Sophia
2708,Mateo
2709,Noah
2710,Mohammed
2711,Mateo
2712,Sophia
2713,Wei
2714,Yuki
2715,Hiroshi
2716,Samuel
2717,Priya
2718,Nia
2719,Carlos
2720,Wei
2721,Nia
2722,Fatima
2723,Chen
2724,Yuki
2725,Nia
2726,Mohammed
2727,Jean
2728,Noah
2729,Sophia
2730,Sophia
2731,Oliver
2732,Mia
2733,Lucia
2734,Mohammed
2735,Ahmed
2736,Samuel
2737,Ahmed
2738,Chen
2739,Sofia
2740,Sophia
2741,Lucia
2742,Nia
2743,Sofia
2744,Yuki
2745,Kwame
2746,Lucia
2747,Giulia
2748,Priya
2749,Nia
2750,Sophia
2751,Mateo
2752,Liam
2753,Aria
2754,Priya
2755,Aria
2756,Ivan
2757,Sophia
2758,Aria
2759,Giulia
2760,Chen
2761,Priya
2762,Sophia
2763,Chen
2764,Jean
2765,Oliver
2766,Anastasia
2767,Ava
2768,Wei
2769,Sakura
2770,Yuki
2771,Nia
2772,Noah
2773,Carlos
2774,Lucia
2775,Fatima
2776,Mia
2777,Priya
2778,Mateo
2779,Oliver
2780,Chloe
2781,Noah
2782,Chen
2783,Lorenzo
2784,Samuel
2785,Sofia
2786,Emma
2787,Chloe
2788,Mateo
2789,Chen
2790,Liam
2791,Hiroshi
2792,Sakura
2793,Ivan
2794,Yuki
2795,Noah
2796,Ava
2797,Sophia
2798,Fatima
2799,Ivan
2800,Noah
2801,Sophia
2802,Olga
2803,Samuel
2804,Emma
2805,Lucia
2806,Chloe
2807,Sophia
2808,Sofia
2809,Léa
2810,Fatima
2811,Yuki
2812,Sofia
2813,Samuel
2814,Wei
2815,Aria
2816,Nia
2817,Emma
2818,Lucia
2819,Oliver
2820,Sophia
2821,Samuel
2822,Liam
2823,Wei
2824,Sophia
2825,Giulia
2826,Lucia
2827,Hiroshi
2828,Kwame
2829,Samuel
2830,Sophia
2831,Liam
2832,Aria
2833,Kwame
2834,Liam
2835,Carlos
2836,Jean
2837,Léa
2838,Chloe
2839,Jean
2840,Wei
2841,Sophia
2842,Lorenzo
2843,Ivan
2844,Ava
2845,Ivan
2846,Sakura
2847,Anastasia
2848,Léa
2849,Kwame
2850,Kwame
2851,Kwame
2852,Chloe
2853,Fatima
2854,Mateo
2855,Yuki
2856,Olga
2857,Léa
2858,Lorenzo
2859,Lorenzo
2860,Emma
2861,Emma
2862,Ananya
2863,Mia
2864,Oliver
2865,Oliver
2866,Léa
2867,Hiroshi
2868,Ahmed
2869,Sophia
2870,Samuel
2871,Mohammed
2872,Chloe
2873,Sofia
2874,Emma
2875,Chloe
2876,Priya
2877,Sophia
2878,Emma
2879,Oliver
2880,Priya
2881,Kwame
2882,Fatima
2883,Samuel
2884,Mia
2885,Mia
2886,Aria
2887,Lucia
2888,Sofia
2889,Ananya
2890,Aria
2891,Nia
2892,Sophia
2893,Sakura
2894,Chloe
2895,Emma
2896,Lucia
2897,Emma
2898,Liam
2899,Léa
2900,Nia
2901,Jean
2902,Ava
2903,Lorenzo
2904,Yuki
2905,Jean
2906,Priya
2907,Sophia
2908,Ananya
2909,Nia
2910,Giulia
2911,Anastasia
2912,Fatima
2913,Léa
2914,Chen
2915,Priya
2916,Lucia
2917,Lucia
2918,Lucia
2919,Lucia
2920,Lorenzo
2921,Lorenzo
2922,Noah
2923,Emma
2924,Lorenzo
2925,Yuki
2926,Sofia
2927,Chloe
2928,Samuel
2929,Jean
2930,Sakura
2931,Wei
2932,Ivan
2933,Carlos
2934,Yuki
2935,Ahmed
2936,Priya
2937,Lucia
2938,Kwame
2939,Giulia
2940,Ivan
2941,Sophia
2942,Lucia
2943,Chen
2944,Chen
2945,Ava
2946,Ananya
2947,Mateo
2948,Anastasia
2949,Wei
2950,Aria
2951,Dave
2952,Lucia
2953,Anastasia
2954,Hiroshi
2955,Fatima
2956,Mohammed
2957,Chen
2958,Mateo
2959,Lorenzo
2960,Wei
2961,Hiroshi
2962,Lucia
2963,Giulia
2964,Fatima
2965,Emma
2966,Jean
2967,Sakura
2968,Giulia
2969,Ava
2970,Chen
2971,Noah
2972,Kwame
2973,Chen
2974,Oliver
2975,Fatima
2976,Olga
2977,Jean
2978,Mateo
2979,Fatima
2980,Noah
2981,Lucia
2982,Hiroshi
2983,Wei
2984,Olga
2985,Kwame
2986,Fatima
2987,Lucia
2988,Léa
2989,Kwame
2990,Ivan
2991,Yuki
2992,Nia
2993,Ava
2994,Ivan
2995,Olga
2996,Mateo
2997,Noah
2998,Ivan
2999,Ahmed
3000,Fatima
3001,Lucia
3002,Olga
3003,Jean
3004,Oliver
3005,Giulia
3006,Mateo
3007,Giulia
3008,Emma
3009,Noah
3010,Samuel
3011,Nia
3012,Samuel
3013,Fatima
3014,Ahmed
3015,Hiroshi
3016,Noah
3017,Yuki
3018,Oliver
3019,Lucia
3020,Sakura
3021,Mateo
3022,Sakura
3023,Oliver
3024,Wei
3025,Wei
3026,Mia
3027,Olga
3028,Noah
3029,Carlos
3030,Fatima
3031,Léa
3032,Léa
3033,Kwame
3034,Kwame
3035,Chloe
3036,Sakura
3037,Hiroshi
3038,Yuki
3039,Kwame
3040,Yuki
3041,Giulia
3042,Léa
3043,Carlos
3044,Ava
3045,Olga
3046,Priya
3047,Jean
3048,Liam
3049,Emma
3050,Chloe
3051,Yuki
3052,Liam
3053,Wei
3054,Noah
3055,Aria
3056,Chen
3057,Mohammed
3058,Kwame
3059,Ivan
3060,Sophia
3061,Priya
3062,Emma
3063,Sophia
3064,Mia
3065,Sofia
3066,Léa
3067,Aria
3068,Priya
3069,Ivan
3070,Ahmed
3071,Chloe
3072,Liam
3073,Mia
3074,Ava
3075,Jean
3076,Kwame
3077,Sofia
3078,Chen
3079,Noah
3080,Noah
3081,Liam
3082,Mia
3083,Yuki
3084,Chen
3085,Oliver
3086,Chen
3087,Emma
3088,Oliver
3089,Giulia
3090,Ahmed
3091,Oliver
3092,Carlos
3093,Ahmed
3094,Ivan
3095,Sakura
3096,Léa
3097,Ivan
3098,Ava
3099,Léa
3100,Chen
3101,Fatima
3102,Kwame
3103,Oliver
3104,Léa
3105,Aria
3106,Chen
3107,Anastasia
3108,Jean
3109,Oliver
3110,Wei
3111,Kwame
3112,Giulia
3113,Ahmed
3114,Wei
3115,Nia
3116,Sakura
3117,Sophia
3118,Sofia
3119,Emma
3120,Aria
3121,Yuki
3122,Olga
3123,Olga
3124,Yuki
3125,Carlos
3126,Ivan
3127,Samuel
3128,Wei
3129,Ava
3130,Ahmed
3131,Ananya
3132,Liam
3133,Sofia
3134,Aria
3135,Jean
3136,Jean
3137,Fatima
3138,Lorenzo
3139,Oliver
3140,Mateo
3141,Giulia
3142,Fatima
3143,Fatima
3144,Léa
3145,Aria
3146,Sophia
3147,Wei
3148,Emma
3149,Chen
3150,Kwame
3151,Noah
3152,Oliver
3153,Wei
3154,Lorenzo
3155,Olga
3156,Lorenzo
3157,Mia
3158,Sakura
3159,Sophia
3160,Ivan
3161,Olga
3162,Anastasia
3163,Anastasia
3164,Mohammed
3165,Anastasia
3166,Mateo
3167,Oliver
3168,Oliver
3169,Olga
3170,Ava
3171,Priya
3172,Ava
3173,Ahmed
3174,Lorenzo
3175,Giulia
3176,Mia
3177,Carlos
3178,Mia
3179,Nia
3180,Mia
3181,Carlos
3182,Anastasia
3183,Aria
3184,Liam
3185,Noah
3186,Yuki
3187,Mia
3188,Giulia
3189,Sakura
3190,Liam
3191,Sakura
3192,Nia
3193,Lucia
3194,Oliver
3195,Hiroshi
3196,Chloe
3197,Anastasia
3198,Sakura
3199,Léa
3200,Lorenzo
3201,Wei
3202,Oliver
3203,Liam
3204,Hiroshi
3205,Priya
3206,Yuki
3207,Giulia
3208,Chen
3209,Ava
3210,Aria
3211,Giulia
3212,Lorenzo
3213,Jean
3214,Hiroshi
3215,Mateo
3216,Mohammed
3217,Chen
3218,Aria
3219,Lucia
3220,Giulia
3221,Sofia
3222,Hiroshi
3223,Ahmed
3224,Oliver
3225,Mia
3226,Mia
3227,Wei
3228,Oliver
3229,Emma
3230,Carlos
3231,Kwame
3232,Oliver
3233,Lorenzo
3234,Priya
3235,Mateo
3236,Olga
3237,Léa
3238,Priya
3239,Sakura
3240,Lorenzo
3241,Nia
3242,Carlos
3243,Oliver
3244,Olga
3245,Ivan
3246,Sofia
3247,Kwame
3248,Hiroshi
3249,Lucia
3250,Jean
3251,Oliver
3252,Nia
3253,Kwame
3254,Mohammed
3255,Emma
3256,Fatima
3257,Ivan
3258,Ananya
3259,Léa
3260,Chen
3261,Nia
3262,Kwame
3263,Carlos
3264,Lorenzo
3265,Wei
3266,Chen
3267,Liam
3268,Olga
3269,Mohammed
3270,Wei
3271,Chloe
3272,Fatima
3273,Ivan
3274,Mohammed
3275,Olga
3276,Ivan
3277,Hiroshi
3278,Aria
3279,Sofia
3280,Ivan
3281,Ananya
3282,Jean
3283,Oliver
3284,Yuki
3285,Mohammed
3286,Liam
3287,Sakura
3288,Noah
3289,Noah
3290,Sakura
3291,Léa
3292,Mohammed
3293,Chloe
3294,Hiroshi
3295,Liam
3296,Priya
3297,Mohammed
3298,Hiroshi
3299,Noah
3300,Ava
3301,Samuel
3302,Emma
3303,Sophia
3304,Giulia
3305,Wei
3306,Giulia
3307,Oliver
3308,Wei
3309,Mia
3310,Fatima
3311,Lucia
3312,Wei
3313,Mia
3314,Chen
3315,Sakura
3316,Lorenzo
3317,Jean
3318,Yuki
3319,Chen
3320,Lorenzo
3321,Mohammed
3322,Lucia
3323,Sakura
3324,Ahmed
3325,Aria
3326,Sakura
3327,Giulia
3328,Ivan
3329,Mia
3330,Chen
3331,Sofia
3332,Chloe
3333,Emma
3334,Samuel
3335,Chen
3336,Aria
3337,Yuki
3338,Ivan
3339,Priya
3340,Hiroshi
3341,Emma
3342,Yuki
3343,Kwame
3344,Emma
3345,Giulia
3346,Anastasia
3347,Mia
3348,Ivan
3349,Mia
3350,Ananya
3351,Ahmed
3352,Kwame
3353,Nia
3354,Mateo
3355,Wei
3356,Aria
3357,Kwame
3358,Mohammed
3359,Liam
3360,Mateo
3361,Lorenzo
3362,Ivan
3363,Lucia
3364,Mia
3365,Emma
3366,Kwame
3367,Anastasia
3368,Giulia
3369,Yuki
3370,Mohammed
3371,Wei
3372,Ivan
3373,Sakura
3374,Ava
3375,Oliver
3376,Ava
3377,Sakura
3378,Priya
3379,Léa
3380,Sofia
3381,Priya
3382,Yuki
3383,Olga
3384,Ananya
3385,Lorenzo
3386,Samuel
3387,Ivan
3388,Samuel
3389,Liam
3390,Noah
3391,Léa
3392,Mia
3393,Fatima
3394,Oliver
3395,Mateo
3396,Nia
3397,Hiroshi
3398,Fatima
3399,Chen
3400,Olga
3401,Olga
3402,Oliver
3403,Chen
3404,Yuki
3405,Wei
3406,Léa
3407,Jean
3408,Chen
3409,Giulia
3410,Wei
3411,Oliver
3412,Chloe
3413,Ivan
3414,Chen
3415,Carlos
3416,Anastasia
3417,Kwame
3418,Fatima
3419,Anastasia
3420,Noah
3421,Nia
3422,Sophia
3423,Ananya
3424,Giulia
3425,Léa
3426,Kwame
3427,Sofia
3428,Carlos
3429,Chen
3430,Chen
3431,Liam
3432,Giulia
3433,Lucia
3434,Giulia
3435,Hiroshi
3436,Chloe
3437,Aria
3438,Jean
3439,Lorenzo
3440,Priya
3441,Mohammed
3442,Jean
3443,Anastasia
3444,Sofia
3445,Wei
3446,Wei
3447,Jean
3448,Mateo
3449,Mohammed
3450,Ivan
3451,Hiroshi
3452,Priya
3453,Jean
3454,Sofia
3455,Olga
3456,Priya
3457,Mohammed
3458,Anastasia
3459,Oliver
3460,Léa
3461,Olga
3462,Mohammed
3463,Jean
3464,Kwame
3465,Liam
3466,Sakura
3467,Nia
3468,Hiroshi
3469,Sofia
3470,Fatima
3471,Léa
3472,Ava
3473,Emma
3474,Ananya
3475,Jean
3476,Olga
3477,Emma
3478,Sophia
3479,Sakura
3480,Noah
3481,Wei
3482,Noah
3483,Lorenzo
3484,Hiroshi
3485,Yuki
3486,Wei
3487,Nia
3488,Samuel
3489,Olga
3490,Léa
3491,Wei
3492,Noah
3493,Wei
3494,Léa
3495,Chen
3496,Oliver
3497,Mateo
3498,Chen
3499,Priya
3500,Noah
3501,Giulia
3502,Samuel
3503,Ava
3504,Sofia
3505,Ivan
3506,Priya
3507,Fatima
3508,Ivan
3509,Anastasia
3510,Mateo
3511,Aria
3512,Carlos
3513,Giulia
3514,Nia
3515,Mateo
3516,Liam
3517,Anastasia
3518,Mia
3519,Samuel
3520,Olga
3521,Ahmed
3522,Sakura
3523,Oliver
3524,Chloe
3525,Anastasia
3526,Jean
3527,Mia
3528,Fatima
3529,Mateo
3530,Ahmed
3531,Lorenzo
3532,Fatima
3533,Hiroshi
3534,Sakura
3535,Ahmed
3536,Sakura
3537,Nia
3538,Oliver
3539,Nia
3540,Oliver
3541,Fatima
3542,Ivan
3543,Ava
3544,Chloe
3545,Jean
3546,Nia
3547,Mia
3548,Chloe
3549,Oliver
3550,Sakura
3551,Léa
3552,Liam
3553,Lucia
3554,Giulia
3555,Chen
3556,Oliver
3557,Chloe
3558,Ava
3559,Mia
3560,Chloe
3561,Yuki
3562,Oliver
3563,Liam
3564,Yuki
3565,Mohammed
3566,Kwame
3567,Fatima
3568,Oliver
3569,Samuel
3570,Jean
3571,Sofia
3572,Ahmed
3573,Lucia
3574,Emma
3575,Mateo
3576,Ava
3577,Fatima
3578,Ananya
3579,Yuki
3580,Hiroshi
3581,Emma
3582,Lucia
3583,Mateo
3584,Liam
3585,Priya
3586,Léa
3587,Ananya
3588,Nia
3589,Noah
3590,Mateo
3591,Chen
3592,Yuki
3593,Chen
3594,Yuki
3595,Chloe
3596,Ananya
3597,Chloe
3598,Jean
3599,Liam
3600,Mateo
3601,Hiroshi
3602,Chloe
3603,Emma
3604,Sophia
3605,Jean
3606,Mohammed
3607,Mateo
3608,Fatima
3609,Nia
3610,Mia
3611,Mateo
3612,Oliver
3613,Hiroshi
3614,Anastasia
3615,Mia
3616,Sofia
3617,Liam
3618,Ava
3619,Lorenzo
3620,Mateo
3621,Ahmed
3622,Sakura
3623,Aria
3624,Nia
3625,Mia
3626,Ivan
3627,Noah
3628,Giulia
3629,Anastasia
3630,Chloe
3631,Hiroshi
3632,Chloe
3633,Yuki
3634,Anastasia
3635,Chloe
3636,Noah
3637,Léa
3638,Yuki
3639,Ava
3640,Oliver
3641,Hiroshi
3642,Liam
3643,Mateo
3644,Samuel
3645,Sophia
3646,Aria
3647,Priya
3648,Samuel
3649,Sakura
3650,Sophia
3651,Ivan
3652,Mateo
3653,Hiroshi
3654,Aria
3655,Liam
3656,Carlos
3657,Lucia
3658,Sophia
3659,Mia
3660,Olga
3661,Ahmed
3662,Olga
3663,Giulia
3664,Lucia
3665,Fatima
3666,Anastasia
3667,Kwame
3668,Wei
3669,Carlos
3670,Mateo
3671,Lucia
3672,Emma
3673,Fatima
3674,Sakura
3675,Ananya
3676,Oliver
3677,Olga
3678,Lucia
3679,Samuel
3680,Emma
3681,Ivan
3682,Chen
3683,Mia
3684,Kwame
3685,Anastasia
3686,Anastasia
3687,Hiroshi
3688,Chloe
3689,Sofia
3690,Mateo
3691,Fatima
3692,Sakura
3693,Ava
3694,Aria
3695,Lorenzo
3696,Olga
3697,Fatima
3698,Priya
3699,Jean
3700,Emma
3701,Kwame
3702,Anastasia
3703,Lorenzo
3704,Lucia
3705,Samuel
3706,Fatima
3707,Noah
3708,Lucia
3709,Yuki
3710,Fatima
3711,Sakura
3712,Lorenzo
3713,Giulia
3714,Wei
3715,Ivan
3716,Chloe
3717,Mohammed
3718,Noah
3719,Aria
3720,Samuel
3721,Léa
3722,Ahmed
3723,Oliver
3724,Carlos
3725,Hiroshi
3726,Noah
3727,Chen
3728,Priya
3729,Mia
3730,Ava
3731,Ahmed
3732,Sophia
3733,Jean
3734,Sophia
3735,Anastasia
3736,Yuki
3737,Ahmed
3738,Ivan
3739,Samuel
3740,Ava
3741,Ananya
3742,Sofia
3743,Mia
3744,Wei
3745,Léa
3746,Sakura
3747,Ananya
3748,Hiroshi
3749,Oliver
3750,Noah
3751,Fatima
3752,Wei
3753,Mia
3754,Mateo
3755,Liam
3756,Carlos
3757,Ananya
3758,Wei
3759,Ivan
3760,Yuki
3761,Ahmed
3762,Sofia
3763,Giulia
3764,Anastasia
3765,Sofia
3766,Chloe
3767,Sofia
3768,Chen
3769,Ivan
3770,Mateo
3771,Hiroshi
3772,Nia
3773,Lucia
3774,Mohammed
3775,Mateo
3776,Giulia
3777,Hiroshi
3778,Noah
3779,Oliver
3780,Mia
3781,Fatima
3782,Yuki
3783,Hiroshi
3784,Giulia
3785,Oliver
3786,Nia
3787,Samuel
3788,Kwame
3789,Ivan
3790,Emma
3791,Sakura
3792,Anastasia
3793,Ava
3794,Jean
3795,Kwame
3796,Lucia
3797,Aria
3798,Yuki
3799,Lorenzo
3800,Olga
3801,Emma
3802,Samuel
3803,Liam
3804,Ahmed
3805,Lucia
3806,Ivan
3807,Ava
3808,Ava
3809,Aria
3810,Samuel
3811,Sofia
3812,Hiroshi
3813,Sophia
3814,Nia
3815,Anastasia
3816,Hiroshi
3817,Sofia
3818,Hiroshi
3819,Lucia
3820,Emma
3821,Fatima
3822,Olga
3823,Liam
3824,Mohammed
3825,Anastasia
3826,Sophia
3827,Ava
3828,Sophia
3829,Lorenzo
3830,Aria
3831,Carlos
3832,Priya
3833,Noah
3834,Aria
3835,Yuki
3836,Sofia
3837,Hiroshi
3838,Priya
3839,Emma
3840,Ananya
3841,Emma
3842,Wei
3843,Yuki
3844,Carlos
3845,Samuel
3846,Jean
3847,Oliver
3848,Priya
3849,Fatima
3850,Carlos
3851,Anastasia
3852,Sofia
3853,Olga
3854,Olga
3855,Chloe
3856,Nia
3857,Olga
3858,Fatima
3859,Léa
3860,Ivan
3861,Kwame
3862,Priya
3863,Liam
3864,Lucia
3865,Emma
3866,Kwame
3867,Anastasia
3868,Chloe
3869,Mohammed
3870,Yuki
3871,Sofia
3872,Noah
3873,Giulia
3874,Léa
3875,Lucia
3876,Yuki
3877,Fatima
3878,Sophia
3879,Priya
3880,Mateo
3881,Ava
3882,Hiroshi
3883,Giulia
3884,Priya
3885,Ananya
3886,Ahmed
3887,Anastasia
3888,Oliver
3889,Lorenzo
3890,Mia
3891,Chloe
3892,Sophia
3893,Samuel
3894,Sofia
3895,Chen
3896,Hiroshi
3897,Priya
3898,Kwame
3899,Giulia
3900,Aria
3901,Sophia
3902,Ava
3903,Olga
3904,Ahmed
3905,Jean
3906,Sophia
3907,Ava
3908,Ahmed
3909,Ivan
3910,Wei
3911,Sofia
3912,Chen
3913,Anastasia
3914,Carlos
3915,Priya
3916,Noah
3917,Sakura
3918,Lorenzo
3919,Mohammed
3920,Lorenzo
3921,Ananya
3922,Ava
3923,Kwame
3924,Yuki
3925,Samuel
3926,Liam
3927,Sofia
3928,Priya
3929,Mia
3930,Carlos
3931,Mia
3932,Wei
3933,Jean
3934,Carlos
3935,Mia
3936,Ananya
3937,Sakura
3938,Ivan
3939,Chen
3940,Anastasia
3941,Oliver
3942,Jean
3943,Aria
3944,Nia
3945,Samuel
3946,Samuel
3947,Liam
3948,Carlos
3949,Sofia
3950,Léa
3951,Anastasia
3952,Wei
3953,Ava
3954,Noah
3955,Ava
3956,Liam
3957,Ananya
3958,Kwame
3959,Hiroshi
3960,Lorenzo
3961,Aria
3962,Ivan
3963,Lorenzo
3964,Noah
3965,Olga
3966,Mohammed
3967,Jean
3968,Samuel
3969,Sakura
3970,Olga
3971,Aria
3972,Hiroshi
3973,Wei
3974,Giulia
3975,Sofia
3976,Olga
3977,Noah
3978,Noah
3979,Lucia
3980,Ivan
3981,Fatima
3982,Fatima
3983,Sofia
3984,Sofia
3985,Anastasia
3986,Sophia
3987,Oliver
3988,Lucia
3989,Mohammed
3990,Chen
3991,Wei
3992,Ahmed
3993,Noah
3994,Liam
3995,Oliver
3996,Chloe
3997,Kwame
3998,Sofia
3999,Mia
4000,Sofia
4001,Priya
4002,Jean
4003,Ava
4004,Yuki
4005,Mohammed
4006,Chloe
4007,Fatima
4008,Giulia
4009,Chloe
4010,Ava
4011,Mia
4012,Wei
4013,Ava
4014,Carlos
4015,Priya
4016,Chloe
4017,Mia
4018,Anastasia
4019,Nia
4020,Lucia
4021,Lucia
4022,Jean
4023,Lucia
4024,Jean
4025,Yuki
4026,Liam
4027,Sakura
4028,Sofia
4029,Sophia
4030,Ava
4031,Sofia
4032,Fatima
4033,Ava
4034,Emma
4035,Léa
4036,Sakura
4037,Mateo
4038,Kwame
4039,Anastasia
4040,Kwame
4041,Giulia
4042,Hiroshi
4043,Noah
4044,Samuel
4045,Nia
4046,Sophia
4047,Ivan
4048,Samuel
4049,Ahmed
4050,Sakura
4051,Ava
4052,Jean
4053,Fatima
4054,Léa
4055,Kwame
4056,Priya
4057,Aria
4058,Giulia
4059,Chen
4060,Lorenzo
4061,Hiroshi
4062,Aria
4063,Ananya
4064,Nia
4065,Mohammed
4066,Anastasia
4067,Wei
4068,Oliver
4069,Kwame
4070,Sofia
4071,Sakura
4072,Ava
4073,Olga
4074,Samuel
4075,Oliver
4076,Chloe
4077,Sophia
4078,Yuki
4079,Olga
4080,Ava
4081,Chloe
4082,Liam
4083,Wei
4084,Sofia
4085,Aria
4086,Chloe
4087,Sofia
4088,Jean
4089,Oliver
4090,Sofia
4091,Sakura
4092,Ahmed
4093,Nia
4094,Oliver
4095,Kwame
4096,Lucia
4097,Noah
4098,Samuel
4099,Sakura
4100,Yuki
4101,Sakura
4102,Wei
4103,Mateo
4104,Mateo
4105,Wei
4106,Giulia
4107,Sakura
4108,Mateo
4109,Sophia
4110,Emma
4111,Noah
4112,Ivan
4113,Yuki
4114,Wei
4115,Wei
4116,Mateo
4117,Priya
4118,Chen
4119,Noah
4120,Lorenzo
4121,Sofia
4122,Mohammed
4123,Sophia
4124,Carlos
4125,Nia
4126,Emma
4127,Sofia
4128,Oliver
4129,Giulia
4130,Mia
4131,Kwame
4132,Mia
4133,Fatima
4134,Mateo
4135,Sophia
4136,Oliver
4137,Noah
4138,Emma
4139,Olga
4140,Priya
4141,Olga
4142,Fatima
4143,Chen
4144,Giulia
4145,Anastasia
4146,Mohammed
4147,Aria
4148,Mia
4149,Ananya
4150,Carlos
4151,Fatima
4152,Ava
4153,Aria
4154,Chen
4155,Priya
4156,Chloe
4157,Liam
4158,Samuel
4159,Oliver
4160,Sakura
4161,Anastasia
4162,Jean
4163,Fatima
4164,Ava
4165,Yuki
4166,Liam
4167,Sofia
4168,Carlos
4169,Oliver
4170,Ahmed
4171,Ananya
4172,Lorenzo
4173,Anastasia
4174,Léa
4175,Mohammed
4176,Giulia
4177,Liam
4178,Giulia
4179,Lorenzo
4180,Lorenzo
4181,Yuki
4182,Chloe
4183,Liam
4184,Jean
4185,Hiroshi
4186,Mateo
4187,Kwame
4188,Nia
4189,Liam
4190,Noah
4191,Nia
4192,Carlos
4193,Yuki
4194,Chloe
4195,Priya
4196,Mia
4197,Ava
4198,Ava
4199,Emma
4200,Aria
4201,Aria
4202,Liam
4203,Sakura
4204,Kwame
4205,Liam
4206,Olga
4207,Carlos
4208,Sophia
4209,Liam
4210,Mohammed
4211,Mia
4212,Yuki
4213,Chloe
4214,Sofia
4215,Mia
4216,Fatima
4217,Nia
4218,Sophia
4219,Aria
4220,Léa
4221,Jean
4222,Nia
4223,Samuel
4224,Chloe
4225,Priya
4226,Ivan
4227,Sofia
4228,Wei
4229,Ava
4230,Wei
4231,Ananya
4232,Sophia
4233,Giulia
4234,Jean
4235,Mia
4236,Samuel
4237,Sakura
4238,Mateo
4239,Jean
4240,Ananya
4241,Oliver
4242,Oliver
4243,Ananya
4244,Carlos
4245,Giulia
4246,Oliver
4247,Chloe
4248,Oliver
4249,Sofia
4250,Lorenzo
4251,Priya
4252,Lucia
4253,Ahmed
4254,Wei
4255,Noah
4256,Mia
4257,Anastasia
4258,Anastasia
4259,Priya
4260,Nia
4261,Mohammed
4262,Giulia
4263,Nia
4264,Ivan
4265,Ahmed
4266,Jean
4267,Oliver
4268,Carlos
4269,Chloe
4270,Mohammed
4271,Carlos
4272,Ahmed
4273,Lucia
4274,Lucia
4275,Hiroshi
4276,Oliver
4277,Fatima
4278,Hiroshi
4279,Lucia
4280,Aria
4281,Noah
4282,Noah
4283,Emma
4284,Mateo
4285,Carlos
4286,Emma
4287,Carlos
4288,Mia
4289,Emma
4290,Jean
4291,Liam
4292,Mia
4293,Oliver
4294,Kwame
4295,Oliver
4296,Samuel
4297,Sophia
4298,Wei
4299,Sophia
4300,Mateo
4301,Ava
4302,Léa
4303,Wei
4304,Mateo
4305,Chloe
4306,Yuki
4307,Lorenzo
4308,Anastasia
4309,Ananya
4310,Lucia
4311,Yuki
4312,Hiroshi
4313,Aria
4314,Emma
4315,Sofia
4316,Chen
4317,Aria
4318,Emma
4319,Wei
4320,Hiroshi
4321,Samuel
4322,Carlos
4323,Fatima
4324,Chen
4325,Oliver
4326,Kwame
4327,Emma
4328,Sakura
4329,Chloe
4330,Oliver
4331,Wei
4332,Mia
4333,Sakura
4334,Ivan
4335,Nia
4336,Wei
4337,Wei
4338,Kwame
4339,Sophia
4340,Sakura
4341,Lorenzo
4342,Sofia
4343,Liam
4344,Olga
4345,Emma
4346,Samuel
4347,Liam
4348,Emma
4349,Ahmed
4350,Noah
4351,Jean
4352,Mia
4353,Priya
4354,Ava
4355,Léa
4356,Ivan
4357,Sakura
4358,Chen
4359,Jean
4360,Samuel
4361,Léa
4362,Lorenzo
4363,Oliver
4364,Yuki
4365,Carlos
4366,Ivan
4367,Sakura
4368,Jean
4369,Chen
4370,Carlos
4371,Mohammed
4372,Lucia
4373,Chloe
4374,Hiroshi
4375,Lorenzo
4376,Yuki
4377,Mohammed
4378,Mia
4379,Emma
4380,Ahmed
4381,Olga
4382,Oliver
4383,Sofia
4384,Ahmed
4385,Oliver
4386,Mia
4387,Léa
4388,Oliver
4389,Mia
4390,Ahmed
4391,Aria
4392,Ananya
4393,Hiroshi
4394,Chloe
4395,Mohammed
4396,Jean
4397,Mohammed
4398,Fatima
4399,Nia
4400,Jean
4401,Liam
4402,Anastasia
4403,Ahmed
4404,Wei
4405,Mateo
4406,Priya
4407,Sakura
4408,Hiroshi
4409,Sofia
4410,Hiroshi
4411,Sakura
4412,Lucia
4413,Carlos
4414,Ivan
4415,Ahmed
4416,Aria
4417,Sophia
4418,Aria
4419,Giulia
4420,Hiroshi
4421,Ahmed
4422,Sakura
4423,Liam
4424,Anastasia
4425,Anastasia
4426,Sofia
4427,Nia
4428,Aria
4429,Sakura
4430,Emma
4431,Hiroshi
4432,Kwame
4433,Sakura
4434,Giulia
4435,Sakura
4436,Ava
4437,Carlos
4438,Chloe
4439,Ava
4440,Chloe
4441,Ahmed
4442,Léa
4443,Emma
4444,Carlos
4445,Mia
4446,Emma
4447,Emma
4448,Lucia
4449,Oliver
4450,Sophia
4451,Priya
4452,Chen
4453,Olga
4454,Sophia
4455,Wei
4456,Nia
4457,Oliver
4458,Sofia
4459,Mohammed
4460,Mohammed
4461,Sofia
4462,Kwame
4463,Kwame
4464,Ahmed
4465,Aria
4466,Lucia
4467,Emma
4468,Fatima
4469,Ava
4470,Emma
4471,Ahmed
4472,Mohammed
4473,Ava
4474,Sofia
4475,Yuki
4476,Lucia
4477,Noah
4478,Priya
4479,Ivan
4480,Nia
4481,Kwame
4482,Nia
4483,Noah
4484,Nia
4485,Kwame
4486,Ananya
4487,Olga
4488,Giulia
4489,Léa
4490,Emma
4491,Ava
4492,Nia
4493,Chen
4494,Lucia
4495,Mohammed
4496,Nia
4497,Sofia
4498,Mia
4499,Giulia
4500,Sakura
4501,Priya
4502,Carlos
4503,Sakura
4504,Wei
4505,Fatima
4506,Sophia
4507,Emma
4508,Carlos
4509,Yuki
4510,Nia
4511,Samuel
4512,Léa
4513,Wei
4514,Sofia
4515,Emma
4516,Chen
4517,Aria
4518,Chen
4519,Oliver
4520,Priya
4521,Samuel
4522,Lucia
4523,Mateo
4524,Ahmed
4525,Liam
4526,Yuki
4527,Lucia
4528,Wei
4529,Fatima
4530,Nia
4531,Aria
4532,Ava
4533,Kwame
4534,Kwame
4535,Ivan
4536,Sophia
4537,Wei
4538,Samuel
4539,Sophia
4540,Ava
4541,Anastasia
4542,Wei
4543,Ava
4544,Liam
4545,Nia
4546,Nia
4547,Emma
4548,Ivan
4549,Lorenzo
4550,Sophia
4551,Oliver
4552,Lorenzo
4553,Yuki
4554,Carlos
4555,Fatima
4556,Yuki
4557,Liam
4558,Olga
4559,Samuel
4560,Aria
4561,Ivan
4562,Giulia
4563,Mateo
4564,Mateo
4565,Liam
4566,Kwame
4567,Aria
4568,Anastasia
4569,Hiroshi
4570,Mia
4571,Mateo
4572,Lorenzo
4573,Emma
4574,Samuel
4575,Ahmed
4576,Sophia
4577,Chen
4578,Samuel
4579,Léa
4580,Lorenzo
4581,Sakura
4582,Samuel
4583,Priya
4584,Hiroshi
4585,Oliver
4586,Nia
4587,Lorenzo
4588,Sakura
4589,Léa
4590,Lorenzo
4591,Yuki
4592,Lorenzo
4593,Nia
4594,Lorenzo
4595,Ananya
4596,Liam
4597,Anastasia
4598,Olga
4599,Sophia
4600,Chen
4601,Carlos
4602,Anastasia
4603,Sofia
4604,Ananya
4605,Lucia
4606,Hiroshi
4607,Ahmed
4608,Olga
4609,Olga
4610,Yuki
4611,Carlos
4612,Yuki
4613,Jean
4614,Samuel
4615,Sophia
4616,Ananya
4617,Ananya
4618,Samuel
4619,Mohammed
4620,Léa
4621,Noah
4622,Mateo
4623,Sophia
4624,Lucia
4625,Mohammed
4626,Giulia
4627,Fatima
4628,Nia
4629,Ava
4630,Aria
4631,Nia
4632,Mohammed
4633,Giulia
4634,Chloe
4635,Fatima
4636,Hiroshi
4637,Jean
4638,Ava
4639,Emma
4640,Aria
4641,Wei
4642,Yuki
4643,Fatima
4644,Emma
4645,Lucia
4646,Chen
4647,Sofia
4648,Chloe
4649,Lorenzo
4650,Chen
4651,Samuel
4652,Anastasia
4653,Jean
4654,Noah
4655,Ava
4656,Giulia
4657,Sakura
4658,Lucia
4659,Lucia
4660,Kwame
4661,Samuel
4662,Emma
4663,Lorenzo
4664,Nia
4665,Mia
4666,Anastasia
4667,Noah
4668,Oliver
4669,Emma
4670,Emma
4671,Yuki
4672,Lorenzo
4673,Ivan
4674,Kwame
4675,Ahmed
4676,Olga
4677,Mohammed
4678,Yuki
4679,Ananya
4680,Kwame
4681,Giulia
4682,Lorenzo
4683,Mateo
4684,Liam
4685,Oliver
4686,Mia
4687,Sakura
4688,Oliver
4689,Ananya
4690,Yuki
4691,Chloe
4692,Nia
4693,Nia
4694,Mia
4695,Priya
4696,Yuki
4697,Aria
4698,Yuki
4699,Lucia
4700,Ava
4701,Chen
4702,Yuki
4703,Ananya
4704,Kwame
4705,Wei
4706,Ivan
4707,Yuki
4708,Lorenzo
4709,Wei
4710,Lucia
4711,Sophia
4712,Sakura
4713,Lucia
4714,Samuel
4715,Nia
4716,Chen
4717,Jean
4718,Noah
4719,Oliver
4720,Ava
4721,Samuel
4722,Giulia
4723,Noah
4724,Mateo
4725,Ivan
4726,Ananya
4727,Chloe
4728,Wei
4729,Lucia
4730,Anastasia
4731,Olga
4732,Olga
4733,Anastasia
4734,Mia
4735,Chloe
4736,Léa
4737,Ananya
4738,Emma
4739,Priya
4740,Oliver
4741,Aria
4742,Nia
4743,Nia
4744,Fatima
4745,Ananya
4746,Hiroshi
4747,Sophia
4748,Sophia
4749,Sakura
4750,Fatima
4751,Sakura
4752,Nia
4753,Giulia
4754,Jean
4755,Chen
4756,Ivan
4757,Noah
4758,Anastasia
4759,Yuki
4760,Yuki
4761,Yuki
4762,Giulia
4763,Mohammed
4764,Jean
4765,Carlos
4766,Liam
4767,Chen
4768,Kwame
4769,Oliver
4770,Liam
4771,Mohammed
4772,Chloe
4773,Mateo
4774,Mohammed
4775,Emma
4776,Noah
4777,Yuki
4778,Chloe
4779,Hiroshi
4780,Anastasia
4781,Mohammed
4782,Lucia
4783,Chen
4784,Mohammed
4785,Hiroshi
4786,Kwame
4787,Chen
4788,Sofia
4789,Chloe
4790,Anastasia
4791,Mohammed
4792,Sofia
4793,Aria
4794,Lorenzo
4795,Olga
4796,Priya
4797,Olga
4798,Sakura
4799,Fatima
4800,Sakura
4801,Sofia
4802,Noah
4803,Sophia
4804,Oliver
4805,Noah
4806,Chloe
4807,Samuel
4808,Jean
4809,Aria
4810,Sofia
4811,Olga
4812,Mohammed
4813,Mohammed
4814,Anastasia
4815,Priya
4816,Mia
4817,Léa
4818,Liam
4819,Yuki
4820,Emma
4821,Jean
4822,Anastasia
4823,Mohammed
4824,Kwame
4825,Noah
4826,Priya
4827,Chloe
4828,Giulia
4829,Chloe
4830,Mateo
4831,Aria
4832,Emma
4833,Sofia
4834,Noah
4835,Lorenzo
4836,Aria
4837,Wei
4838,Fatima
4839,Samuel
4840,Ava
4841,Mateo
4842,Liam
4843,Nia
4844,Sakura
4845,Carlos
4846,Aria
4847,Lucia
4848,Ivan
4849,Giulia
4850,Carlos
4851,Yuki
4852,Hiroshi
4853,Oliver
4854,Anastasia
4855,Lucia
4856,Liam
4857,Ava
4858,Lorenzo
4859,Lucia
4860,Lorenzo
4861,Emma
4862,Olga
4863,Carlos
4864,Liam
4865,Liam
4866,Ananya
4867,Giulia
4868,Noah
4869,Chloe
4870,Mia
4871,Sophia
4872,Samuel
4873,Sakura
4874,Emma
4875,Olga
4876,Carlos
4877,Hiroshi
4878,Oliver
4879,Giulia
4880,Chen
4881,Mohammed
4882,Olga
4883,Chen
4884,Liam
4885,Carlos
4886,Samuel
4887,Ananya
4888,Lorenzo
4889,Liam
4890,Giulia
4891,Chen
4892,Kwame
4893,Ava
4894,Yuki
4895,Samuel
4896,Sakura
4897,Chloe
4898,Yuki
4899,Olga
4900,Priya
4901,Aria
4902,Chen
4903,Oliver
4904,Sakura
4905,Mohammed
4906,Ivan
4907,Lorenzo
4908,Liam
4909,Kwame
4910,Yuki
4911,Olga
4912,Sakura
4913,Mia
4914,Chen
4915,Olga
4916,Chen
4917,Jean
4918,Carlos
4919,Sophia
4920,Lorenzo
4921,Ahmed
4922,Sakura
4923,Ivan
4924,Carlos
4925,Sophia
4926,Liam
4927,Wei
4928,Samuel
4929,Fatima
4930,Ananya
4931,Mohammed
4932,Nia
4933,Sophia
4934,Lorenzo
4935,Ava
4936,Olga
4937,Ivan
4938,Ananya
4939,Sofia
4940,Ananya
4941,Hiroshi
4942,Kwame
4943,Sophia
4944,Emma
4945,Wei
4946,Jean
4947,Lucia
4948,Liam
4949,Olga
4950,Giulia
4951,Yuki
4952,Noah
4953,Oliver
4954,Carlos
4955,Jean
4956,Ava
4957,Hiroshi
4958,Liam
4959,Ahmed
4960,Ananya
4961,Mohammed
4962,Hiroshi
4963,Mia
4964,Lucia
4965,Samuel
4966,Wei
4967,Olga
4968,Anastasia
4969,Lucia
4970,Chloe
4971,Yuki
4972,Noah
4973,Noah
4974,Ava
4975,Lorenzo
4976,Emma
4977,Mohammed
4978,Aria
4979,Sofia
4980,Hiroshi
4981,Samuel
4982,Mia
4983,Giulia
4984,Priya
4985,Sofia
4986,Anastasia
4987,Olga
4988,Ava
4989,Chen
4990,Sakura
4991,Yuki
4992,Mohammed
4993,Ava
4994,Ahmed
4995,Ivan
4996,Mohammed
4997,Sakura
4998,Ahmed
4999,Nia
5000,Aria
5001,Noah
5002,Lucia
5003,Jean
5004,Priya
5005,Yuki
5006,Liam
5007,Giulia
5008,Sakura
5009,Chen
5010,Yuki
5011,Sakura
5012,Chloe
5013,Mia
5014,Mia
5015,Ahmed
5016,Emma
5017,Lucia
5018,Wei
5019,Yuki
5020,Giulia
5021,Chloe
5022,Kwame
5023,Lucia
5024,Wei
5025,Oliver
5026,Oliver
5027,Sakura
5028,Ivan
5029,Carlos
5030,Sakura
5031,Mateo
5032,Sofia
5033,Mohammed
5034,Yuki
5035,Mohammed
5036,Chen
5037,Ivan
5038,Nia
5039,Ananya
5040,Jean
5041,Carlos
5042,Lucia
5043,Ahmed
5044,Aria
5045,Fatima
5046,Oliver
5047,Kwame
5048,Ananya
5049,Fatima
5050,Oliver
5051,Ava
5052,Lorenzo
5053,Nia
5054,Mohammed
5055,Samuel
5056,Léa
5057,Ananya
5058,Emma
5059,Ava
5060,Chloe
5061,Sophia
5062,Liam
5063,Sakura
5064,Mateo
5065,Ahmed
5066,Jean
5067,Samuel
5068,Wei
5069,Fatima
5070,Ahmed
5071,Wei
5072,Carlos
5073,Chloe
5074,Liam
5075,Mia
5076,Mohammed
5077,Lucia
5078,Chen
5079,Mia
5080,Ava
5081,Lucia
5082,Sakura
5083,Lucia
5084,Ananya
5085,Samuel
5086,Liam
5087,Liam
5088,Sophia
5089,Noah
5090,Olga
5091,Mohammed
5092,Kwame
5093,Léa
5094,Ava
5095,Kwame
5096,Carlos
5097,Nia
5098,Sofia
5099,Carlos
5100,Sakura
5101,Hiroshi
5102,Hiroshi
5103,Kwame
5104,Kwame
5105,Mateo
5106,Mia
5107,Samuel
5108,Noah
5109,Chloe
5110,Emma
5111,Sophia
5112,Kwame
5113,Lorenzo
5114,Chen
5115,Wei
5116,Lorenzo
5117,Giulia
5118,Ivan
5119,Nia
5120,Ahmed
5121,Emma
5122,Aria
5123,Carlos
5124,Léa
5125,Olga
5126,Nia
5127,Chloe
5128,Jean
5129,Fatima
5130,Lucia
5131,Olga
5132,Kwame
5133,Emma
5134,Samuel
5135,Liam
5136,Lorenzo
5137,Liam
5138,Anastasia
5139,Ava
5140,Wei
5141,Priya
5142,Giulia
5143,Lorenzo
5144,Léa
5145,Mia
5146,Anastasia
5147,Liam
5148,Ananya
5149,Nia
5150,Aria
5151,Ava
5152,Giulia
5153,Aria
5154,Ahmed
5155,Ahmed
5156,Chloe
5157,Ava
5158,Lorenzo
5159,Sophia
5160,Ananya
5161,Ananya
5162,Nia
5163,Léa
5164,Sophia
5165,Nia
5166,Chen
5167,Emma
5168,Lorenzo
5169,Lorenzo
5170,Mohammed
5171,Sofia
5172,Mateo
5173,Mateo
5174,Wei
5175,Ananya
5176,Sofia
5177,Hiroshi
5178,Jean
5179,Ava
5180,Oliver
5181,Nia
5182,Ivan
5183,Emma
5184,Priya
5185,Nia
5186,Carlos
5187,Mohammed
5188,Ivan
5189,Sophia
5190,Wei
5191,Fatima
5192,Samuel
5193,Lucia
5194,Priya
5195,Samuel
5196,Kwame
5197,Yuki
5198,Sakura
5199,Carlos
5200,Noah
5201,Ahmed
5202,Olga
5203,Jean
5204,Mateo
5205,Olga
5206,Sofia
5207,Hiroshi
5208,Carlos
5209,Sakura
5210,Carlos
5211,Kwame
5212,Fatima
5213,Kwame
5214,Sakura
5215,Ava
5216,Chloe
5217,Oliver
5218,Sofia
5219,Hiroshi
5220,Mateo
5221,Nia
5222,Hiroshi
5223,Nia
5224,Ahmed
5225,Mohammed
5226,Mia
5227,Ivan
5228,Nia
5229,Lucia
5230,Léa
5231,Olga
5232,Jean
5233,Lucia
5234,Olga
5235,Léa
5236,Aria
5237,Ananya
5238,Jean
5239,Oliver
5240,Aria
5241,Samuel
5242,Mateo
5243,Mateo
5244,Priya
5245,Mia
5246,Ananya
5247,Lucia
5248,Fatima
5249,Mohammed
5250,Ivan
5251,Wei
5252,Ahmed
5253,Sofia
5254,Mohammed
5255,Carlos
5256,Kwame
5257,Léa
5258,Olga
5259,Yuki
5260,Samuel
5261,Fatima
5262,Chen
5263,Ahmed
5264,Emma
5265,Olga
5266,Hiroshi
5267,Liam
5268,Mohammed
5269,Olga
5270,Léa
5271,Mateo
5272,Lorenzo
5273,Ivan
5274,Yuki
5275,Oliver
5276,Carlos
5277,Liam
5278,Emma
5279,Lorenzo
5280,Ivan
5281,Wei
5282,Chen
5283,Anastasia
5284,Samuel
5285,Yuki
5286,Sakura
5287,Chen
5288,Noah
5289,Mia
5290,Ivan
5291,Mohammed
5292,Samuel
5293,Mateo
5294,Aria
5295,Ananya
5296,Olga
5297,Hiroshi
5298,Oliver
5299,Chen
5300,Nia
5301,Fatima
5302,Sofia
5303,Giulia
5304,Carlos
5305,Noah
5306,Emma
5307,Ananya
5308,Giulia
5309,Aria
5310,Jean
5311,Mateo
5312,Mateo
5313,Fatima
5314,Sofia
5315,Mateo
5316,Mateo
5317,Mia
5318,Mateo
5319,Sakura
5320,Yuki
5321,Chloe
5322,Hiroshi
5323,Wei
5324,Emma
5325,Olga
5326,Mia
5327,Mohammed
5328,Oliver
5329,Chloe
5330,Ahmed
5331,Lorenzo
5332,Yuki
5333,Lorenzo
5334,Anastasia
5335,Hiroshi
5336,Fatima
5337,Kwame
5338,Wei
5339,Wei
5340,Chloe
5341,Jean
5342,Oliver
5343,Nia
5344,Ahmed
5345,Samuel
5346,Fatima
5347,Léa
5348,Ahmed
5349,Sofia
5350,Chen
5351,Giulia
5352,Olga
5353,Emma
5354,Ahmed
5355,Yuki
5356,Giulia
5357,Hiroshi
5358,Sophia
5359,Sofia
5360,Chen
5361,Oliver
5362,Lucia
5363,Ivan
5364,Chloe
5365,Mia
5366,Liam
5367,Olga
5368,Ahmed
5369,Anastasia
5370,Giulia
5371,Sophia
5372,Sofia
5373,Oliver
5374,Ahmed
5375,Mateo
5376,Wei
5377,Ahmed
5378,Emma
5379,Lucia
5380,Oliver
5381,Ahmed
5382,Aria
5383,Samuel
5384,Chloe
5385,Lorenzo
5386,Samuel
5387,Carlos
5388,Nia
5389,Mia
5390,Carlos
5391,Mateo
5392,Giulia
5393,Chen
5394,Ananya
5395,Mia
5396,Anastasia
5397,Yuki
5398,Lucia
5399,Wei
5400,Mateo
5401,Mohammed
5402,Lucia
5403,Mohammed
5404,Oliver
5405,Kwame
5406,Chen
5407,Emma
5408,Olga
5409,Priya
5410,Kwame
5411,Sofia
5412,Olga
5413,Fatima
5414,Hiroshi
5415,Lucia
5416,Chloe
5417,Chen
5418,Fatima
5419,Yuki
5420,Samuel
5421,Priya
5422,Priya
5423,Ahmed
5424,Sophia
5425,Carlos
5426,Lorenzo
5427,Nia
5428,Chloe
5429,Fatima
5430,Anastasia
5431,Olga
5432,Sofia
5433,Samuel
5434,Nia
5435,Mateo
5436,Fatima
5437,Lorenzo
5438,Noah
5439,Liam
5440,Emma
5441,Noah
5442,Liam
5443,Aria
5444,Sofia
5445,Noah
5446,Yuki
5447,Sofia
5448,Kwame
5449,Wei
5450,Lucia
5451,Ivan
5452,Olga
5453,Yuki
5454,Jean
5455,Mateo
5456,Aria
5457,Carlos
5458,Mia
5459,Sofia
5460,Oliver
5461,Lorenzo
5462,Nia
5463,Anastasia
5464,Lucia
5465,Ivan
5466,Anastasia
5467,Ananya
5468,Chloe
5469,Ivan
5470,Hiroshi
5471,Jean
5472,Chloe
5473,Oliver
5474,Liam
5475,Carlos
5476,Aria
5477,Ananya
5478,Liam
5479,Emma
5480,Noah
5481,Liam
5482,Léa
5483,Mia
5484,Carlos
5485,Mia
5486,Noah
5487,Sakura
5488,Ivan
5489,Mia
5490,Ava
5491,Olga
5492,Jean
5493,Olga
5494,Léa
5495,Priya
5496,Oliver
5497,Carlos
5498,Hiroshi
5499,Nia
5500,Kwame
5501,Lorenzo
5502,Aria
5503,Fatima
5504,Yuki
5505,Ananya
5506,Ivan
5507,Mohammed
5508,Nia
5509,Hiroshi
5510,Fatima
5511,Ava
5512,Fatima
5513,Nia
5514,Emma
5515,Emma
5516,Sofia
5517,Sophia
5518,Ava
5519,Ananya
5520,Hiroshi
5521,Ahmed
5522,Léa
5523,Mohammed
5524,Noah
5525,Chen
5526,Chen
5527,Samuel
5528,Yuki
5529,Hiroshi
5530,Wei
5531,Samuel
5532,Sophia
5533,Kwame
5534,Fatima
5535,Priya
5536,Oliver
5537,Mohammed
5538,Priya
5539,Ivan
5540,Mateo
5541,Mohammed
5542,Nia
5543,Jean
5544,Chloe
5545,Kwame
5546,Nia
5547,Mateo
5548,Chen
5549,Liam
5550,Oliver
5551,Emma
5552,Kwame
5553,Mateo
5554,Aria
5555,Oliver
5556,Liam
5557,Mohammed
5558,Lucia
5559,Priya
5560,Hiroshi
5561,Fatima
5562,Giulia
5563,Mateo
5564,Fatima
5565,Jean
5566,Chen
5567,Sofia
5568,Emma
5569,Liam
5570,Kwame
5571,Yuki
5572,Mia
5573,Sakura
5574,Emma
5575,Sakura
5576,Wei
5577,Olga
5578,Mohammed
5579,Ava
5580,Ava
5581,Noah
5582,Mohammed
5583,Sofia
5584,Priya
5585,Ahmed
5586,Lorenzo
5587,Jean
5588,Liam
5589,Carlos
5590,Kwame
5591,Chen
5592,Hiroshi
5593,Sophia
5594,Léa
5595,Sofia
5596,Ananya
5597,Kwame
5598,Liam
5599,Giulia
5600,Anastasia
5601,Chloe
5602,Noah
5603,Oliver
5604,Emma
5605,Chen
5606,Kwame
5607,Emma
5608,Ananya
5609,Noah
5610,Carlos
5611,Anastasia
5612,Samuel
5613,Chen
5614,Anastasia
5615,Giulia
5616,Yuki
5617,Chloe
5618,Chloe
5619,Ananya
5620,Giulia
5621,Sofia
5622,Kwame
5623,Chloe
5624,Yuki
5625,Sofia
5626,Priya
5627,Anastasia
5628,Yuki
5629,Carlos
5630,Chloe
5631,Nia
5632,Kwame
5633,Noah
5634,Ava
5635,Liam
5636,Oliver
5637,Olga
5638,Giulia
5639,Chloe
5640,Mateo
5641,Fatima
5642,Mia
5643,Anastasia
5644,Samuel
5645,Ahmed
5646,Ahmed
5647,Chen
5648,Ivan
5649,Giulia
5650,Lorenzo
5651,Mateo
5652,Hiroshi
5653,Hiroshi
5654,Priya
5655,Lorenzo
5656,Mohammed
5657,Kwame
5658,Wei
5659,Carlos
5660,Emma
5661,Mateo
5662,Carlos
5663,Olga
5664,Mohammed
5665,Ananya
5666,Mohammed
5667,Anastasia
5668,Giulia
5669,Nia
5670,Kwame
5671,Nia
5672,Nia
5673,Fatima
5674,Lucia
5675,Ananya
5676,Carlos
5677,Léa
5678,Kwame
5679,Samuel
5680,Oliver
5681,Samuel
5682,Liam
5683,Anastasia
5684,Wei
5685,Nia
5686,Kwame
5687,Olga
5688,Ananya
5689,Hiroshi
5690,Fatima
5691,Ava
5692,Chloe
5693,Anastasia
5694,Oliver
5695,Kwame
5696,Fatima
5697,Yuki
5698,Priya
5699,Giulia
5700,Yuki
5701,Kwame
5702,Chloe
5703,Lucia
5704,Mohammed
5705,Mateo
5706,Wei
5707,Lucia
5708,Giulia
5709,Lorenzo
5710,Sakura
5711,Noah
5712,Giulia
5713,Priya
5714,Fatima
5715,Sofia
5716,Hiroshi
5717,Noah
5718,Fatima
5719,Chen
5720,Oliver
5721,Jean
5722,Noah
5723,Sakura
5724,Wei
5725,Sakura
5726,Emma
5727,Chen
5728,Jean
5729,Ananya
5730,Olga
5731,Nia
5732,Nia
5733,Liam
5734,Oliver
5735,Léa
5736,Mia
5737,Fatima
5738,Fatima
5739,Hiroshi
5740,Kwame
5741,Sakura
5742,Lucia
5743,Ava
5744,Carlos
5745,Kwame
5746,Priya
5747,Lucia
5748,Lucia
5749,Olga
5750,Fatima
5751,Lucia
5752,Sofia
5753,Chen
5754,Jean
5755,Léa
5756,Giulia
5757,Ahmed
5758,Kwame
5759,Liam
5760,Samuel
5761,Oliver
5762,Sophia
5763,Sakura
5764,Sakura
5765,Giulia
5766,Priya
5767,Anastasia
5768,Chloe
5769,Nia
5770,Jean
5771,Yuki
5772,Yuki
5773,Anastasia
5774,Hiroshi
5775,Emma
5776,Léa
5777,Hiroshi
5778,Chloe
5779,Wei
5780,Nia
5781,Sofia
5782,Aria
5783,Liam
5784,Emma
5785,Liam
5786,Lorenzo
5787,Carlos
5788,Mohammed
5789,Aria
5790,Hiroshi
5791,Carlos
5792,Yuki
5793,Léa
5794,Kwame
5795,Liam
5796,Nia
5797,Anastasia
5798,Emma
5799,Sofia
5800,Ahmed
5801,Sophia
5802,Léa
5803,Jean
5804,Samuel
5805,Oliver
5806,Nia
5807,Yuki
5808,Wei
5809,Giulia
5810,Sofia
5811,Carlos
5812,Giulia
5813,Olga
5814,Sakura
5815,Sophia
5816,Oliver
5817,Lorenzo
5818,Nia
5819,Sakura
5820,Lucia
5821,Olga
5822,Anastasia
5823,Sakura
5824,Jean
5825,Carlos
5826,Emma
5827,Samuel
5828,Samuel
5829,Hiroshi
5830,Nia
5831,Chen
5832,Fatima
5833,Lucia
5834,Ava
5835,Ahmed
5836,Emma
5837,Fatima
5838,Carlos
5839,Nia
5840,Priya
5841,Nia
5842,Nia
5843,Carlos
5844,Liam
5845,Jean
5846,Ivan
5847,Priya
5848,Samuel
5849,Fatima
5850,Ananya
5851,Hiroshi
5852,Jean
5853,Hiroshi
5854,Kwame
5855,Ananya
5856,Mateo
5857,Ivan
5858,Sofia
5859,Noah
5860,Ananya
5861,Sakura
5862,Oliver
5863,Mia
5864,Jean
5865,Ahmed
5866,Mia
5867,Yuki
5868,Chen
5869,Mohammed
5870,Kwame
5871,Carlos
5872,Liam
5873,Yuki
5874,Oliver
5875,Ananya
5876,Ananya
5877,Yuki
5878,Giulia
5879,Lucia
5880,Wei
5881,Sakura
5882,Lucia
5883,Sofia
5884,Sofia
5885,Ivan
5886,Anastasia
5887,Léa
5888,Anastasia
5889,Anastasia
5890,Lorenzo
5891,Wei
5892,Ananya
5893,Mohammed
5894,Wei
5895,Wei
5896,Mateo
5897,Mohammed
5898,Nia
5899,Olga
5900,Sakura
5901,Ananya
5902,Lorenzo
5903,Léa
5904,Lucia
5905,Chen
5906,Hiroshi
5907,Ava
5908,Ananya
5909,Lorenzo
5910,Mateo
5911,Giulia
5912,Giulia
5913,Sakura
5914,Noah
5915,Léa
5916,Chen
5917,Giulia
5918,Lorenzo
5919,Nia
5920,Lorenzo
5921,Ahmed
5922,Yuki
5923,Priya
5924,Samuel
5925,Lorenzo
5926,Yuki
5927,Chen
5928,Sakura
5929,Ava
5930,Carlos
5931,Mohammed
5932,Oliver
5933,Ava
5934,Ava
5935,Léa
5936,Ananya
5937,Lucia
5938,Fatima
5939,Sofia
5940,Carlos
5941,Carlos
5942,Mateo
5943,Olga
5944,Samuel
5945,Anastasia
5946,Ava
5947,Léa
5948,Kwame
5949,Kwame
5950,Aria
5951,Noah
5952,Giulia
5953,Jean
5954,Chen
5955,Fatima
5956,Priya
5957,Mohammed
5958,Oliver
5959,Priya
5960,Jean
5961,Chloe
5962,Emma
5963,Priya
5964,Anastasia
5965,Ananya
5966,Anastasia
5967,Liam
5968,Ava
5969,Mia
5970,Samuel
5971,Carlos
5972,Liam
5973,Fatima
5974,Noah
5975,Anastasia
5976,Ananya
5977,Chloe
5978,Sofia
5979,Giulia
5980,Ivan
5981,Jean
5982,Yuki
5983,Liam
5984,Wei
5985,Samuel
5986,Mateo
5987,Priya
5988,Noah
5989,Ananya
5990,Samuel
5991,Carlos
5992,Olga
5993,Mohammed
5994,Chloe
5995,Giulia
5996,Ava
5997,Fatima
5998,Oliver
5999,Mohammed
6000,Aria
6001,Emma
6002,Lorenzo
6003,Ava
6004,Hiroshi
6005,Olga
6006,Sakura
6007,Chen
6008,Ava
6009,Fatima
6010,Hiroshi
6011,Priya
6012,Olga
6013,Fatima
6014,Chloe
6015,Noah
6016,Anastasia
6017,Liam
6018,Sakura
6019,Wei
6020,Ananya
6021,Ahmed
6022,Sophia
6023,Carlos
6024,Lorenzo
6025,Olga
6026,Wei
6027,Chloe
6028,Ivan
6029,Lorenzo
6030,Ahmed
6031,Olga
6032,Anastasia
6033,Hiroshi
6034,Wei
6035,Sakura
6036,Wei
6037,Ananya
6038,Mateo
6039,Nia
6040,Liam
6041,Oliver
6042,Samuel
6043,Ananya
6044,Oliver
6045,Mateo
6046,Samuel
6047,Priya
6048,Ahmed
6049,Ananya
6050,Priya
6051,Chen
6052,Priya
6053,Léa
6054,Kwame
6055,Ahmed
6056,Liam
6057,Ava
6058,Sakura
6059,Kwame
6060,Nia
6061,Sakura
6062,Ivan
6063,Léa
6064,Chen
6065,Lucia
6066,Anastasia
6067,Lorenzo
6068,Mohammed
6069,Kwame
6070,Mia
6071,Carlos
6072,Sophia
6073,Yuki
6074,Priya
6075,Mia
6076,Wei
6077,Ava
6078,Ivan
6079,Priya
6080,Chloe
6081,Hiroshi
6082,Mia
6083,Fatima
6084,Sakura
6085,Giulia
6086,Chen
6087,Anastasia
6088,Yuki
6089,Olga
6090,Emma
6091,Sophia
6092,Ivan
6093,Lorenzo
6094,Yuki
6095,Mia
6096,Noah
6097,Ahmed
6098,Sofia
6099,Hiroshi
6100,Liam
6101,Carlos
6102,Liam
6103,Jean
6104,Sofia
6105,Olga
6106,Carlos
6107,Hiroshi
6108,Nia
6109,Oliver
6110,Carlos
6111,Lorenzo
6112,Hiroshi
6113,Sofia
6114,Lorenzo
6115,Lorenzo
6116,Hiroshi
6117,Sofia
6118,Emma
6119,Anastasia
6120,Olga
6121,Emma
6122,Hiroshi
6123,Aria
6124,Kwame
6125,Olga
6126,Liam
6127,Wei
6128,Oliver
6129,Ananya
6130,Jean
6131,Lucia
6132,Emma
6133,Samuel
6134,Sophia
6135,Lorenzo
6136,Hiroshi
6137,Oliver
6138,Léa
6139,Priya
6140,Sakura
6141,Emma
6142,Sakura
6143,Oliver
6144,Olga
6145,Fatima
6146,Fatima
6147,Ava
6148,Ananya
6149,Aria
6150,Mohammed
6151,Yuki
6152,Ananya
6153,Mia
6154,Mia
6155,Mia
6156,Giulia
6157,Fatima
6158,Aria
6159,Oliver
6160,Giulia
6161,Sofia
6162,Mateo
6163,Anastasia
6164,Ananya
6165,Nia
6166,Sofia
6167,Samuel
6168,Sakura
6169,Samuel
6170,Anastasia
6171,Mohammed
6172,Ivan
6173,Kwame
6174,Aria
6175,Jean
6176,Chen
6177,Sakura
6178,Sakura
6179,Lorenzo
6180,Priya
6181,Lucia
6182,Wei
6183,Ava
6184,Ahmed
6185,Kwame
6186,Anastasia
6187,Ava
6188,Nia
6189,Kwame
6190,Aria
6191,Nia
6192,Lorenzo
6193,Emma
6194,Olga
6195,Jean
6196,Yuki
6197,Anastasia
6198,Emma
6199,Liam
6200,Léa
6201,Léa
6202,Aria
6203,Liam
6204,Léa
6205,Sakura
6206,Aria
6207,Carlos
6208,Mateo
6209,Olga
6210,Sofia
6211,Sakura
6212,Ahmed
6213,Chloe
6214,Léa
6215,Hiroshi
6216,Mohammed
6217,Sakura
6218,Aria
6219,Mateo
6220,Samuel
6221,Noah
6222,Lorenzo
6223,Ananya
6224,Lucia
6225,Léa
6226,Lucia
6227,Liam
6228,Noah
6229,Chen
6230,Ananya
6231,Yuki
6232,Sakura
6233,Sakura
6234,Priya
6235,Mateo
6236,Léa
6237,Léa
6238,Mia
6239,Anastasia
6240,Anastasia
6241,Kwame
6242,Hiroshi
6243,Ahmed
6244,Ivan
6245,Priya
6246,Mia
6247,Wei
6248,Liam
6249,Nia
6250,Priya
6251,Mateo
6252,Mateo
6253,Aria
6254,Sophia
6255,Priya
6256,Giulia
6257,Wei
6258,Kwame
6259,Giulia
6260,Oliver
6261,Mohammed
6262,Mia
6263,Kwame
6264,Chloe
6265,Liam
6266,Anastasia
6267,Oliver
6268,Léa
6269,Lorenzo
6270,Ahmed
6271,Chloe
6272,Noah
6273,Chen
6274,Samuel
6275,Mateo
6276,Sakura
6277,Oliver
6278,Ivan
6279,Sophia
6280,Anastasia
6281,Ivan
6282,Mateo
6283,Sophia
6284,Carlos
6285,Liam
6286,Giulia
6287,Yuki
6288,Lorenzo
6289,Ivan
6290,Ava
6291,Sakura
6292,Carlos
6293,Wei
6294,Fatima
6295,Sakura
6296,Carlos
6297,Mia
6298,Ananya
6299,Giulia
6300,Chen
6301,Giulia
6302,Ananya
6303,Léa
6304,Noah
6305,Yuki
6306,Mia
6307,Sakura
6308,Mateo
6309,Liam
6310,Priya
6311,Anastasia
6312,Ivan
6313,Léa
6314,Lucia
6315,Ava
6316,Wei
6317,Chen
6318,Olga
6319,Liam
6320,Yuki
6321,Samuel
6322,Chen
6323,Emma
6324,Ivan
6325,Sofia
6326,Sophia
6327,Yuki
6328,Fatima
6329,Ananya
6330,Giulia
6331,Mohammed
6332,Sofia
6333,Ananya
6334,Sakura
6335,Carlos
6336,Lorenzo
6337,Priya
6338,Samuel
6339,Sophia
6340,Mia
6341,Ava
6342,Emma
6343,Yuki
6344,Sakura
6345,Sophia
6346,Wei
6347,Mateo
6348,Ananya
6349,Sofia
6350,Samuel
6351,Mohammed
6352,Ananya
6353,Lucia
6354,Ananya
6355,Noah
6356,Chen
6357,Wei
6358,Kwame
6359,Ananya
6360,Lorenzo
6361,Ahmed
6362,Sakura
6363,Samuel
6364,Ava
6365,Wei
6366,Léa
6367,Chen
6368,Jean
6369,Mia
6370,Samuel
6371,Léa
6372,Fatima
6373,Noah
6374,Olga
6375,Fatima
6376,Giulia
6377,Priya
6378,Mohammed
6379,Lucia
6380,Sophia
6381,Carlos
6382,Sophia
6383,Ananya
6384,Emma
6385,Anastasia
6386,Priya
6387,Ahmed
6388,Mateo
6389,Ahmed
6390,Léa
6391,Aria
6392,Mateo
6393,Emma
6394,Chloe
6395,Yuki
6396,Hiroshi
6397,Priya
6398,Sophia
6399,Ananya
6400,Liam
6401,Chloe
6402,Chen
6403,Lorenzo
6404,Ananya
6405,Wei
6406,Noah
6407,Oliver
6408,Jean
6409,Oliver
6410,Nia
6411,Jean
6412,Olga
6413,Olga
6414,Sophia
6415,Chloe
6416,Priya
6417,Mateo
6418,Lucia
6419,Fatima
6420,Priya
6421,Wei
6422,Chloe
6423,Sakura
6424,Emma
6425,Giulia
6426,Sophia
6427,Kwame
6428,Sophia
6429,Samuel
6430,Samuel
6431,Chen
6432,Lorenzo
6433,Jean
6434,Ava
6435,Ahmed
6436,Olga
6437,Mohammed
6438,Priya
6439,Hiroshi
6440,Ahmed
6441,Kwame
6442,Chloe
6443,Mia
6444,Chen
6445,Jean
6446,Mia
6447,Hiroshi
6448,Ahmed
6449,Yuki
6450,Liam
6451,Mohammed
6452,Jean
6453,Noah
6454,Aria
6455,Mohammed
6456,Ananya
6457,Sakura
6458,Nia
6459,Chen
6460,Kwame
6461,Noah
6462,Sophia
6463,Léa
6464,Kwame
6465,Priya
6466,Ivan
6467,Fatima
6468,Carlos
6469,Giulia
6470,Mohammed
6471,Ananya
6472,Samuel
6473,Ava
6474,Noah
6475,Carlos
6476,Sakura
6477,Jean
6478,Ivan
6479,Sofia
6480,Mateo
6481,Olga
6482,Lucia
6483,Mohammed
6484,Fatima
6485,Anastasia
6486,Ivan
6487,Wei
6488,Lorenzo
6489,Sophia
6490,Léa
6491,Léa
6492,Ananya
6493,Sakura
6494,Aria
6495,Chen
6496,Sophia
6497,Emma
6498,Sofia
6499,Hiroshi
6500,Ivan
6501,Nia
6502,Ava
6503,Lucia
6504,Nia
6505,Yuki
6506,Jean
6507,Samuel
6508,Jean
6509,Hiroshi
6510,Sophia
6511,Carlos
6512,Hiroshi
6513,Chen
6514,Mia
6515,Lucia
6516,Emma
6517,Lucia
6518,Mohammed
6519,Fatima
6520,Nia
6521,Hiroshi
6522,Noah
6523,Liam
6524,Mohammed
6525,Hiroshi
6526,Ivan
6527,Ava
6528,Chloe
6529,Carlos
6530,Noah
6531,Emma
6532,Mohammed
6533,Oliver
6534,Liam
6535,Jean
6536,Samuel
6537,Chloe
6538,Wei
6539,Sakura
6540,Liam
6541,Fatima
6542,Yuki
6543,Sophia
6544,Olga
6545,Noah
6546,Ananya
6547,Anastasia
6548,Noah
6549,Mohammed
6550,Giulia
6551,Liam
6552,Sakura
6553,Nia
6554,Sofia
6555,Oliver
6556,Giulia
6557,Léa
6558,Lorenzo
6559,Yuki
6560,Olga
6561,Mateo
6562,Léa
6563,Sakura
6564,Wei
6565,Oliver
6566,Ivan
6567,Olga
6568,Anastasia
6569,Chen
6570,Léa
6571,Aria
6572,Léa
6573,Léa
6574,Liam
6575,Giulia
6576,Hiroshi
6577,Wei
6578,Ananya
6579,Liam
6580,Aria
6581,Sophia
6582,Giulia
6583,Lorenzo
6584,Ahmed
6585,Chen
6586,Wei
6587,Ava
6588,Ivan
6589,Kwame
6590,Oliver
6591,Chloe
6592,Lucia
6593,Liam
6594,Priya
6595,Hiroshi
6596,Samuel
6597,Yuki
6598,Olga
6599,Chloe
6600,Ivan
6601,Chloe
6602,Sofia
6603,Liam
6604,Sofia
6605,Sakura
6606,Sophia
6607,Oliver
6608,Chloe
6609,Jean
6610,Ava
6611,Ananya
6612,Emma
6613,Sofia
6614,Chloe
6615,Mateo
6616,Ahmed
6617,Ahmed
6618,Priya
6619,Olga
6620,Hiroshi
6621,Priya
6622,Sophia
6623,Mohammed
6624,Mia
6625,Wei
6626,Ananya
6627,Ava
6628,Sophia
6629,Carlos
6630,Chen
6631,Ava
6632,Kwame
6633,Aria
6634,Fatima
6635,Mia
6636,Mateo
6637,Priya
6638,Mateo
6639,Samuel
6640,Anastasia
6641,Mateo
6642,Aria
6643,Giulia
6644,Aria
6645,Chloe
6646,Oliver
6647,Lucia
6648,Liam
6649,Ahmed
6650,Kwame
6651,Emma
6652,Mia
6653,Noah
6654,Lorenzo
6655,Chen
6656,Mohammed
6657,Anastasia
6658,Mohammed
6659,Ivan
6660,Mateo
6661,Carlos
6662,Giulia
6663,Oliver
6664,Ananya
6665,Anastasia
6666,Ahmed
6667,Yuki
6668,Ahmed
6669,Chloe
6670,Aria
6671,Sakura
6672,Emma
6673,Liam
6674,Léa
6675,Chen
6676,Ivan
6677,Sophia
6678,Emma
6679,Giulia
6680,Priya
6681,Fatima
6682,Wei
6683,Emma
6684,Giulia
6685,Mateo
6686,Oliver
6687,Fatima
6688,Hiroshi
6689,Emma
6690,Jean
6691,Oliver
6692,Oliver
6693,Chloe
6694,Giulia
6695,Mateo
6696,Carlos
6697,Hiroshi
6698,Priya
6699,Ava
6700,Ava
6701,Sakura
6702,Aria
6703,Chloe
6704,Priya
6705,Chen
6706,Mia
6707,Samuel
6708,Mateo
6709,Ananya
6710,Lorenzo
6711,Carlos
6712,Yuki
6713,Lorenzo
6714,Léa
6715,Fatima
6716,Samuel
6717,Nia
6718,Aria
6719,Mateo
6720,Wei
6721,Mia
6722,Mohammed
6723,Aria
6724,Sakura
6725,Wei
6726,Samuel
6727,Liam
6728,Carlos
6729,Jean
6730,Fatima
6731,Sofia
6732,Olga
6733,Léa
6734,Léa
6735,Mohammed
6736,Wei
6737,Fatima
6738,Lorenzo
6739,Mia
6740,Mohammed
6741,Lucia
6742,Giulia
6743,Kwame
6744,Sofia
6745,Léa
6746,Aria
6747,Nia
6748,Fatima
6749,Chen
6750,Sakura
6751,Sophia
6752,Ava
6753,Yuki
6754,Mohammed
6755,Mateo
6756,Samuel
6757,Mateo
6758,Mohammed
6759,Jean
6760,Priya
6761,Giulia
6762,Ava
6763,Ivan
6764,Sofia
6765,Mia
6766,Samuel
6767,Léa
6768,Mia
6769,Chloe
6770,Noah
6771,Liam
6772,Yuki
6773,Lucia
6774,Mohammed
6775,Fatima
6776,Lucia
6777,Sophia
6778,Ahmed
6779,Mohammed
6780,Wei
6781,Oliver
6782,Kwame
6783,Mateo
6784,Anastasia
6785,Mateo
6786,Jean
6787,Priya
6788,Léa
6789,Lorenzo
6790,Lorenzo
6791,Sofia
6792,Mia
6793,Fatima
6794,Chen
6795,Hiroshi
6796,Ananya
6797,Emma
6798,Giulia
6799,Wei
6800,Priya
6801,Sophia
6802,Lorenzo
6803,Lorenzo
6804,Aria
6805,Fatima
6806,Noah
6807,Lucia
6808,Chloe
6809,Oliver
6810,Aria
6811,Hiroshi
6812,Ivan
6813,Fatima
6814,Yuki
6815,Sophia
6816,Chen
6817,Mia
6818,Fatima
6819,Carlos
6820,Lucia
6821,Liam
6822,Lucia
6823,Anastasia
6824,Olga
6825,Ananya
6826,Mohammed
6827,Oliver
6828,Ananya
6829,Sophia
6830,Chen
6831,Ava
6832,Kwame
6833,Hiroshi
6834,Ava
6835,Mateo
6836,Jean
6837,Mateo
6838,Chloe
6839,Priya
6840,Sakura
6841,Noah
6842,Anastasia
6843,Kwame
6844,Noah
6845,Olga
6846,Kwame
6847,Kwame
6848,Liam
6849,Liam
6850,Lucia
6851,Mia
6852,Anastasia
6853,Giulia
6854,Ahmed
6855,Emma
6856,Samuel
6857,Priya
6858,Samuel
6859,Jean
6860,Oliver
6861,Chloe
6862,Lucia
6863,Hiroshi
6864,Nia
6865,Nia
6866,Chen
6867,Ananya
6868,Yuki
6869,Kwame
6870,Ava
6871,Giulia
6872,Mia
6873,Giulia
6874,Carlos
6875,Ava
6876,Fatima
6877,Oliver
6878,Chen
6879,Ahmed
6880,Chen
6881,Hiroshi
6882,Kwame
6883,Fatima
6884,Mateo
6885,Noah
6886,Léa
6887,Hiroshi
6888,Mateo
6889,Noah
6890,Sakura
6891,Lucia
6892,Yuki
6893,Ahmed
6894,Wei
6895,Ananya
6896,Sofia
6897,Yuki
6898,Noah
6899,Nia
6900,Nia
6901,Jean
6902,Yuki
6903,Emma
6904,Wei
6905,Hiroshi
6906,Aria
6907,Noah
6908,Olga
6909,Yuki
6910,Nia
6911,Fatima
6912,Samuel
6913,Kwame
6914,Hiroshi
6915,Liam
6916,Olga
6917,Sofia
6918,Kwame
6919,Emma
6920,Ahmed
6921,Jean
6922,Yuki
6923,Emma
6924,Jean
6925,Chloe
6926,Yuki
6927,Mia
6928,Hiroshi
6929,Oliver
6930,Liam
6931,Fatima
6932,Wei
6933,Lucia
6934,Mohammed
6935,Carlos
6936,Fatima
6937,Ivan
6938,Chloe
6939,Olga
6940,Lorenzo
6941,Mia
6942,Lucia
6943,Samuel
6944,Yuki
6945,Anastasia
6946,Mohammed
6947,Liam
6948,Priya
6949,Samuel
6950,Wei
6951,Wei
6952,Sofia
6953,Yuki
6954,Liam
6955,Hiroshi
6956,Ivan
6957,Lucia
6958,Hiroshi
6959,Mateo
6960,Oliver
6961,Priya
6962,Giulia
6963,Samuel
6964,Chen
6965,Lucia
6966,Lorenzo
6967,Léa
6968,Sakura
6969,Léa
6970,Priya
6971,Aria
6972,Wei
6973,Mateo
6974,Lorenzo
6975,Emma
6976,Chloe
6977,Nia
6978,Jean
6979,Yuki
6980,Liam
6981,Olga
6982,Aria
6983,Sofia
6984,Yuki
6985,Sophia
6986,Jean
6987,Sophia
6988,Chen
6989,Ahmed
6990,Ahmed
6991,Léa
6992,Chloe
6993,Liam
6994,Giulia
6995,Olga
6996,Mia
6997,Chen
6998,Priya
6999,Mohammed
7000,Oliver
7001,Ananya
7002,Sophia
7003,Ahmed
7004,Kwame
7005,Hiroshi
7006,Wei
7007,Mia
7008,Chen
7009,Yuki
7010,Noah
7011,Chen
7012,Sophia
7013,Emma
7014,Ananya
7015,Yuki
7016,Sakura
7017,Yuki
7018,Hiroshi
7019,Jean
7020,Anastasia
7021,Samuel
7022,Chen
7023,Aria
7024,Sakura
7025,Ananya
7026,Nia
7027,Sakura
7028,Jean
7029,Emma
7030,Chloe
7031,Sakura
7032,Priya
7033,Oliver
7034,Léa
7035,Olga
7036,Wei
7037,Kwame
7038,Giulia
7039,Ava
7040,Chen
7041,Ahmed
7042,Ivan
7043,Kwame
7044,Samuel
7045,Ivan
7046,Aria
7047,Emma
7048,Hiroshi
7049,Yuki
7050,Mateo
7051,Carlos
7052,Mateo
7053,Chloe
7054,Lucia
7055,Liam
7056,Yuki
7057,Liam
7058,Giulia
7059,Priya
7060,Ananya
7061,Olga
7062,Hiroshi
7063,Ahmed
7064,Yuki
7065,Mohammed
7066,Léa
7067,Ivan
7068,Emma
7069,Emma
7070,Nia
7071,Noah
7072,Léa
7073,Mateo
7074,Emma
7075,Noah
7076,Kwame
7077,Wei
7078,Chen
7079,Liam
7080,Léa
7081,Carlos
7082,Anastasia
7083,Samuel
7084,Sakura
7085,Sofia
7086,Anastasia
7087,Léa
7088,Carlos
7089,Nia
7090,Ananya
7091,Fatima
7092,Ahmed
7093,Yuki
7094,Nia
7095,Yuki
7096,Chloe
7097,Anastasia
7098,Hiroshi
7099,Sophia
7100,Noah
7101,Sophia
7102,Samuel
7103,Mateo
7104,Mateo
7105,Carlos
7106,Sofia
7107,Noah
7108,Samuel
7109,Liam
7110,Lorenzo
7111,Carlos
7112,Jean
7113,Liam
7114,Mohammed
7115,Yuki
7116,Ava
7117,Mateo
7118,Chloe
7119,Anastasia
7120,Fatima
7121,Emma
7122,Mia
7123,Aria
7124,Samuel
7125,Chen
7126,Léa
7127,Hiroshi
7128,Sakura
7129,Olga
7130,Aria
7131,Oliver
7132,Mohammed
7133,Anastasia
7134,Priya
7135,Ivan
7136,Sophia
7137,Liam
7138,Sophia
7139,Kwame
7140,Wei
7141,Aria
7142,Oliver
7143,Sofia
7144,Mia
7145,Ivan
7146,Sophia
7147,Olga
7148,Olga
7149,Mia
7150,Chloe
7151,Giulia
7152,Léa
7153,Fatima
7154,Wei
7155,Ahmed
7156,Lucia
7157,Olga
7158,Jean
7159,Wei
7160,Chloe
7161,Sophia
7162,Wei
7163,Priya
7164,Chen
7165,Ananya
7166,Ivan
7167,Kwame
7168,Mateo
7169,Hiroshi
7170,Yuki
7171,Sophia
7172,Kwame
7173,Emma
7174,Ivan
7175,Chen
7176,Anastasia
7177,Anastasia
7178,Samuel
7179,Jean
7180,Giulia
7181,Lorenzo
7182,Sofia
7183,Fatima
7184,Ananya
7185,Ahmed
7186,Mateo
7187,Giulia
7188,Ahmed
7189,Aria
7190,Chen
7191,Nia
7192,Liam
7193,Ahmed
7194,Giulia
7195,Ananya
7196,Emma
7197,Mateo
7198,Giulia
7199,Olga
7200,Aria
7201,Samuel
7202,Oliver
7203,Wei
7204,Chloe
7205,Lucia
7206,Carlos
7207,Léa
7208,Aria
7209,Wei
7210,Mohammed
7211,Sofia
7212,Yuki
7213,Sofia
7214,Sophia
7215,Sakura
7216,Sophia
7217,Emma
7218,Mateo
7219,Lorenzo
7220,Yuki
7221,Priya
7222,Kwame
7223,Sakura
7224,Ahmed
7225,Yuki
7226,Ananya
7227,Giulia
7228,Chen
7229,Wei
7230,Priya
7231,Ananya
7232,Wei
7233,Emma
7234,Nia
7235,Sofia
7236,Fatima
7237,Nia
7238,Lorenzo
7239,Anastasia
7240,Nia
7241,Samuel
7242,Nia
7243,Léa
7244,Lorenzo
7245,Aria
7246,Mohammed
7247,Léa
7248,Chloe
7249,Ava
7250,Yuki
7251,Giulia
7252,Fatima
7253,Léa
7254,Ivan
7255,Giulia
7256,Kwame
7257,Hiroshi
7258,Noah
7259,Jean
7260,Sakura
7261,Kwame
7262,Oliver
7263,Sofia
7264,Ahmed
7265,Sakura
7266,Mateo
7267,Anastasia
7268,Ivan
7269,Jean
7270,Hiroshi
7271,Yuki
7272,Ava
7273,Giulia
7274,Noah
7275,Hiroshi
7276,Hiroshi
7277,Léa
7278,Ivan
7279,Sakura
7280,Jean
7281,Samuel
7282,Noah
7283,Jean
7284,Giulia
7285,Chen
7286,Ivan
7287,Chloe
7288,Hiroshi
7289,Emma
7290,Lorenzo
7291,Samuel
7292,Aria
7293,Priya
7294,Ava
7295,Ananya
7296,Emma
7297,Priya
7298,Chloe
7299,Mohammed
7300,Fatima
7301,Liam
7302,Priya
7303,Kwame
7304,Sakura
7305,Sofia
7306,Sakura
7307,Fatima
7308,Kwame
7309,Kwame
7310,Sophia
7311,Fatima
7312,Priya
7313,Lucia
7314,Aria
7315,Priya
7316,Ahmed
7317,Ivan
7318,Carlos
7319,Noah
7320,Hiroshi
7321,Chen
7322,Sakura
7323,Priya
7324,Ava
7325,Carlos
7326,Ananya
7327,Ivan
7328,Léa
7329,Kwame
7330,Oliver
7331,Lorenzo
7332,Ivan
7333,Ahmed
7334,Fatima
7335,Léa
7336,Mohammed
7337,Ava
7338,Lucia
7339,Oliver
7340,Ivan
7341,Jean
7342,Sakura
7343,Kwame
7344,Kwame
7345,Giulia
7346,Wei
7347,Chen
7348,Ananya
7349,Anastasia
7350,Ava
7351,Mia
7352,Aria
7353,Chloe
7354,Jean
7355,Ahmed
7356,Sophia
7357,Sofia
7358,Anastasia
7359,Nia
7360,Chloe
7361,Lorenzo
7362,Ananya
7363,Carlos
7364,Chloe
7365,Ava
7366,Ava
7367,Hiroshi
7368,Mia
7369,Lorenzo
7370,Sophia
7371,Sofia
7372,Aria
7373,Kwame
7374,Anastasia
7375,Hiroshi
7376,Olga
7377,Liam
7378,Samuel
7379,Hiroshi
7380,Aria
7381,Hiroshi
7382,Jean
7383,Lucia
7384,Chen
7385,Liam
7386,Lucia
7387,Jean
7388,Wei
7389,Sakura
7390,Sophia
7391,Samuel
7392,Ava
7393,Hiroshi
7394,Carlos
7395,Ivan
7396,Wei
7397,Lucia
7398,Ivan
7399,Anastasia
7400,Nia
7401,Wei
7402,Nia
7403,Nia
7404,Oliver
7405,Priya
7406,Fatima
7407,Kwame
7408,Wei
7409,Jean
7410,Lorenzo
7411,Ananya
7412,Hiroshi
7413,Chloe
7414,Mateo
7415,Mateo
7416,Giulia
7417,Sophia
7418,Lucia
7419,Sophia
7420,Samuel
7421,Giulia
7422,Lorenzo
7423,Chen
7424,Oliver
7425,Mohammed
7426,Sakura
7427,Sofia
7428,Yuki
7429,Chloe
7430,Nia
7431,Olga
7432,Jean
7433,Lucia
7434,Anastasia
7435,Jean
7436,Carlos
7437,Aria
7438,Fatima
7439,Oliver
7440,Carlos
7441,Aria
7442,Chen
7443,Mateo
7444,Jean
7445,Sofia
7446,Sophia
7447,Sakura
7448,Olga
7449,Chloe
7450,Kwame
7451,Giulia
7452,Sophia
7453,Sophia
7454,Noah
7455,Lorenzo
7456,Lucia
7457,Sophia
7458,Ava
7459,Mia
7460,Jean
7461,Giulia
7462,Chloe
7463,Mohammed
7464,Lorenzo
7465,Noah
7466,Anastasia
7467,Ananya
7468,Noah
7469,Noah
7470,Fatima
7471,Giulia
7472,Priya
7473,Aria
7474,Fatima
7475,Ananya
7476,Ava
7477,Chen
7478,Hiroshi
7479,Olga
7480,Ava
7481,Oliver
7482,Mohammed
7483,Hiroshi
7484,Lorenzo
7485,Mohammed
7486,Priya
7487,Anastasia
7488,Noah
7489,Mateo
7490,Priya
7491,Mia
7492,Chen
7493,Giulia
7494,Fatima
7495,Kwame
7496,Yuki
7497,Léa
7498,Yuki
7499,Emma
7500,Nia
7501,Chloe
7502,Ivan
7503,Mateo
7504,Ava
7505,Priya
7506,Jean
7507,Emma
7508,Sofia
7509,Nia
7510,Giulia
7511,Sophia
7512,Carlos
7513,Aria
7514,Fatima
7515,Jean
7516,Mohammed
7517,Ahmed
7518,Mia
7519,Olga
7520,Kwame
7521,Lorenzo
7522,Anastasia
7523,Anastasia
7524,Kwame
7525,Ahmed
7526,Mia
7527,Mateo
7528,Mateo
7529,Sophia
7530,Priya
7531,Ava
7532,Mohammed
7533,Mia
7534,Giulia
7535,Jean
7536,Sofia
7537,Emma
7538,Ivan
7539,Kwame
7540,Liam
7541,Anastasia
7542,Noah
7543,Jean
7544,Ava
7545,Fatima
7546,Mohammed
7547,Anastasia
7548,Ava
7549,Noah
7550,Emma
7551,Chen
7552,Lorenzo
7553,Carlos
7554,Ananya
7555,Lorenzo
7556,Mohammed
7557,Hiroshi
7558,Anastasia
7559,Aria
7560,Aria
7561,Fatima
7562,Anastasia
7563,Kwame
7564,Hiroshi
7565,Jean
7566,Wei
7567,Chen
7568,Nia
7569,Chloe
7570,Kwame
7571,Olga
7572,Yuki
7573,Ivan
7574,Liam
7575,Lorenzo
7576,Giulia
7577,Giulia
7578,Ivan
7579,Nia
7580,Chen
7581,Mia
7582,Samuel
7583,Mohammed
7584,Priya
7585,Anastasia
7586,Ahmed
7587,Sophia
7588,Lucia
7589,Chloe
7590,Samuel
7591,Olga
7592,Kwame
7593,Jean
7594,Noah
7595,Carlos
7596,Chloe
7597,Noah
7598,Sophia
7599,Priya
7600,Fatima
7601,Léa
7602,Olga
7603,Chloe
7604,Chloe
7605,Emma
7606,Lorenzo
7607,Sophia
7608,Sofia
7609,Nia
7610,Carlos
7611,Ananya
7612,Léa
7613,Giulia
7614,Sophia
7615,Sofia
7616,Hiroshi
7617,Liam
7618,Sofia
7619,Mia
7620,Sophia
7621,Sakura
7622,Samuel
7623,Anastasia
7624,Fatima
7625,Nia
7626,Yuki
7627,Emma
7628,Fatima
7629,Ava
7630,Aria
7631,Mohammed
7632,Oliver
7633,Anastasia
7634,Ahmed
7635,Carlos
7636,Léa
7637,Jean
7638,Carlos
7639,Carlos
7640,Lucia
7641,Mateo
7642,Fatima
7643,Anastasia
7644,Mohammed
7645,Sophia
7646,Liam
7647,Léa
7648,Mohammed
7649,Priya
7650,Fatima
7651,Ava
7652,Chloe
7653,Ahmed
7654,Wei
7655,Chloe
7656,Chen
7657,Ava
7658,Liam
7659,Lorenzo
7660,Sophia
7661,Ananya
7662,Yuki
7663,Giulia
7664,Ava
7665,Oliver
7666,Giulia
7667,Anastasia
7668,Fatima
7669,Sofia
7670,Liam
7671,Sofia
7672,Chen
7673,Jean
7674,Sofia
7675,Kwame
7676,Mateo
7677,Giulia
7678,Priya
7679,Fatima
7680,Mateo
7681,Lorenzo
7682,Mohammed
7683,Ananya
7684,Sakura
7685,Sakura
7686,Ananya
7687,Jean
7688,Liam
7689,Chloe
7690,Chloe
7691,Sakura
7692,Anastasia
7693,Mohammed
7694,Emma
7695,Sophia
7696,Giulia
7697,Fatima
7698,Aria
7699,Mia
7700,Giulia
7701,Sofia
7702,Sofia
7703,Noah
7704,Wei
7705,Mateo
7706,Hiroshi
7707,Giulia
7708,Hiroshi
7709,Yuki
7710,Yuki
7711,Sakura
7712,Fatima
7713,Mohammed
7714,Ahmed
7715,Léa
7716,Giulia
7717,Giulia
7718,Liam
7719,Hiroshi
7720,Ananya
7721,Noah
7722,Anastasia
7723,Fatima
7724,Chen
7725,Carlos
7726,Aria
7727,Samuel
7728,Chloe
7729,Lucia
7730,Kwame
7731,Mateo
7732,Olga
7733,Liam
7734,Hiroshi
7735,Priya
7736,Samuel
7737,Mia
7738,Liam
7739,Wei
7740,Chen
7741,Sofia
7742,Kwame
7743,Ananya
7744,Ivan
7745,Léa
7746,Chen
7747,Fatima
7748,Fatima
7749,Fatima
7750,Olga
7751,Jean
7752,Yuki
7753,Jean
7754,Yuki
7755,Sakura
7756,Sakura
7757,Giulia
7758,Jean
7759,Priya
7760,Carlos
7761,Mateo
7762,Sofia
7763,Fatima
7764,Mia
7765,Sofia
7766,Mia
7767,Chen
7768,Anastasia
7769,Ivan
7770,Ava
7771,Carlos
7772,Ivan
7773,Noah
7774,Carlos
7775,Liam
7776,Liam
7777,Samuel
7778,Chloe
7779,Lorenzo
7780,Chen
7781,Lucia
7782,Yuki
7783,Ava
7784,Kwame
7785,Lorenzo
7786,Giulia
7787,Oliver
7788,Chloe
7789,Carlos
7790,Jean
7791,Kwame
7792,Yuki
7793,Fatima
7794,Ahmed
7795,Liam
7796,Chen
7797,Kwame
7798,Ava
7799,Ananya
7800,Lucia
7801,Lorenzo
7802,Mia
7803,Léa
7804,Carlos
7805,Ivan
7806,Chloe
7807,Chen
7808,Chen
7809,Lucia
7810,Mateo
7811,Ava
7812,Anastasia
7813,Mateo
7814,Léa
7815,Emma
7816,Oliver
7817,Sakura
7818,Léa
7819,Lorenzo
7820,Sakura
7821,Giulia
7822,Noah
7823,Kwame
7824,Noah
7825,Anastasia
7826,Noah
7827,Sofia
7828,Wei
7829,Lucia
7830,Mohammed
7831,Wei
7832,Ananya
7833,Fatima
7834,Sophia
7835,Ivan
7836,Jean
7837,Yuki
7838,Lucia
7839,Léa
7840,Carlos
7841,Mia
7842,Ahmed
7843,Lucia
7844,Ava
7845,Carlos
7846,Carlos
7847,Yuki
7848,Fatima
7849,Ahmed
7850,Carlos
7851,Wei
7852,Liam
7853,Anastasia
7854,Oliver
7855,Sakura
7856,Lucia
7857,Fatima
7858,Liam
7859,Sophia
7860,Sofia
7861,Hiroshi
7862,Ananya
7863,Samuel
7864,Hiroshi
7865,Samuel
7866,Fatima
7867,Sophia
7868,Mateo
7869,Sofia
7870,Nia
7871,Chloe
7872,Samuel
7873,Anastasia
7874,Sakura
7875,Sakura
7876,Chloe
7877,Léa
7878,Ivan
7879,Sakura
7880,Olga
7881,Lorenzo
7882,Sophia
7883,Chloe
7884,Aria
7885,Ahmed
7886,Kwame
7887,Oliver
7888,Mohammed
7889,Giulia
7890,Sakura
7891,Mohammed
7892,Jean
7893,Ahmed
7894,Priya
7895,Yuki
7896,Aria
7897,Carlos
7898,Kwame
7899,Sophia
7900,Carlos
7901,Jean
7902,Samuel
7903,Giulia
7904,Hiroshi
7905,Samuel
7906,Ahmed
7907,Mohammed
7908,Nia
7909,Kwame
7910,Jean
7911,Ananya
7912,Léa
7913,Ahmed
7914,Kwame
7915,Mateo
7916,Chloe
7917,Aria
7918,Lorenzo
7919,Hiroshi
7920,Chloe
7921,Mateo
7922,Yuki
7923,Hiroshi
7924,Chloe
7925,Léa
7926,Anastasia
7927,Sophia
7928,Kwame
7929,Chloe
7930,Nia
7931,Jean
7932,Mohammed
7933,Hiroshi
7934,Ananya
7935,Wei
7936,Sakura
7937,Wei
7938,Liam
7939,Ahmed
7940,Mohammed
7941,Chloe
7942,Mia
7943,Léa
7944,Léa
7945,Sakura
7946,Nia
7947,Noah
7948,Liam
7949,Olga
7950,Sofia
7951,Ananya
7952,Hiroshi
7953,Hiroshi
7954,Ananya
7955,Jean
7956,Mohammed
7957,Lucia
7958,Chen
7959,Noah
7960,Nia
7961,Ahmed
7962,Chloe
7963,Lorenzo
7964,Sophia
7965,Lucia
7966,Samuel
7967,Noah
7968,Noah
7969,Fatima
7970,Kwame
7971,Mateo
7972,Kwame
7973,Oliver
7974,Liam
7975,Fatima
7976,Fatima
7977,Mohammed
7978,Olga
7979,Liam
7980,Olga
7981,Ananya
7982,Carlos
7983,Fatima
7984,Carlos
7985,Ava
7986,Samuel
7987,Sofia
7988,Priya
7989,Mateo
7990,Léa
7991,Ananya
7992,Emma
7993,Ava
7994,Mia
7995,Yuki
7996,Priya
7997,Nia
7998,Ananya
7999,Fatima
8000,Ivan
8001,Wei
8002,Sophia
8003,Priya
8004,Emma
8005,Mateo
8006,Carlos
8007,Noah
8008,Sakura
8009,Aria
8010,Ivan
8011,Hiroshi
8012,Ahmed
8013,Ananya
8014,Kwame
8015,Aria
8016,Ahmed
8017,Fatima
8018,Samuel
8019,Giulia
8020,Olga
8021,Chen
8022,Chen
8023,Mateo
8024,Mohammed
8025,Giulia
8026,Liam
8027,Lucia
8028,Kwame
8029,Jean
8030,Ava
8031,Oliver
8032,Jean
8033,Léa
8034,Ahmed
8035,Carlos
8036,Mia
8037,Priya
8038,Sofia
8039,Anastasia
8040,Noah
8041,Hiroshi
8042,Sofia
8043,Emma
8044,Lorenzo
8045,Lorenzo
8046,Jean
8047,Yuki
8048,Hiroshi
8049,Ananya
8050,Lucia
8051,Ava
8052,Emma
8053,Ava
8054,Liam
8055,Mohammed
8056,Wei
8057,Anastasia
8058,Noah
8059,Priya
8060,Yuki
8061,Hiroshi
8062,Priya
8063,Kwame
8064,Chen
8065,Mateo
8066,Mia
8067,Chen
8068,Emma
8069,Chen
8070,Nia
8071,Ivan
8072,Priya
8073,Ava
8074,Fatima
8075,Jean
8076,Anastasia
8077,Samuel
8078,Lorenzo
8079,Nia
8080,Jean
8081,Ava
8082,Olga
8083,Fatima
8084,Ahmed
8085,Sofia
8086,Noah
8087,Giulia
8088,Hiroshi
8089,Lorenzo
8090,Mohammed
8091,Mia
8092,Jean
8093,Ahmed
8094,Aria
8095,Sofia
8096,Mia
8097,Fatima
8098,Priya
8099,Emma
8100,Lorenzo
8101,Anastasia
8102,Noah
8103,Hiroshi
8104,Mateo
8105,Mateo
8106,Samuel
8107,Oliver
8108,Léa
8109,Sakura
8110,Sofia
8111,Olga
8112,Liam
8113,Sakura
8114,Ananya
8115,Ananya
8116,Carlos
8117,Aria
8118,Ananya
8119,Noah
8120,Hiroshi
8121,Yuki
8122,Mia
8123,Sofia
8124,Ivan
8125,Lorenzo
8126,Mia
8127,Mateo
8128,Olga
8129,Sofia
8130,Anastasia
8131,Ivan
8132,Oliver
8133,Aria
8134,Lucia
8135,Jean
8136,Yuki
8137,Ahmed
8138,Léa
8139,Aria
8140,Noah
8141,Oliver
8142,Chen
8143,Liam
8144,Noah
8145,Noah
8146,Mateo
8147,Lucia
8148,Sophia
8149,Lorenzo
8150,Léa
8151,Hiroshi
8152,Priya
8153,Fatima
8154,Ava
8155,Nia
8156,Aria
8157,Nia
8158,Lucia
8159,Carlos
8160,Lorenzo
8161,Anastasia
8162,Yuki
8163,Sophia
8164,Aria
8165,Liam
8166,Priya
8167,Chen
8168,Yuki
8169,Jean
8170,Priya
8171,Kwame
8172,Sophia
8173,Mateo
8174,Emma
8175,Mateo
8176,Jean
8177,Jean
8178,Emma
8179,Lucia
8180,Aria
8181,Lorenzo
8182,Priya
8183,Nia
8184,Sophia
8185,Liam
8186,Lucia
8187,Mia
8188,Lorenzo
8189,Noah
8190,Sophia
8191,Nia
8192,Sofia
8193,Jean
8194,Olga
8195,Nia
8196,Ananya
8197,Oliver
8198,Carlos
8199,Chen
8200,Priya
8201,Aria
8202,Jean
8203,Liam
8204,Ahmed
8205,Léa
8206,Chen
8207,Samuel
8208,Emma
8209,Sophia
8210,Mohammed
8211,Chloe
8212,Giulia
8213,Noah
8214,Carlos
8215,Aria
8216,Priya
8217,Aria
8218,Yuki
8219,Mateo
8220,Nia
8221,Kwame
8222,Oliver
8223,Sakura
8224,Mohammed
8225,Ivan
8226,Ananya
8227,Wei
8228,Léa
8229,Chloe
8230,Nia
8231,Ava
8232,Samuel
8233,Carlos
8234,Ivan
8235,Lorenzo
8236,Lucia
8237,Fatima
8238,Kwame
8239,Chen
8240,Ahmed
8241,Lorenzo
8242,Wei
8243,Fatima
8244,Léa
8245,Wei
8246,Mohammed
8247,Mateo
8248,Anastasia
8249,Mateo
8250,Liam
8251,Noah
8252,Mohammed
8253,Oliver
8254,Aria
8255,Priya
8256,Léa
8257,Léa
8258,Ananya
8259,Sakura
8260,Mohammed
8261,Mohammed
8262,Ananya
8263,Giulia
8264,Mia
8265,Mateo
8266,Mohammed
8267,Lucia
8268,Wei
8269,Olga
8270,Giulia
8271,Lorenzo
8272,Lorenzo
8273,Ananya
8274,Yuki
8275,Olga
8276,Wei
8277,Olga
8278,Nia
8279,Olga
8280,Fatima
8281,Wei
8282,Anastasia
8283,Sophia
8284,Anastasia
8285,Anastasia
8286,Wei
8287,Hiroshi
8288,Fatima
8289,Samuel
8290,Sofia
8291,Wei
8292,Jean
8293,Liam
8294,Fatima
8295,Nia
8296,Jean
8297,Ava
8298,Sakura
8299,Kwame
8300,Ava
8301,Sophia
8302,Wei
8303,Nia
8304,Giulia
8305,Mateo
8306,Samuel
8307,Ava
8308,Oliver
8309,Ivan
8310,Liam
8311,Noah
8312,Samuel
8313,Noah
8314,Ananya
8315,Lucia
8316,Priya
8317,Noah
8318,Chen
8319,Wei
8320,Anastasia
8321,Ava
8322,Ivan
8323,Lorenzo
8324,Kwame
8325,Yuki
8326,Yuki
8327,Ava
8328,Ava
8329,Anastasia
8330,Chen
8331,Lucia
8332,Oliver
8333,Lucia
8334,Olga
8335,Yuki
8336,Giulia
8337,Wei
8338,Chen
8339,Lorenzo
8340,Sophia
8341,Chen
8342,Hiroshi
8343,Ahmed
8344,Ananya
8345,Yuki
8346,Oliver
8347,Wei
8348,Sophia
8349,Noah
8350,Chen
8351,Oliver
8352,Priya
8353,Liam
8354,Ivan
8355,Priya
8356,Priya
8357,Mia
8358,Samuel
8359,Léa
8360,Yuki
8361,Sophia
8362,Léa
8363,Ava
8364,Anastasia
8365,Priya
8366,Lorenzo
8367,Ahmed
8368,Chen
8369,Noah
8370,Ananya
8371,Lorenzo
8372,Jean
8373,Lorenzo
8374,Ivan
8375,Wei
8376,Chloe
8377,Jean
8378,Giulia
8379,Sophia
8380,Chloe
8381,Sofia
8382,Ananya
8383,Wei
8384,Ananya
8385,Nia
8386,Liam
8387,Mohammed
8388,Giulia
8389,Mia
8390,Ahmed
8391,Chloe
8392,Giulia
8393,Samuel
8394,Olga
8395,Mateo
8396,Jean
8397,Jean
8398,Jean
8399,Yuki
8400,Sofia
8401,Hiroshi
8402,Aria
8403,Mohammed
8404,Mohammed
8405,Ava
8406,Mateo
8407,Aria
8408,Ahmed
8409,Ivan
8410,Ahmed
8411,Ava
8412,Sophia
8413,Chen
8414,Kwame
8415,Kwame
8416,Fatima
8417,Chen
8418,Ava
8419,Wei
8420,Aria
8421,Sophia
8422,Ava
8423,Giulia
8424,Nia
8425,Noah
8426,Anastasia
8427,Sofia
8428,Ahmed
8429,Jean
8430,Emma
8431,Sophia
8432,Anastasia
8433,Fatima
8434,Mohammed
8435,Lorenzo
8436,Sakura
8437,Lorenzo
8438,Olga
8439,Noah
8440,Mohammed
8441,Aria
8442,Anastasia
8443,Ananya
8444,Mateo
8445,Anastasia
8446,Chen
8447,Anastasia
8448,Giulia
8449,Emma
8450,Sofia
8451,Sophia
8452,Ava
8453,Sofia
8454,Liam
8455,Anastasia
8456,Oliver
8457,Ivan
8458,Mia
8459,Ava
8460,Liam
8461,Lorenzo
8462,Carlos
8463,Mia
8464,Aria
8465,Kwame
8466,Lucia
8467,Olga
8468,Sophia
8469,Sophia
8470,Ivan
8471,Mateo
8472,Lucia
8473,Wei
8474,Hiroshi
8475,Samuel
8476,Kwame
8477,Aria
8478,Mohammed
8479,Chloe
8480,Mateo
8481,Mateo
8482,Giulia
8483,Kwame
8484,Sofia
8485,Samuel
8486,Lucia
8487,Chen
8488,Priya
8489,Samuel
8490,Chen
8491,Mateo
8492,Olga
8493,Sophia
8494,Ahmed
8495,Chloe
8496,Nia
8497,Nia
8498,Chen
8499,Noah
8500,Chloe
8501,Chen
8502,Ivan
8503,Anastasia
8504,Olga
8505,Chloe
8506,Olga
8507,Fatima
8508,Lucia
8509,Lorenzo
8510,Noah
8511,Sophia
8512,Ivan
8513,Sophia
8514,Mia
8515,Priya
8516,Lucia
8517,Lucia
8518,Yuki
8519,Lucia
8520,Kwame
8521,Aria
8522,Léa
8523,Olga
8524,Kwame
8525,Liam
8526,Wei
8527,Léa
8528,Ivan
8529,Yuki
8530,Chloe
8531,Ava
8532,Hiroshi
8533,Sakura
8534,Mia
8535,Mateo
8536,Nia
8537,Ivan
8538,Chen
8539,Chloe
8540,Priya
8541,Ananya
8542,Sofia
8543,Wei
8544,Oliver
8545,Aria
8546,Fatima
8547,Chen
8548,Lorenzo
8549,Nia
8550,Jean
8551,Priya
8552,Noah
8553,Wei
8554,Léa
8555,Lucia
8556,Wei
8557,Léa
8558,Emma
8559,Mateo
8560,Oliver
8561,Kwame
8562,Hiroshi
8563,Mateo
8564,Jean
8565,Liam
8566,Jean
8567,Noah
8568,Olga
8569,Carlos
8570,Nia
8571,Ava
8572,Aria
8573,Yuki
8574,Sofia
8575,Mia
8576,Lorenzo
8577,Mohammed
8578,Ivan
8579,Sophia
8580,Lorenzo
8581,Aria
8582,Ahmed
8583,Yuki
8584,Ivan
8585,Léa
8586,Kwame
8587,Priya
8588,Lorenzo
8589,Priya
8590,Giulia
8591,Yuki
8592,Lucia
8593,Anastasia
8594,Wei
8595,Hiroshi
8596,Chen
8597,Sakura
8598,Olga
8599,Carlos
8600,Léa
8601,Ava
8602,Ananya
8603,Ananya
8604,Sofia
8605,Anastasia
8606,Léa
8607,Samuel
8608,Sakura
8609,Samuel
8610,Anastasia
8611,Wei
8612,Liam
8613,Giulia
8614,Wei
8615,Oliver
8616,Sofia
8617,Chloe
8618,Nia
8619,Carlos
8620,Léa
8621,Anastasia
8622,Lucia
8623,Chloe
8624,Nia
8625,Sakura
8626,Fatima
8627,Ivan
8628,Kwame
8629,Chloe
8630,Emma
8631,Oliver
8632,Liam
8633,Ananya
8634,Olga
8635,Emma
8636,Aria
8637,Anastasia
8638,Ivan
8639,Aria
8640,Anastasia
8641,Sophia
8642,Wei
8643,Ananya
8644,Emma
8645,Aria
8646,Sakura
8647,Mia
8648,Lucia
8649,Sakura
8650,Samuel
8651,Liam
8652,Kwame
8653,Samuel
8654,Wei
8655,Lorenzo
8656,Hiroshi
8657,Ananya
8658,Ananya
8659,Lucia
8660,Chloe
8661,Chen
8662,Jean
8663,Chen
8664,Emma
8665,Oliver
8666,Mateo
8667,Lorenzo
8668,Chen
8669,Lorenzo
8670,Léa
8671,Priya
8672,Lorenzo
8673,Lorenzo
8674,Ananya
8675,Kwame
8676,Ananya
8677,Sakura
8678,Léa
8679,Lorenzo
8680,Sophia
8681,Priya
8682,Mateo
8683,Yuki
8684,Noah
8685,Ahmed
8686,Ananya
8687,Aria
8688,Sakura
8689,Samuel
8690,Emma
8691,Lucia
8692,Sophia
8693,Ava
8694,Wei
8695,Anastasia
8696,Wei
8697,Aria
8698,Léa
8699,Lucia
8700,Anastasia
8701,Ananya
8702,Carlos
8703,Carlos
8704,Sofia
8705,Mohammed
8706,Wei
8707,Mohammed
8708,Emma
8709,Giulia
8710,Anastasia
8711,Ahmed
8712,Ananya
8713,Jean
8714,Emma
8715,Priya
8716,Yuki
8717,Nia
8718,Aria
8719,Giulia
8720,Priya
8721,Mohammed
8722,Mateo
8723,Fatima
8724,Olga
8725,Ananya
8726,Kwame
8727,Noah
8728,Wei
8729,Chen
8730,Sakura
8731,Jean
8732,Ivan
8733,Lorenzo
8734,Lucia
8735,Ananya
8736,Olga
8737,Jean
8738,Sakura
8739,Lorenzo
8740,Noah
8741,Jean
8742,Sophia
8743,Chen
8744,Carlos
8745,Giulia
8746,Chen
8747,Hiroshi
8748,Chloe
8749,Ava
8750,Olga
8751,Nia
8752,Hiroshi
8753,Chen
8754,Noah
8755,Mia
8756,Ivan
8757,Fatima
8758,Carlos
8759,Kwame
8760,Sofia
8761,Ananya
8762,Liam
8763,Giulia
8764,Emma
8765,Sofia
8766,Nia
8767,Aria
8768,Hiroshi
8769,Samuel
8770,Wei
8771,Sakura
8772,Mohammed
8773,Kwame
8774,Emma
8775,Léa
8776,Lucia
8777,Kwame
8778,Oliver
8779,Fatima
8780,Ahmed
8781,Chen
8782,Liam
8783,Anastasia
8784,Anastasia
8785,Mohammed
8786,Hiroshi
8787,Chen
8788,Liam
8789,Nia
8790,Kwame
8791,Kwame
8792,Lorenzo
8793,Priya
8794,Wei
8795,Hiroshi
8796,Emma
8797,Mia
8798,Fatima
8799,Samuel
8800,Sofia
8801,Chloe
8802,Kwame
8803,Ivan
8804,Sakura
8805,Sophia
8806,Nia
8807,Yuki
8808,Samuel
8809,Emma
8810,Emma
8811,Hiroshi
8812,Olga
8813,Nia
8814,Mohammed
8815,Nia
8816,Giulia
8817,Carlos
8818,Fatima
8819,Fatima
8820,Chloe
8821,Mohammed
8822,Kwame
8823,Ivan
8824,Wei
8825,Kwame
8826,Yuki
8827,Samuel
8828,Ahmed
8829,Oliver
8830,Chen
8831,Lucia
8832,Mateo
8833,Olga
8834,Emma
8835,Sofia
8836,Jean
8837,Ivan
8838,Mia
8839,Jean
8840,Noah
8841,Yuki
8842,Ivan
8843,Ahmed
8844,Sophia
8845,Ananya
8846,Chen
8847,Samuel
8848,Chloe
8849,Aria
8850,Hiroshi
8851,Ananya
8852,Nia
8853,Noah
8854,Liam
8855,Sakura
8856,Aria
8857,Giulia
8858,Lucia
8859,Noah
8860,Priya
8861,Jean
8862,Jean
8863,Noah
8864,Ava
8865,Priya
8866,Mia
8867,Mohammed
8868,Ava
8869,Nia
8870,Mateo
8871,Léa
8872,Aria
8873,Mateo
8874,Samuel
8875,Aria
8876,Kwame
8877,Samuel
8878,Emma
8879,Giulia
8880,Yuki
8881,Liam
8882,Sofia
8883,Olga
8884,Oliver
8885,Emma
8886,Mateo
8887,Sakura
8888,Lucia
8889,Kwame
8890,Sophia
8891,Ava
8892,Priya
8893,Mia
8894,Oliver
8895,Noah
8896,Lucia
8897,Samuel
8898,Olga
8899,Ava
8900,Oliver
8901,Lorenzo
8902,Priya
8903,Fatima
8904,Liam
8905,Kwame
8906,Ahmed
8907,Wei
8908,Kwame
8909,Ahmed
8910,Fatima
8911,Mia
8912,Mateo
8913,Yuki
8914,Priya
8915,Priya
8916,Emma
8917,Mohammed
8918,Nia
8919,Lucia
8920,Sakura
8921,Liam
8922,Yuki
8923,Léa
8924,Giulia
8925,Lorenzo
8926,Samuel
8927,Anastasia
8928,Ahmed
8929,Léa
8930,Lorenzo
8931,Ananya
8932,Mia
8933,Oliver
8934,Anastasia
8935,Carlos
8936,Ivan
8937,Emma
8938,Carlos
8939,Emma
8940,Mohammed
8941,Giulia
8942,Sakura
8943,Ahmed
8944,Fatima
8945,Liam
8946,Lucia
8947,Mia
8948,Wei
8949,Emma
8950,Chen
8951,Liam
8952,Emma
8953,Anastasia
8954,Sophia
8955,Fatima
8956,Sophia
8957,Kwame
8958,Chen
8959,Hiroshi
8960,Oliver
8961,Ivan
8962,Olga
8963,Chloe
8964,Oliver
8965,Léa
8966,Nia
8967,Sakura
8968,Samuel
8969,Hiroshi
8970,Hiroshi
8971,Samuel
8972,Mateo
8973,Léa
8974,Noah
8975,Kwame
8976,Olga
8977,Jean
8978,Ananya
8979,Samuel
8980,Wei
8981,Oliver
8982,Léa
8983,Noah
8984,Carlos
8985,Ivan
8986,Carlos
8987,Mohammed
8988,Anastasia
8989,Chen
8990,Lucia
8991,Priya
8992,Nia
8993,Chen
8994,Aria
8995,Sophia
8996,Giulia
8997,Emma
8998,Ananya
8999,Giulia
9000,Sakura
9001,Lorenzo
9002,Olga
9003,Yuki
9004,Anastasia
9005,Mohammed
9006,Lorenzo
9007,Lucia
9008,Kwame
9009,Kwame
9010,Yuki
9011,Sofia
9012,Anastasia
9013,Samuel
9014,Samuel
9015,Wei
9016,Chloe
9017,Priya
9018,Sofia
9019,Sakura
9020,Wei
9021,Samuel
9022,Ivan
9023,Carlos
9024,Lorenzo
9025,Sofia
9026,Chen
9027,Kwame
9028,Lucia
9029,Liam
9030,Priya
9031,Noah
9032,Léa
9033,Wei
9034,Giulia
9035,Priya
9036,Liam
9037,Lucia
9038,Lorenzo
9039,Nia
9040,Wei
9041,Chen
9042,Giulia
9043,Wei
9044,Mia
9045,Mohammed
9046,Mohammed
9047,Anastasia
9048,Yuki
9049,Mohammed
9050,Lucia
9051,Ananya
9052,Jean
9053,Kwame
9054,Ahmed
9055,Samuel
9056,Sophia
9057,Ahmed
9058,Wei
9059,Noah
9060,Olga
9061,Mia
9062,Emma
9063,Ava
9064,Kwame
9065,Oliver
9066,Oliver
9067,Fatima
9068,Oliver
9069,Sofia
9070,Sofia
9071,Nia
9072,Emma
9073,Samuel
9074,Oliver
9075,Olga
9076,Ananya
9077,Olga
9078,Hiroshi
9079,Fatima
9080,Emma
9081,Mohammed
9082,Liam
9083,Aria
9084,Sophia
9085,Mohammed
9086,Yuki
9087,Ava
9088,Lucia
9089,Priya
9090,Lucia
9091,Wei
9092,Olga
9093,Yuki
9094,Priya
9095,Liam
9096,Oliver
9097,Anastasia
9098,Hiroshi
9099,Mateo
9100,Yuki
9101,Mateo
9102,Carlos
9103,Léa
9104,Liam
9105,Wei
9106,Sofia
9107,Fatima
9108,Kwame
9109,Wei
9110,Chen
9111,Mohammed
9112,Noah
9113,Liam
9114,Ahmed
9115,Ananya
9116,Liam
9117,Mateo
9118,Yuki
9119,Samuel
9120,Léa
9121,Ivan
9122,Sakura
9123,Léa
9124,Emma
9125,Anastasia
9126,Wei
9127,Fatima
9128,Ananya
9129,Wei
9130,Chen
9131,Anastasia
9132,Ava
9133,Ahmed
9134,Ananya
9135,Chen
9136,Priya
9137,Ahmed
9138,Sakura
9139,Mohammed
9140,Carlos
9141,Yuki
9142,Chen
9143,Olga
9144,Aria
9145,Aria
9146,Emma
9147,Giulia
9148,Chloe
9149,Chen
9150,Oliver
9151,Giulia
9152,Samuel
9153,Liam
9154,Mia
9155,Anastasia
9156,Anastasia
9157,Carlos
9158,Samuel
9159,Anastasia
9160,Sofia
9161,Anastasia
9162,Ananya
9163,Ahmed
9164,Oliver
9165,Nia
9166,Wei
9167,Aria
9168,Olga
9169,Noah
9170,Emma
9171,Sakura
9172,Lucia
9173,Mohammed
9174,Emma
9175,Hiroshi
9176,Aria
9177,Fatima
9178,Hiroshi
9179,Noah
9180,Sofia
9181,Aria
9182,Sophia
9183,Lucia
9184,Ananya
9185,Lucia
9186,Liam
9187,Ananya
9188,Nia
9189,Chen
9190,Sophia
9191,Lorenzo
9192,Yuki
9193,Noah
9194,Hiroshi
9195,Priya
9196,Ava
9197,Léa
9198,Giulia
9199,Jean
9200,Chen
9201,Nia
9202,Aria
9203,Wei
9204,Carlos
9205,Olga
9206,Lucia
9207,Ava
9208,Liam
9209,Jean
9210,Aria
9211,Mohammed
9212,Nia
9213,Olga
9214,Oliver
9215,Noah
9216,Ahmed
9217,Sakura
9218,Hiroshi
9219,Hiroshi
9220,Mia
9221,Sofia
9222,Aria
9223,Sakura
9224,Léa
9225,Sofia
9226,Carlos
9227,Noah
9228,Sophia
9229,Mateo
9230,Yuki
9231,Sophia
9232,Mia
9233,Wei
9234,Lucia
9235,Lucia
9236,Aria
9237,Nia
9238,Giulia
9239,Emma
9240,Priya
9241,Emma
9242,Ivan
9243,Ananya
9244,Mia
9245,Yuki
9246,Ananya
9247,Wei
9248,Noah
9249,Samuel
9250,Olga
9251,Ivan
9252,Giulia
9253,Oliver
9254,Carlos
9255,Carlos
9256,Sophia
9257,Aria
9258,Sofia
9259,Ahmed
9260,Priya
9261,Sophia
9262,Anastasia
9263,Priya
9264,Carlos
9265,Jean
9266,Emma
9267,Mateo
9268,Jean
9269,Hiroshi
9270,Yuki
9271,Yuki
9272,Sakura
9273,Mateo
9274,Ivan
9275,Ananya
9276,Wei
9277,Sakura
9278,Sophia
9279,Carlos
9280,Noah
9281,Carlos
9282,Sophia
9283,Kwame
9284,Ananya
9285,Noah
9286,Ahmed
9287,Jean
9288,Mateo
9289,Carlos
9290,Sofia
9291,Ava
9292,Yuki
9293,Chloe
9294,Giulia
9295,Emma
9296,Sakura
9297,Giulia
9298,Aria
9299,Wei
9300,Ahmed
9301,Lorenzo
9302,Wei
9303,Sakura
9304,Mohammed
9305,Sofia
9306,Oliver
9307,Chen
9308,Aria
9309,Sofia
9310,Hiroshi
9311,Ahmed
9312,Chloe
9313,Fatima
9314,Sofia
9315,Ahmed
9316,Chloe
9317,Olga
9318,Carlos
9319,Chloe
9320,Lucia
9321,Anastasia
9322,Ananya
9323,Lucia
9324,Olga
9325,Léa
9326,Aria
9327,Giulia
9328,Sophia
9329,Jean
9330,Ananya
9331,Anastasia
9332,Emma
9333,Chloe
9334,Fatima
9335,Mia
9336,Jean
9337,Emma
9338,Hiroshi
9339,Yuki
9340,Chloe
9341,Lorenzo
9342,Lorenzo
9343,Sophia
9344,Priya
9345,Lucia
9346,Mateo
9347,Kwame
9348,Samuel
9349,Mohammed
9350,Olga
9351,Emma
9352,Sakura
9353,Liam
9354,Mia
9355,Lorenzo
9356,Mateo
9357,Lorenzo
9358,Nia
9359,Hiroshi
9360,Lucia
9361,Fatima
9362,Hiroshi
9363,Léa
9364,Kwame
9365,Noah
9366,Anastasia
9367,Sophia
9368,Hiroshi
9369,Lucia
9370,Sophia
9371,Mia
9372,Olga
9373,Giulia
9374,Chen
9375,Sakura
9376,Kwame
9377,Mohammed
9378,Sofia
9379,Sakura
9380,Ava
9381,Hiroshi
9382,Jean
9383,Ava
9384,Lucia
9385,Mohammed
9386,Oliver
9387,Fatima
9388,Lorenzo
9389,Samuel
9390,Wei
9391,Hiroshi
9392,Nia
9393,Sophia
9394,Emma
9395,Hiroshi
9396,Noah
9397,Chloe
9398,Ava
9399,Sophia
9400,Yuki
9401,Sakura
9402,Fatima
9403,Ava
9404,Fatima
9405,Liam
9406,Ananya
9407,Ahmed
9408,Yuki
9409,Fatima
9410,Wei
9411,Chen
9412,Kwame
9413,Liam
9414,Fatima
9415,Lorenzo
9416,Mohammed
9417,Anastasia
9418,Fatima
9419,Hiroshi
9420,Samuel
9421,Carlos
9422,Mohammed
9423,Kwame
9424,Mateo
9425,Sofia
9426,Samuel
9427,Sakura
9428,Noah
9429,Jean
9430,Sofia
9431,Mateo
9432,Mateo
9433,Ava
9434,Fatima
9435,Yuki
9436,Nia
9437,Lorenzo
9438,Chloe
9439,Jean
9440,Yuki
9441,Anastasia
9442,Emma
9443,Ahmed
9444,Sakura
9445,Noah
9446,Emma
9447,Aria
9448,Nia
9449,Ananya
9450,Noah
9451,Nia
9452,Chen
9453,Lorenzo
9454,Noah
9455,Lucia
9456,Priya
9457,Mia
9458,Mohammed
9459,Léa
9460,Fatima
9461,Chloe
9462,Oliver
9463,Hiroshi
9464,Ahmed
9465,Oliver
9466,Liam
9467,Samuel
9468,Mateo
9469,Aria
9470,Yuki
9471,Hiroshi
9472,Sophia
9473,Giulia
9474,Sophia
9475,Carlos
9476,Giulia
9477,Priya
9478,Carlos
9479,Ananya
9480,Liam
9481,Oliver
9482,Carlos
9483,Ivan
9484,Mia
9485,Ivan
9486,Mohammed
9487,Priya
9488,Samuel
9489,Sofia
9490,Wei
9491,Lorenzo
9492,Carlos
9493,Sophia
9494,Ahmed
9495,Mateo
9496,Nia
9497,Samuel
9498,Priya
9499,Anastasia
9500,Lucia
9501,Sophia
9502,Sofia
9503,Ivan
9504,Yuki
9505,Lucia
9506,Giulia
9507,Léa
9508,Hiroshi
9509,Ava
9510,Ivan
9511,Chloe
9512,Emma
9513,Sofia
9514,Ananya
9515,Sofia
9516,Carlos
9517,Lorenzo
9518,Carlos
9519,Jean
9520,Priya
9521,Jean
9522,Hiroshi
9523,Nia
9524,Mohammed
9525,Mohammed
9526,Noah
9527,Fatima
9528,Lorenzo
9529,Mia
9530,Sofia
9531,Aria
9532,Mateo
9533,Ivan
9534,Emma
9535,Ahmed
9536,Yuki
9537,Liam
9538,Lorenzo
9539,Anastasia
9540,Lucia
9541,Ivan
9542,Aria
9543,Lorenzo
9544,Léa
9545,Giulia
9546,Ivan
9547,Lucia
9548,Emma
9549,Carlos
9550,Ananya
9551,Yuki
9552,Ava
9553,Hiroshi
9554,Ava
9555,Hiroshi
9556,Wei
9557,Mia
9558,Priya
9559,Chloe
9560,Ahmed
9561,Giulia
9562,Fatima
9563,Ananya
9564,Oliver
9565,Mohammed
9566,Sakura
9567,Emma
9568,Sakura
9569,Ananya
9570,Nia
9571,Aria
9572,Mohammed
9573,Wei
9574,Lorenzo
9575,Priya
9576,Chloe
9577,Sofia
9578,Lucia
9579,Liam
9580,Chen
9581,Priya
9582,Ivan
9583,Samuel
9584,Jean
9585,Aria
9586,Aria
9587,Oliver
9588,Aria
9589,Priya
9590,Priya
9591,Mia
9592,Emma
9593,Noah
9594,Sakura
9595,Giulia
9596,Olga
9597,Kwame
9598,Sofia
9599,Lucia
9600,Kwame
9601,Mia
9602,Hiroshi
9603,Aria
9604,Léa
9605,Léa
9606,Nia
9607,Kwame
9608,Anastasia
9609,Aria
9610,Giulia
9611,Liam
9612,Samuel
9613,Sofia
9614,Jean
9615,Chen
9616,Lucia
9617,Mia
9618,Noah
9619,Lorenzo
9620,Ananya
9621,Ahmed
9622,Carlos
9623,Mia
9624,Chen
9625,Lorenzo
9626,Lucia
9627,Anastasia
9628,Lorenzo
9629,Giulia
9630,Samuel
9631,Mohammed
9632,Nia
9633,Sakura
9634,Lucia
9635,Ananya
9636,Oliver
9637,Kwame
9638,Nia
9639,Chen
9640,Sophia
9641,Ahmed
9642,Kwame
9643,Fatima
9644,Sakura
9645,Sophia
9646,Samuel
9647,Jean
9648,Ananya
9649,Sakura
9650,Fatima
9651,Olga
9652,Mateo
9653,Kwame
9654,Olga
9655,Aria
9656,Ivan
9657,Mohammed
9658,Samuel
9659,Giulia
9660,Noah
9661,Olga
9662,Mohammed
9663,Priya
9664,Ananya
9665,Giulia
9666,Oliver
9667,Yuki
9668,Samuel
9669,Ahmed
9670,Yuki
9671,Emma
9672,Sofia
9673,Mia
9674,Ahmed
9675,Noah
9676,Priya
9677,Anastasia
9678,Anastasia
9679,Aria
9680,Noah
9681,Ahmed
9682,Ava
9683,Kwame
9684,Chloe
9685,Fatima
9686,Olga
9687,Lorenzo
9688,Olga
9689,Chloe
9690,Samuel
9691,Aria
9692,Aria
9693,Lorenzo
9694,Mia
9695,Sofia
9696,Nia
9697,Aria
9698,Jean
9699,Ava
9700,Sofia
9701,Anastasia
9702,Mia
9703,Mohammed
9704,Yuki
9705,Anastasia
9706,Mateo
9707,Kwame
9708,Ivan
9709,Hiroshi
9710,Léa
9711,Lorenzo
9712,Lorenzo
9713,Carlos
9714,Sakura
9715,Nia
9716,Sophia
9717,Nia
9718,Ananya
9719,Mia
9720,Lorenzo
9721,Fatima
9722,Aria
9723,Ahmed
9724,Ahmed
9725,Kwame
9726,Noah
9727,Sofia
9728,Léa
9729,Chloe
9730,Oliver
9731,Léa
9732,Priya
9733,Mohammed
9734,Mateo
9735,Priya
9736,Ivan
9737,Chen
9738,Anastasia
9739,Ananya
9740,Sophia
9741,Sophia
9742,Lucia
9743,Yuki
9744,Sofia
9745,Oliver
9746,Anastasia
9747,Ananya
9748,Anastasia
9749,Nia
9750,Ananya
9751,Aria
9752,Anastasia
9753,Sakura
9754,Anastasia
9755,Sofia
9756,Liam
9757,Fatima
9758,Hiroshi
9759,Kwame
9760,Giulia
9761,Priya
9762,Sakura
9763,Noah
9764,Olga
9765,Chen
9766,Sakura
9767,Aria
9768,Ahmed
9769,Sakura
9770,Lorenzo
9771,Liam
9772,Liam
9773,Oliver
9774,Ahmed
9775,Mateo
9776,Yuki
9777,Lucia
9778,Léa
9779,Anastasia
9780,Olga
9781,Mohammed
9782,Ivan
9783,Sakura
9784,Ivan
9785,Lorenzo
9786,Chen
9787,Yuki
9788,Jean
9789,Olga
9790,Giulia
9791,Sofia
9792,Ava
9793,Kwame
9794,Giulia
9795,Mohammed
9796,Lorenzo
9797,Carlos
9798,Mohammed
9799,Lorenzo
9800,Lucia
9801,Noah
9802,Olga
9803,Ananya
9804,Ivan
9805,Ava
9806,Giulia
9807,Lucia
9808,Anastasia
9809,Chloe
9810,Ava
9811,Ahmed
9812,Lucia
9813,Carlos
9814,Emma
9815,Noah
9816,Sakura
9817,Sophia
9818,Sakura
9819,Yuki
9820,Lucia
9821,Wei
9822,Kwame
9823,Chen
9824,Ahmed
9825,Ahmed
9826,Aria
9827,Anastasia
9828,Olga
9829,Chen
9830,Ava
9831,Oliver
9832,Sofia
9833,Aria
9834,Ivan
9835,Fatima
9836,Nia
9837,Chen
9838,Fatima
9839,Olga
9840,Samuel
9841,Ava
9842,Ivan
9843,Hiroshi
9844,Jean
9845,Chen
9846,Jean
9847,Liam
9848,Ivan
9849,Anastasia
9850,Ahmed
9851,Sakura
9852,Ivan
9853,Olga
9854,Wei
9855,Anastasia
9856,Chen
9857,Wei
9858,Léa
9859,Oliver
9860,Sophia
9861,Léa
9862,Sophia
9863,Mateo
9864,Hiroshi
9865,Nia
9866,Samuel
9867,Chloe
9868,Mateo
9869,Liam
9870,Carlos
9871,Ivan
9872,Carlos
9873,Sofia
9874,Sofia
9875,Ahmed
9876,Yuki
9877,Lucia
9878,Chloe
9879,Sofia
9880,Yuki
9881,Chen
9882,Olga
9883,Ananya
9884,Fatima
9885,Samuel
9886,Anastasia
9887,Fatima
9888,Emma
9889,Ivan
9890,Mohammed
9891,Yuki
9892,Giulia
9893,Sakura
9894,Léa
9895,Hiroshi
9896,Ava
9897,Giulia
9898,Sofia
9899,Emma
9900,Chloe
9901,Olga
9902,Carlos
9903,Léa
9904,Sakura
9905,Ananya
9906,Jean
9907,Priya
9908,Ava
9909,Sakura
9910,Léa
9911,Sophia
9912,Oliver
9913,Sophia
9914,Liam
9915,Ivan
9916,Kwame
9917,Léa
9918,Mohammed
9919,Ananya
9920,Sakura
9921,Oliver
9922,Giulia
9923,Ahmed
9924,Emma
9925,Priya
9926,Sofia
9927,Samuel
9928,Kwame
9929,Hiroshi
9930,Fatima
9931,Priya
9932,Hiroshi
9933,Oliver
9934,Hiroshi
9935,Priya
9936,Ahmed
9937,Noah
9938,Sophia
9939,Yuki
9940,Olga
9941,Chloe
9942,Ananya
9943,Sofia
9944,Lorenzo
9945,Hiroshi
9946,Aria
9947,Carlos
9948,Nia
9949,Sophia
9950,Ahmed
9951,Ananya
9952,Nia
9953,Ava
9954,Priya
9955,Jean
9956,Nia
9957,Ananya
9958,Samuel
9959,Sakura
9960,Ivan
9961,Olga
9962,Hiroshi
9963,Samuel
9964,Jean
9965,Chloe
9966,Giulia
9967,Sofia
9968,Sakura
9969,Liam
9970,Priya
9971,Priya
9972,Ahmed
9973,Lucia
9974,Emma
9975,Wei
9976,Chen
9977,Fatima
9978,Yuki
9979,Giulia
9980,Noah
9981,Wei
9982,Hiroshi
9983,Liam
9984,Fatima
9985,Lucia
9986,Giulia
9987,Priya
9988,Aria
9989,Mateo
9990,Nia
9991,Anastasia
9992,Mateo
9993,Lucia
9994,Chen
9995,Léa
9996,Wei
9997,Jean
9998,Jean
9999,Mia
10000,Liam
