FirstName,LastName,PhoneNumber
Nia,Singh,+27 831-866-8703
Oliver,Rossi,+44 748-560-3838
Aria,Murphy,+81 797-353-6832
Chen,Williams,+1 472-690-8445
Chen,Smith,+7 814-213-4176
Wei,Hernandez,+33 207-171-2760
Sophia,Hernandez,+33 345-147-8117
Jean,Kowalski,+91 898-498-3587
Oliver,Murphy,+27 896-851-9458
Mateo,Patel,+86 976-945-3726
Sofia,Jones,+27 463-993-2649
Léa,Chen,+86 728-681-2434
Giulia,Murphy,+34 558-905-8170
Anastasia,Novak,+44 642-493-8218
Carlos,Novak,+34 831-805-9480
Ivan,O'Connor,+44 696-116-5085
Mateo,O'Connor,+91 404-261-3203
Lorenzo,Murphy,+39 867-694-6487
Fatima,Hernandez,+33 409-715-8790
Samuel,Okafor,+49 848-338-2203
Nia,Ivanov,+49 942-434-3043
Nia,Chen,+86 828-855-8205
Anastasia,Li,+86 205-203-8559
Lucia,Li,+27 943-211-2237
Sakura,Martinez,+33 439-398-5463
Giulia,Kim,+33 457-969-4433
Emma,Johnson,+34 820-121-8182
Mateo,Lopez,+1 715-299-8821
Ava,Martinez,+81 369-353-3731
Giulia,Martinez,+39 195-566-4915
Lorenzo,Singh,+49 659-484-4970
Noah,Nguyen,+91 401-568-9048
Carlos,Popescu,+91 753-933-5340
Chen,Ivanov,+44 974-410-2420
Kwame,Ivanov,+27 568-384-7051
Aria,Costa,+39 188-482-5314
Lorenzo,Costa,+34 718-198-4044
Ivan,Murphy,+86 513-918-8975
Jean,Ibrahim,+33 527-393-9948
Mateo,Williams,+34 471-463-1314
Olga,Johnson,+39 386-362-3153
Olga,Popescu,+34 789-872-2087
Ivan,Martinez,+1 274-491-3832
Priya,Bianchi,+7 459-704-9202
Léa,Martinez,+1 751-554-2711
Oliver,Johnson,+81 997-585-7604
Chloe,Popescu,+91 294-575-8342
Aria,Bianchi,+39 446-273-7865
Ahmed,Petrov,+44 385-994-1199
Ivan,Garcia,+86 807-532-7362
Chen,Petrov,+91 495-482-9609
Léa,Chen,+49 889-940-3180
Olga,Brown,+33 168-689-1896
Oliver,Popescu,+7 431-944-9809
Ava,Dubois,+91 512-983-2690
Ivan,Johnson,+7 258-655-3475
Nia,Jones,+39 707-872-2601
Carlos,Petrov,+44 454-345-7559
Liam,Martinez,+44 417-183-5720
Sophia,Okafor,+7 385-552-9932
Noah,Lopez,+86 197-155-2565
Sakura,Garcia,+33 164-398-4902
Kwame,Smith,+1 317-746-3176
Sofia,Singh,+1 612-729-3420
Oliver,Martinez,+1 682-689-1654
Sophia,Ibrahim,+34 338-626-8963
Nia,Dubois,+7 297-525-8791
Oliver,Nguyen,+7 523-625-9699
Olga,Rossi,+7 339-638-3977
Kwame,Ivanov,+91 512-507-8158
Ahmed,Popescu,+33 306-553-7884
Aria,Kim,+7 347-525-1310
Lucia,Martinez,+39 172-969-1405
Fatima,Li,+39 812-953-9259
Sakura,Bianchi,+81 684-861-2219
Aria,Petrov,+81 503-930-5769
Kwame,Smith,+49 997-905-9492
Aria,Lopez,+81 113-148-1115
Chloe,Nguyen,+7 471-917-3544
Sofia,Okafor,+39 188-500-4984
Oliver,Miller,+44 700-145-8082
Sakura,Singh,+81 876-484-3863
Lorenzo,Nguyen,+91 790-712-1430
Wei,Okafor,+33 766-398-7866
Lorenzo,Martinez,+7 734-418-8830
Kwame,Singh,+33 379-302-3241
Wei,Rossi,+91 247-595-9980
Priya,Kim,+7 317-642-3342
Priya,Okafor,+27 716-202-4620
Lucia,Murphy,+86 595-911-1114
Mateo,Li,+33 838-890-2072
Priya,Kim,+7 470-969-6779
Sakura,Dubois,+7 706-707-4519
Jean,Novak,+91 781-374-8902
Ava,Li,+44 268-495-4752
Lorenzo,Nguyen,+33 188-690-2954
Yuki,Hernandez,+39 492-141-6599
Hiroshi,Silva,+34 121-926-8358
Liam,Costa,+81 608-703-1640
Aria,Rossi,+1 711-293-6275
Priya,Murphy,+86 218-999-3227
Ava,Li,+34 959-474-4647
Hiroshi,Martinez,+27 181-924-7904
Wei,Chen,+49 936-238-5728
Jean,Lopez,+1 900-928-4427
Fatima,Hernandez,+7 777-959-8502
Sophia,Bianchi,+86 814-187-5766
Oliver,Dubois,+91 674-884-1161
Nia,O'Connor,+39 237-896-1193
Chloe,Williams,+39 558-302-9975
Hiroshi,Silva,+81 970-235-6107
Sofia,Kim,+7 556-953-3106
Mohammed,Singh,+1 634-134-8222
Hiroshi,Kim,+34 439-344-8930
Emma,Rossi,+81 206-521-5521
Sophia,Williams,+1 718-412-4534
Léa,Nguyen,+1 208-673-1235
Sakura,Costa,+44 754-571-5918
Mia,Ivanov,+86 753-131-7161
Carlos,Ivanov,+91 687-797-9601
Emma,Silva,+91 372-302-1409
Aria,Abadi,+81 552-218-1401
Emma,Rossi,+49 916-692-7997
Ava,Rossi,+27 930-607-3610
Olga,Singh,+34 847-938-8415
Chen,Brown,+34 188-128-2941
Ananya,Singh,+39 456-952-8114
Ivan,Miller,+1 183-812-9095
Anastasia,Novak,+44 347-391-5828
Hiroshi,Rossi,+27 658-260-9915
Ahmed,Nguyen,+1 143-558-3909
Hiroshi,Martinez,+81 302-765-6114
Hiroshi,Rossi,+44 146-783-9305
Chloe,Hernandez,+49 966-557-9528
Carlos,O'Connor,+86 309-822-4235
Nia,Kim,+27 687-199-3854
Lorenzo,Smith,+27 190-327-6643
Ahmed,Miller,+34 301-514-9138
Fatima,Lopez,+33 266-190-5398
Kwame,Okafor,+39 779-538-4808
Sakura,Chen,+91 817-651-4792
Chloe,Martinez,+1 703-681-8845
Ahmed,Novak,+91 272-126-4632
Lorenzo,Kim,+34 587-779-3070
Nia,Singh,+81 781-256-4757
Léa,Abebe,+7 674-178-6364
Priya,Abadi,+39 707-840-5184
Chen,Ibrahim,+81 261-319-1747
Ava,Jones,+44 897-976-7767
Nia,O'Connor,+44 860-780-4726
Giulia,Garcia,+33 124-487-7366
Mohammed,Lopez,+27 255-596-6932
Aria,Costa,+39 372-543-4230
Olga,Garcia,+34 341-473-6275
Sophia,Jones,+91 708-362-2172
Sophia,Popescu,+49 286-928-5637
Giulia,Martinez,+39 730-889-8639
Emma,Dubois,+33 654-871-4026
Oliver,Garcia,+1 814-201-5605
Mia,Abadi,+33 700-561-3679
Giulia,Garcia,+39 325-902-5520
Chloe,Kim,+86 341-401-5286
Léa,Nguyen,+7 685-357-7832
Olga,Abebe,+33 433-670-9247
Noah,Smith,+33 325-737-3900
Chen,Miller,+27 621-782-7855
Yuki,Abebe,+34 649-511-1772
Hiroshi,Williams,+33 968-522-6724
Noah,Silva,+81 505-718-5615
Lucia,Okafor,+33 830-860-1016
Liam,Kowalski,+86 591-508-3952
Ananya,Johnson,+27 979-736-4588
Samuel,Popescu,+86 478-217-8879
Priya,Costa,+86 634-683-6309
Aria,Lopez,+86 899-711-7091
Samuel,Garcia,+39 714-647-3828
Olga,Chen,+49 462-998-2022
Giulia,Kim,+33 495-659-7887
Anastasia,Abebe,+33 976-552-5483
Mia,Dubois,+39 316-556-7215
Emma,Murphy,+39 529-643-4121
Olga,Costa,+7 477-203-8570
Liam,Patel,+44 741-505-2391
Fatima,Kowalski,+7 698-240-9438
Ivan,Petrov,+34 864-610-9526
Samuel,Okafor,+81 199-452-2133
Lorenzo,Chen,+1 616-891-3990
Léa,Garcia,+27 186-137-3034
Oliver,Abadi,+7 817-270-1246
Fatima,Brown,+34 241-736-5695
Yuki,Bianchi,+27 869-338-6237
Lucia,Ivanov,+44 471-484-8430
Lorenzo,Hernandez,+7 951-664-2867
Lucia,Williams,+81 294-266-6237
Sofia,Johnson,+81 353-465-2447
Hiroshi,Miller,+33 497-642-9491
Sakura,Jones,+86 356-451-3827
Emma,Abebe,+27 469-321-1051
Ananya,Costa,+49 511-505-7949
Nia,Novak,+33 910-474-8226
Wei,Chen,+1 756-310-4899
Liam,Petrov,+86 300-416-3852
Sakura,Silva,+39 880-127-8370
Léa,Bianchi,+27 711-194-2221
Ananya,Okafor,+86 719-974-9367
Noah,Costa,+81 821-986-3902
Sakura,Silva,+49 377-545-4174
Léa,Kim,+33 690-988-8639
Jean,Brown,+27 233-875-8053
Samuel,Popescu,+7 536-194-2899
Giulia,Miller,+34 811-482-5192
Ava,Abebe,+44 327-450-6212
Lucia,Abadi,+7 122-412-9227
Ahmed,Ivanov,+1 125-546-3721
Léa,Chen,+91 930-357-3970
Ivan,Smith,+34 426-887-6604
Olga,Kowalski,+39 955-570-7373
Chloe,Williams,+27 547-251-5868
Ahmed,Popescu,+81 701-623-3575
Carlos,Rossi,+7 447-893-7730
Liam,Okafor,+7 793-373-2396
Mohammed,Patel,+91 451-751-1881
Jean,Kim,+39 612-571-8044
Kwame,Nguyen,+33 463-294-1302
Yuki,Brown,+34 854-239-1366
Chloe,Costa,+86 732-709-3971
Sophia,Lopez,+7 659-426-1599
Mohammed,Okafor,+91 868-264-1686
Giulia,Martinez,+27 911-450-3108
Mateo,Smith,+1 298-276-7012
Lorenzo,Lopez,+33 961-801-6590
Ananya,Popescu,+1 757-386-8716
Lucia,Abadi,+81 596-284-9255
Sofia,Murphy,+44 787-118-7461
Olga,Lopez,+91 585-803-7519
Mateo,Johnson,+7 201-938-8882
Mohammed,Garcia,+86 187-314-7166
Ahmed,Martinez,+91 595-715-9071
Wei,Okafor,+86 769-409-8586
Samuel,Chen,+86 688-774-3276
Chloe,Abadi,+34 477-656-2392
Noah,Abadi,+7 306-662-5773
Kwame,Kim,+39 398-694-5094
Samuel,Kim,+86 750-149-3391
Sofia,Garcia,+91 593-323-4570
Sofia,Smith,+91 976-606-4902
Mohammed,Patel,+33 320-155-3773
Olga,Jones,+49 482-538-6513
Nia,O'Connor,+34 180-848-6146
Fatima,Garcia,+49 294-193-7431
Oliver,Patel,+49 557-792-1874
Sofia,Brown,+7 665-566-7602
Mateo,Bianchi,+34 117-344-1317
Lorenzo,Nguyen,+44 959-293-3826
Liam,Kim,+44 122-999-8682
Samuel,Ibrahim,+39 791-526-4079
Chloe,Dubois,+81 826-944-4775
Liam,Murphy,+7 292-383-5759
Aria,Costa,+91 332-407-6540
Wei,Patel,+7 351-693-6126
Anastasia,Murphy,+49 918-488-3252
Sophia,Lopez,+49 998-867-5850
Ahmed,Hernandez,+7 970-848-2290
Léa,Brown,+7 826-447-7867
Priya,Hernandez,+33 486-443-8993
Ahmed,Abadi,+27 708-102-2957
Jean,Hernandez,+91 476-430-8412
Fatima,Kowalski,+39 444-977-8912
Léa,Ivanov,+91 117-875-3268
Ananya,Ibrahim,+34 206-790-9241
Lorenzo,Abadi,+39 387-771-6412
Jean,Dubois,+1 674-247-8157
Wei,Murphy,+86 366-798-5357
Sakura,Ivanov,+39 190-448-3119
Priya,Miller,+7 489-790-5732
Carlos,Williams,+34 886-804-4171
Oliver,Murphy,+7 304-921-5139
Carlos,Costa,+7 103-577-7448
Lucia,Smith,+7 411-866-4535
Olga,Okafor,+44 468-490-8213
Sakura,O'Connor,+39 174-766-6106
Kwame,Kowalski,+44 919-193-8206
Mateo,Chen,+44 518-148-8506
Mateo,Patel,+33 372-100-5651
Emma,Murphy,+86 337-915-4649
Yuki,Petrov,+27 718-748-2256
Ava,Popescu,+49 548-214-4304
Chen,Silva,+49 941-239-7723
Emma,Ivanov,+1 447-837-1756
Lucia,Abebe,+39 252-355-2233
Mia,Johnson,+39 598-566-1725
Anastasia,Nguyen,+7 611-767-3479
Kwame,Singh,+49 409-874-6173
Liam,Smith,+7 806-936-1440
Oliver,Costa,+27 236-325-4936
Ananya,Ivanov,+49 887-539-7341
Mateo,Okafor,+1 597-222-9470
Jean,Novak,+91 342-960-2749
Noah,Ivanov,+1 789-370-2337
Mohammed,Popescu,+7 549-360-2125
Lucia,Jones,+44 803-891-3240
Hiroshi,Kowalski,+49 803-484-7613
Ahmed,Li,+91 742-842-7394
Hiroshi,Chen,+33 932-191-2220
Mateo,Patel,+7 704-607-2944
Kwame,Chen,+27 684-750-7096
Emma,Li,+39 496-503-3760
Jean,Johnson,+7 109-799-7009
Mia,Novak,+86 482-598-3998
Lucia,Abebe,+34 692-445-7803
Mohammed,Silva,+1 559-647-4994
Liam,Hernandez,+86 716-689-8102
Yuki,Garcia,+44 363-950-4614
Mohammed,Murphy,+86 984-203-6154
Sofia,Smith,+1 593-259-7246
Mia,Abadi,+86 343-701-9601
Olga,Johnson,+34 184-502-9226
Hiroshi,Popescu,+27 907-530-3165
Liam,Abebe,+49 976-308-9198
Léa,Abebe,+81 454-983-7631
Giulia,Ivanov,+91 271-865-6981
Kwame,O'Connor,+1 922-748-7216
Léa,Kim,+44 748-816-6944
Ananya,Dubois,+86 927-485-3799
Lucia,Brown,+1 710-482-5275
Olga,Smith,+1 739-608-9315
Léa,Abebe,+86 624-227-5551
Oliver,Kowalski,+7 442-283-5028
Mohammed,Abebe,+39 488-140-6114
Hiroshi,Ibrahim,+81 530-388-4170
Mateo,Abadi,+34 973-586-4230
Jean,Ibrahim,+44 426-708-5077
Mohammed,Hernandez,+33 224-508-3887
Lorenzo,Smith,+39 198-421-7542
Wei,Abebe,+44 262-297-7270
Léa,Nguyen,+7 718-692-6574
Ivan,Johnson,+49 183-335-7940
Ahmed,Abebe,+49 795-179-7579
Samuel,Garcia,+1 285-406-7329
Sofia,Kowalski,+34 949-557-4306
Mia,Smith,+7 278-303-9728
Mateo,Martinez,+44 920-820-6400
Ivan,Novak,+86 643-550-8437
Léa,Singh,+81 829-762-7640
Priya,Chen,+1 886-933-5893
Carlos,Miller,+39 303-291-8936
Samuel,Hernandez,+1 129-789-8517
Sofia,Li,+33 464-505-4770
Yuki,Smith,+49 386-279-3528
Ananya,Ivanov,+33 597-652-6287
Carlos,Okafor,+34 548-930-9978
Mia,Lopez,+33 354-714-9353
Chloe,Popescu,+1 297-400-5490
Ananya,Miller,+27 518-179-4433
Nia,Dubois,+27 366-412-7974
Aria,O'Connor,+86 312-460-7171
Léa,Ibrahim,+27 705-982-3574
Lorenzo,Garcia,+81 176-324-9116
Ivan,Brown,+44 222-816-4935
Mia,Abadi,+39 842-183-7413
Hiroshi,Abebe,+44 280-340-7011
Carlos,Li,+39 737-447-5159
Sophia,Williams,+33 363-851-9858
Fatima,Smith,+39 384-115-4899
Emma,Silva,+27 614-340-8524
Jean,Petrov,+49 165-505-9752
Mateo,Chen,+33 563-470-6826
Mia,Miller,+49 175-117-1578
Lucia,Ibrahim,+7 907-167-9036
Olga,Singh,+49 395-454-4012
Sophia,Kowalski,+34 983-382-5580
Lorenzo,Kim,+49 721-785-8540
Ahmed,Hernandez,+27 703-638-7827
Jean,Rossi,+49 342-671-8831
Wei,Smith,+27 797-601-9251
Samuel,Jones,+39 709-770-9489
Sophia,Okafor,+7 970-261-3703
Léa,Williams,+27 564-684-5213
Mohammed,Dubois,+39 420-890-7136
Kwame,Kowalski,+91 121-798-8907
Sofia,Patel,+39 409-179-1021
Aria,Lopez,+91 456-532-4055
Aria,Hernandez,+91 410-564-5472
Ahmed,Abebe,+7 365-106-5212
Mohammed,Nguyen,+34 705-506-6487
Léa,Lopez,+34 841-765-8320
Ahmed,Abebe,+44 757-137-2639
Carlos,Dubois,+49 383-647-2623
Ananya,Rossi,+34 651-891-4805
Oliver,Bianchi,+1 316-231-4376
Yuki,Lopez,+7 682-329-2825
Chen,Rossi,+86 866-945-5787
Kwame,Chen,+33 395-656-4136
Ananya,Novak,+33 963-810-8217
Ava,O'Connor,+7 845-477-4448
Chloe,Lopez,+39 610-161-8843
Chen,Novak,+33 758-294-2969
Anastasia,Williams,+34 698-525-5481
Mia,Silva,+81 974-453-2437
Aria,Jones,+33 204-154-2753
Sophia,Li,+1 274-347-2884
Chen,Popescu,+44 283-737-5435
Mateo,Abadi,+44 334-928-8880
Chen,Petrov,+7 187-764-2215
Kwame,Singh,+86 324-145-2221
Mia,Bianchi,+91 534-691-5566
Yuki,Okafor,+39 643-238-9917
Chloe,Smith,+44 426-984-8300
Priya,Miller,+86 647-124-7282
Ava,Dubois,+39 515-148-7924
Ananya,Garcia,+44 825-532-3427
Wei,O'Connor,+1 715-257-3130
Ahmed,Rossi,+27 553-834-6786
Aria,Abadi,+49 777-682-9460
Priya,Kim,+33 671-566-5625
Oliver,Garcia,+44 233-682-8242
Ivan,Singh,+33 191-792-9274
Lorenzo,Chen,+81 592-204-8280
Giulia,Martinez,+91 688-514-2957
Nia,Murphy,+49 649-732-6166
Carlos,Brown,+34 426-643-4744
Kwame,Abadi,+27 412-711-8178
Olga,Chen,+44 133-466-6431
Jean,Costa,+33 798-292-3816
Jean,Rossi,+7 174-329-2318
Ivan,Martinez,+1 442-125-1196
Mateo,Dubois,+33 120-647-4954
Léa,Petrov,+33 137-627-5387
Hiroshi,Nguyen,+34 665-809-1124
Sofia,Costa,+86 178-997-4526
Sofia,O'Connor,+1 911-836-7193
Sakura,Lopez,+91 968-657-6379
Noah,Rossi,+49 118-993-3445
Mateo,Petrov,+39 679-573-2600
Aria,Costa,+49 967-882-8218
Mateo,Singh,+91 696-362-1451
Chloe,Kim,+49 132-897-4232
Sakura,Ibrahim,+33 685-807-4684
Kwame,Patel,+86 420-209-3746
Jean,Nguyen,+27 658-394-8516
Ananya,Novak,+39 272-534-5422
Kwame,Lopez,+49 490-383-1973
Lucia,Murphy,+39 836-716-4220
Sakura,Jones,+27 817-870-8358
Emma,Lopez,+34 713-980-2667
Chloe,Jones,+91 224-321-7735
Ivan,Garcia,+34 226-558-1739
Chloe,Nguyen,+86 588-242-7733
Fatima,Singh,+44 165-149-4124
Chloe,O'Connor,+91 462-794-5640
Olga,Smith,+86 394-280-6770
Aria,Singh,+39 635-525-2931
Ava,Murphy,+81 786-337-8606
Liam,O'Connor,+91 236-223-2121
Oliver,Costa,+44 148-519-5398
Samuel,Lopez,+91 302-734-2362
Chloe,Li,+44 177-566-6620
Noah,Martinez,+49 665-594-2643
Sophia,Johnson,+7 748-123-9847
Jean,Kim,+1 249-597-9076
Wei,Novak,+81 631-202-6124
Ivan,Jones,+86 387-197-5771
Samuel,Jones,+33 193-568-8243
Carlos,Popescu,+81 389-322-9143
Aria,Chen,+1 993-208-7814
Lorenzo,Silva,+7 567-987-6718
Noah,Costa,+49 473-446-3898
Liam,Kim,+33 913-115-6775
Ahmed,Williams,+33 538-978-5579
Oliver,Costa,+86 519-710-4095
Samuel,Johnson,+39 276-995-5049
Fatima,Kim,+1 921-113-7278
Aria,Singh,+44 438-724-7773
Olga,Petrov,+44 264-843-4807
Chen,Abebe,+7 487-596-5470
Oliver,Silva,+86 877-880-8469
Kwame,Abebe,+7 124-917-9300
Mateo,Popescu,+81 190-647-9530
Léa,Novak,+49 790-525-9606
Jean,Kim,+39 438-309-6320
Oliver,Murphy,+49 387-439-9893
Sofia,Kim,+34 766-640-1771
Ahmed,Smith,+33 725-562-7865
Lucia,Murphy,+7 333-787-7046
Sakura,Costa,+86 609-764-9490
Nia,Johnson,+33 802-397-9520
Ahmed,Novak,+1 670-470-4387
Oliver,Smith,+34 442-980-5553
Samuel,Li,+27 970-765-1487
Emma,Kowalski,+44 605-371-8101
Ivan,Costa,+1 962-847-8410
Ahmed,Abadi,+33 269-568-4134
Olga,Abadi,+86 242-492-5745
Léa,Rossi,+33 554-182-1826
Anastasia,Miller,+27 680-894-3739
Nia,Hernandez,+91 363-220-9591
Noah,Kowalski,+39 135-205-7609
Jean,Miller,+49 895-508-3655
Priya,Singh,+7 103-736-7918
Sophia,Kim,+39 183-290-8551
Mohammed,Dubois,+1 660-676-7994
Yuki,Johnson,+27 217-623-8566
Oliver,Ibrahim,+33 999-202-9775
Jean,Dubois,+7 190-252-7918
Mia,Petrov,+27 240-858-3988
Léa,Abadi,+27 420-360-7681
Samuel,Okafor,+39 139-204-6733
Mia,Silva,+81 344-799-2106
Anastasia,Silva,+33 695-571-7227
Mohammed,Martinez,+27 168-782-4201
Lucia,Abadi,+34 676-804-4201
Ivan,Hernandez,+34 910-683-4109
Emma,Rossi,+27 243-795-1177
Mohammed,Abadi,+33 397-435-1703
Ahmed,Martinez,+34 283-759-4059
Oliver,Nguyen,+81 858-302-3003
Fatima,Abadi,+81 263-451-1959
Lucia,Petrov,+34 421-847-5415
Ivan,Patel,+1 984-690-9835
Nia,Smith,+86 353-331-7576
Anastasia,Martinez,+1 406-178-2068
Priya,Williams,+91 338-729-7225
Fatima,Okafor,+44 391-250-4286
Mateo,Brown,+27 930-912-7426
Sophia,Hernandez,+49 763-686-2753
Chen,Johnson,+27 763-520-9479
Carlos,Hernandez,+34 411-843-6318
Giulia,Smith,+91 841-516-3148
Aria,Dubois,+7 280-877-2678
Wei,Smith,+86 768-104-3308
Jean,Miller,+91 212-273-2677
Wei,Garcia,+49 741-856-4116
Ahmed,Johnson,+1 245-407-7946
Mateo,Li,+1 968-305-2809
Hiroshi,Nguyen,+44 577-527-8501
Sofia,Bianchi,+7 669-111-3558
Sakura,Brown,+39 960-682-6903
Fatima,Chen,+1 391-243-8996
Ivan,Costa,+27 432-869-2367
Jean,Brown,+33 468-554-3379
Emma,Li,+91 819-481-7064
Jean,Costa,+39 409-232-1795
Chloe,Bianchi,+81 613-742-7712
Carlos,Bianchi,+81 614-461-2549
Nia,Miller,+49 879-631-9265
Yuki,Hernandez,+27 529-446-3794
Jean,Ibrahim,+81 667-627-6093
Oliver,Popescu,+49 768-349-8117
Lucia,Martinez,+81 418-319-2344
Wei,Jones,+86 938-523-6926
Chloe,Silva,+27 284-399-5099
Carlos,Bianchi,+1 201-319-2332
Jean,Dubois,+91 314-407-1356
Hiroshi,Patel,+27 245-848-3916
Ivan,Li,+33 674-893-6777
Mohammed,Kim,+7 893-192-6351
Jean,Jones,+91 698-878-7964
Giulia,Smith,+49 262-473-8197
Léa,Singh,+33 853-988-8266
Mia,Nguyen,+7 103-257-6775
Yuki,Abadi,+34 508-388-6405
Chloe,Hernandez,+27 266-522-3748
Carlos,Kim,+91 791-240-9159
Emma,Martinez,+86 108-247-4294
Sakura,Patel,+27 238-587-6208
Wei,Petrov,+1 270-642-9599
Priya,Ivanov,+39 376-622-5585
Mia,Petrov,+44 851-430-1627
Fatima,Brown,+44 791-288-4438
Ahmed,Hernandez,+39 284-818-8275
Ava,Jones,+39 361-863-5777
Fatima,Okafor,+81 874-536-6121
Olga,Bianchi,+34 446-936-1253
Ananya,Novak,+39 533-338-6358
Liam,Popescu,+27 540-406-3943
Chloe,Rossi,+27 652-536-7735
Carlos,Nguyen,+27 703-859-4211
Olga,Kim,+27 664-439-1139
Nia,Patel,+1 480-192-9019
Mateo,Bianchi,+91 263-775-9225
Ivan,Smith,+91 562-943-5712
Chloe,Johnson,+39 661-114-2986
Jean,O'Connor,+7 385-359-4778
Aria,Miller,+27 856-670-9273
Emma,Lopez,+27 188-272-7898
Anastasia,Rossi,+39 983-359-8183
Chen,Dubois,+33 133-475-4549
Mia,Hernandez,+34 852-203-7598
Fatima,Jones,+7 807-953-6180
Liam,Garcia,+7 806-488-3491
Mateo,Silva,+91 786-411-5736
Mia,Jones,+91 712-388-6585
Emma,Abebe,+86 709-838-4047
Emma,Silva,+86 716-604-9244
Ananya,Petrov,+86 115-463-6422
Priya,Ibrahim,+1 192-676-7509
Sofia,Novak,+33 661-792-2194
Ivan,Kim,+44 674-178-8312
Priya,Li,+27 712-996-6007
Liam,Silva,+27 656-389-2031
Priya,Brown,+91 385-796-6693
Wei,O'Connor,+44 651-760-9511
Samuel,Garcia,+91 335-728-7129
Priya,Kowalski,+7 913-178-1118
Anastasia,Garcia,+34 120-833-4640
Ava,Chen,+81 441-453-9286
Sofia,Ivanov,+7 957-878-4714
Hiroshi,Garcia,+44 435-980-3977
Giulia,Kowalski,+44 735-175-8822
Mohammed,Jones,+44 370-956-4231
Sophia,Popescu,+34 915-418-7443
Sofia,Miller,+81 304-718-9861
Emma,Chen,+27 804-378-3123
Samuel,Martinez,+39 617-897-4267
Yuki,Smith,+1 237-211-8135
Ahmed,Silva,+34 408-487-7538
Yuki,Ivanov,+91 961-734-7862
Sophia,Ibrahim,+91 617-426-5097
Chloe,O'Connor,+49 882-753-2784
Carlos,Johnson,+91 869-797-3062
Noah,Dubois,+86 137-143-8422
Olga,Murphy,+44 685-322-5519
Sofia,Abadi,+44 825-534-7248
Nia,Silva,+34 715-433-6788
Lorenzo,Smith,+49 136-805-6977
Ahmed,Li,+49 354-631-5217
Ahmed,Novak,+34 920-288-3934
Mateo,Silva,+91 808-944-3711
Giulia,Chen,+34 768-628-1962
Léa,Silva,+91 509-887-9191
Sakura,Nguyen,+1 905-141-3217
Oliver,Ibrahim,+81 191-267-8624
Giulia,Brown,+34 961-986-8421
Carlos,Rossi,+34 601-702-7016
Kwame,Jones,+81 266-999-3528
Olga,Johnson,+39 345-438-9403
Liam,Ibrahim,+49 875-222-3699
Wei,Kowalski,+86 856-588-5259
Kwame,Johnson,+91 212-770-9316
Ananya,Kowalski,+33 194-371-7764
Ananya,Singh,+7 189-235-5529
Chloe,Abadi,+81 519-391-5109
Liam,Okafor,+86 409-405-2878
Mohammed,Johnson,+44 385-166-5568
Priya,Nguyen,+49 997-116-4065
Chloe,Johnson,+44 113-870-4908
Fatima,Abebe,+86 977-290-1188
Ava,Brown,+44 258-529-9428
Oliver,Novak,+7 830-949-1377
Emma,Silva,+44 442-311-7698
Priya,Williams,+49 479-502-6734
Mohammed,Miller,+33 495-458-8237
Priya,Chen,+39 123-820-6424
Nia,Garcia,+81 351-318-6247
Chloe,Nguyen,+81 615-835-6786
Mia,Johnson,+27 200-938-7127
Mia,Popescu,+39 418-499-1649
Giulia,Jones,+7 580-714-4656
Yuki,Williams,+33 588-350-1841
Aria,Nguyen,+49 637-609-9623
Ahmed,Petrov,+39 727-807-3214
Noah,Popescu,+33 530-739-4323
Hiroshi,Smith,+81 599-769-7358
Samuel,Williams,+27 237-778-2156
Chloe,Bianchi,+91 358-135-8129
Hiroshi,Okafor,+39 285-422-4640
Lucia,Jones,+49 831-765-4918
Lucia,Petrov,+34 572-922-4177
Chen,Nguyen,+81 405-697-4180
Wei,O'Connor,+86 412-879-8072
Hiroshi,Singh,+44 618-230-7278
Kwame,Smith,+91 799-609-8123
Noah,Martinez,+39 876-465-4486
Mateo,Lopez,+7 367-957-1338
Giulia,Li,+7 278-868-4358
Ahmed,Okafor,+86 774-369-7088
Fatima,Murphy,+7 626-390-4469
Mohammed,Garcia,+49 632-569-8437
Lorenzo,Miller,+81 759-763-5685
Sophia,Kowalski,+86 505-133-7371
Sofia,Kim,+7 290-759-1929
Yuki,Kim,+86 381-501-2636
Nia,Garcia,+49 616-323-5425
Sophia,O'Connor,+86 328-584-5114
Lucia,Patel,+39 186-707-6878
Ivan,Hernandez,+44 512-510-6847
Liam,Singh,+7 542-434-2628
Yuki,Nguyen,+39 558-711-2006
Olga,Ibrahim,+34 345-999-9923
Carlos,Hernandez,+81 594-392-2708
Carlos,Petrov,+33 319-616-2535
Giulia,Ibrahim,+39 980-625-2611
Sofia,Patel,+81 309-497-4401
Oliver,Miller,+81 758-237-4262
Yuki,Okafor,+44 173-932-5873
Ahmed,Petrov,+1 315-940-5821
Sofia,Silva,+86 762-375-1951
Sophia,Hernandez,+34 983-411-6401
Samuel,Abebe,+44 415-141-8953
Olga,Rossi,+7 117-410-7987
Oliver,Miller,+91 608-172-9847
Chen,Abebe,+91 144-499-8989
Giulia,Garcia,+33 627-590-9364
Sakura,Chen,+86 198-363-5478
Sofia,Brown,+44 985-181-8386
Ahmed,Brown,+39 455-640-8590
Liam,Ivanov,+81 157-418-6763
Fatima,Dubois,+86 480-801-2614
Hiroshi,Chen,+86 840-203-7973
Aria,Hernandez,+39 993-706-7544
Wei,Williams,+1 205-467-7547
Chen,Hernandez,+7 225-553-7222
Sofia,Patel,+34 188-102-9754
Liam,Kowalski,+86 233-117-8053
Sakura,Patel,+39 213-147-8401
Ahmed,Kowalski,+44 525-447-8206
Mohammed,Patel,+44 219-690-5239
Sophia,Li,+49 325-718-8502
Sophia,Okafor,+27 745-608-5850
Oliver,Silva,+86 124-539-9540
Wei,Abadi,+44 904-114-9853
Anastasia,Nguyen,+39 630-349-2323
Emma,Smith,+91 742-643-5084
Anastasia,Miller,+33 696-371-7184
Oliver,Kowalski,+7 796-213-6021
Oliver,Singh,+33 123-476-4668
Ananya,Singh,+7 125-601-3880
Lucia,Rossi,+49 578-653-9039
Lorenzo,Ibrahim,+86 720-200-6112
Kwame,Costa,+1 941-961-5213
Aria,Jones,+91 474-391-3849
Ananya,Ibrahim,+33 512-447-3973
Aria,Smith,+1 485-402-5518
Emma,Smith,+33 482-813-1003
Fatima,Patel,+91 230-457-4563
Chen,Smith,+34 467-954-6853
Wei,Kowalski,+7 239-175-8054
Liam,Abebe,+27 750-175-7726
Anastasia,Lopez,+91 724-304-2058
Kwame,Costa,+34 756-238-5098
Anastasia,Murphy,+49 258-281-6474
Olga,Okafor,+27 718-409-4354
Léa,Martinez,+49 985-574-9714
Chen,Dubois,+86 350-222-6551
Nia,Kim,+7 244-749-2326
Noah,Martinez,+39 344-295-2097
Sofia,Petrov,+81 702-101-6171
Hiroshi,Jones,+34 365-700-6041
Sakura,Murphy,+86 153-157-5916
Sophia,Rossi,+7 132-218-2410
Ivan,Popescu,+91 373-683-5763
Lorenzo,Popescu,+44 209-407-7656
Sofia,Rossi,+34 355-613-2942
Chloe,Kowalski,+49 388-828-5754
Léa,Brown,+91 608-212-7999
Priya,Hernandez,+81 655-751-9103
Nia,Ibrahim,+33 121-837-7666
Ananya,Martinez,+1 900-911-9510
Ahmed,Patel,+1 256-881-2321
Léa,Silva,+49 331-204-9075
Ananya,Novak,+27 462-980-1639
Ahmed,Chen,+27 338-635-6965
Fatima,Popescu,+44 488-946-6550
Sophia,Jones,+7 175-374-7823
Lorenzo,Bianchi,+86 927-381-9922
Anastasia,Chen,+1 562-258-3898
Ava,Rossi,+81 894-741-2797
Sophia,Jones,+34 152-573-3753
Aria,Singh,+86 269-640-5461
Lucia,Silva,+39 171-709-7518
Lorenzo,Williams,+33 746-160-8773
Kwame,Singh,+91 175-491-5699
Ava,Rossi,+39 241-674-2187
Ananya,Dubois,+91 504-769-5615
Fatima,Williams,+1 596-716-3582
Olga,Patel,+86 896-443-4311
Liam,Nguyen,+44 760-674-4111
Aria,Ivanov,+33 383-857-4035
Carlos,Abebe,+27 952-208-4786
Chloe,Li,+1 925-365-8317
Emma,Garcia,+33 186-705-4081
Priya,Abebe,+39 252-794-8590
Aria,Johnson,+91 283-510-8235
Yuki,O'Connor,+44 800-399-5007
Emma,Singh,+33 447-511-2781
Mia,Rossi,+86 839-231-6246
Olga,Okafor,+7 672-219-6225
Mia,Novak,+7 720-537-6414
Priya,Costa,+33 506-850-5837
Kwame,Garcia,+34 131-329-8837
Sophia,Costa,+44 967-547-2930
Ahmed,Murphy,+44 286-244-6270
Wei,Ibrahim,+49 658-135-5747
Lorenzo,Miller,+81 989-664-8042
Sophia,Patel,+91 637-717-2568
Oliver,Kim,+33 557-711-4133
Sakura,Murphy,+1 796-791-9247
Anastasia,Nguyen,+34 502-529-4182
Ananya,Miller,+7 930-229-7688
Ivan,Williams,+44 346-449-3453
Kwame,Ivanov,+44 855-346-5091
Anastasia,Bianchi,+33 224-996-5555
Ava,Smith,+7 467-179-6334
Samuel,Popescu,+34 131-874-3888
Giulia,Chen,+81 352-411-9270
Mateo,Ibrahim,+1 158-204-1061
Ahmed,Brown,+39 597-970-6004
Olga,Li,+81 635-307-8436
Mateo,Lopez,+7 241-784-1018
Samuel,Patel,+7 642-734-6487
Lucia,Kowalski,+33 127-528-3404
Lucia,Singh,+1 314-679-5647
Giulia,Petrov,+86 340-289-8142
Liam,Rossi,+39 241-366-5528
Emma,Abadi,+27 634-405-3830
Sakura,Johnson,+34 717-815-3287
Lucia,Chen,+49 288-640-1513
Jean,O'Connor,+81 248-784-8143
Ivan,Dubois,+1 879-540-7124
Carlos,Brown,+44 847-391-4228
Chloe,Popescu,+34 132-737-5382
Carlos,Garcia,+81 641-567-1039
Léa,Williams,+91 958-192-1887
Sofia,Ivanov,+39 501-225-5685
Wei,Ivanov,+86 268-622-1011
Ananya,Popescu,+86 143-149-5101
Mia,Smith,+39 141-328-6776
Giulia,Abebe,+91 565-760-7710
Mia,Jones,+1 277-549-7257
Ava,Silva,+27 148-511-5669
Wei,Kowalski,+91 918-678-7559
Aria,Costa,+1 247-243-1809
Hiroshi,Novak,+44 623-969-5393
Oliver,Kim,+91 591-277-8015
Noah,Li,+81 405-535-8744
Fatima,Garcia,+33 296-640-6149
Mohammed,Kim,+1 231-300-8212
Emma,Lopez,+49 860-251-9367
Yuki,Nguyen,+27 107-449-5442
Sakura,Ibrahim,+86 946-758-1702
Ahmed,Chen,+81 196-566-1776
Mia,Costa,+34 656-725-2855
Priya,Popescu,+1 119-545-4039
Samuel,Miller,+33 498-251-9867
Priya,Ibrahim,+39 730-473-6279
Ivan,Ivanov,+91 529-396-8581
Priya,Novak,+44 600-419-1340
Mia,Singh,+86 331-947-6642
Mia,O'Connor,+49 981-639-5788
Carlos,Li,+7 763-385-8188
Nia,Abadi,+39 587-465-9003
Lucia,Rossi,+7 777-275-1970
Priya,Li,+81 347-619-4905
Chloe,Hernandez,+1 470-613-1320
Chen,Patel,+91 740-435-5993
Anastasia,Costa,+81 933-598-1720
Aria,Bianchi,+86 156-306-4243
Kwame,Ivanov,+44 112-842-1288
Sophia,Ibrahim,+33 818-475-5569
Liam,Hernandez,+81 407-203-1551
Mohammed,Williams,+7 266-540-8867
Kwame,Ivanov,+49 837-268-6352
Samuel,Williams,+33 938-552-3598
Sofia,Nguyen,+34 694-557-6690
Chen,Williams,+91 381-940-6015
Liam,Miller,+39 329-622-5575
Lucia,Dubois,+39 389-778-3547
Giulia,Murphy,+1 115-399-2224
Giulia,Garcia,+49 497-428-9651
Anastasia,Rossi,+34 858-673-8744
Sofia,Nguyen,+44 617-811-7697
Sofia,Johnson,+86 255-998-9724
Mia,Patel,+49 880-289-6998
Fatima,Ibrahim,+86 582-528-4563
Giulia,Brown,+34 815-360-8651
Ivan,Rossi,+49 262-176-9366
Aria,Abebe,+49 123-331-5458
Jean,Ibrahim,+33 697-172-7491
Olga,Okafor,+27 828-237-6293
Anastasia,Costa,+27 669-184-9040
Léa,Kowalski,+86 823-270-3166
Sofia,Costa,+49 116-376-5007
Fatima,Lopez,+49 494-927-7674
Ahmed,Brown,+49 685-882-6416
Noah,Jones,+81 584-708-8074
Léa,Smith,+86 770-601-8187
Ahmed,Okafor,+81 245-279-6107
Sofia,Miller,+33 763-882-9614
Wei,Rossi,+7 557-227-2993
Olga,Okafor,+33 653-563-6954
Ivan,Ivanov,+39 369-561-6886
Jean,O'Connor,+86 843-617-9249
Ananya,Ibrahim,+49 610-933-1969
Lorenzo,Costa,+91 977-976-8985
Nia,Murphy,+7 239-956-2084
Yuki,Costa,+27 962-521-2117
Sakura,Garcia,+91 925-203-4957
Mohammed,Lopez,+34 606-718-7449
Wei,Novak,+81 965-959-1949
Carlos,Miller,+81 518-117-9581
Sophia,Kim,+49 332-703-2707
Sakura,Murphy,+44 775-313-3732
Olga,Patel,+91 165-195-6784
Olga,Bianchi,+81 849-477-7469
Sakura,Miller,+7 531-852-7707
Sakura,Williams,+33 444-702-2158
Kwame,Rossi,+44 200-701-6028
Noah,Petrov,+91 733-581-3745
Carlos,Silva,+44 388-918-7654
Ava,Patel,+44 198-535-9991
Nia,Silva,+44 530-944-5671
Mia,Murphy,+33 270-159-8791
Priya,Rossi,+49 969-793-2823
Aria,Novak,+86 194-219-1321
Ahmed,Bianchi,+86 844-570-3567
Ava,Johnson,+34 806-533-4873
Sophia,Martinez,+49 856-479-3867
Giulia,Kowalski,+39 917-816-6846
Ahmed,Ibrahim,+44 776-224-9594
Jean,Petrov,+7 953-117-1033
Mia,Rossi,+44 115-975-2345
Giulia,Popescu,+7 783-593-3453
Olga,Chen,+7 976-675-1801
Carlos,Dubois,+7 895-769-3210
Ahmed,Singh,+7 449-187-7589
Aria,Rossi,+81 116-612-1217
Priya,Silva,+34 217-378-5316
Hiroshi,Nguyen,+39 133-461-6661
Carlos,O'Connor,+34 620-267-1680
Noah,Johnson,+39 622-816-1289
Emma,Patel,+91 677-136-9893
Giulia,Kowalski,+86 653-983-5523
Kwame,Martinez,+44 380-978-9828
Fatima,O'Connor,+27 475-551-4071
Sophia,Martinez,+33 376-432-5213
Jean,Li,+34 317-224-3142
Kwame,Kim,+33 549-645-4185
Chen,Smith,+7 868-591-7976
Mateo,Novak,+34 175-750-4551
Lorenzo,Abebe,+81 897-741-4616
Sofia,Martinez,+39 894-414-9769
Chloe,Ivanov,+81 495-781-5498
Noah,Popescu,+81 888-291-8752
Priya,Chen,+39 774-279-5530
Nia,Murphy,+39 773-950-9641
Kwame,Johnson,+49 651-992-6426
Olga,Dubois,+49 372-858-8756
Samuel,Costa,+34 721-660-4442
Chloe,Abebe,+44 435-410-8189
Carlos,Popescu,+44 110-900-9842
Wei,Costa,+33 366-104-3738
Giulia,Petrov,+81 733-305-1481
Chloe,Costa,+44 721-909-6951
Kwame,Johnson,+49 336-331-2480
Lorenzo,Kim,+91 303-683-8235
Yuki,Nguyen,+34 232-223-7154
Aria,Novak,+86 132-447-6173
Samuel,Smith,+33 852-419-4817
Oliver,Novak,+27 778-696-2439
Lucia,Abadi,+34 599-517-8335
Chen,Okafor,+7 958-304-7114
Ahmed,Singh,+7 725-750-6767
Hiroshi,Kowalski,+33 207-496-9913
Emma,Murphy,+7 642-248-3269
Samuel,Hernandez,+86 930-651-3851
Noah,Miller,+49 244-784-5892
Ahmed,Martinez,+81 178-889-8908
Lorenzo,Jones,+91 247-463-9015
Sophia,Okafor,+7 673-211-2671
Kwame,Ivanov,+39 272-919-3916
Chloe,Martinez,+39 116-426-6541
Nia,Nguyen,+34 933-589-1518
Liam,Li,+34 415-605-7583
Nia,Petrov,+39 133-202-9594
Mia,Smith,+91 924-146-9657
Carlos,Abadi,+86 510-326-1175
Mohammed,Petrov,+44 798-769-5788
Mia,Johnson,+49 595-291-7492
Hiroshi,Petrov,+44 475-764-9977
Sofia,Ibrahim,+44 982-930-1680
Sakura,Patel,+39 362-770-2428
Priya,Ivanov,+27 860-660-6927
Chen,Rossi,+44 869-110-4387
Samuel,Dubois,+27 761-636-2209
Fatima,Smith,+91 780-161-5253
Wei,Kim,+34 165-643-1640
Fatima,Chen,+7 219-163-5053
Ananya,Chen,+33 124-546-9155
Aria,Dubois,+39 257-575-8073
Aria,Murphy,+81 397-559-3181
Noah,Chen,+86 857-499-3676
Mohammed,Kim,+33 460-927-1280
Ahmed,Singh,+44 703-291-6357
Mateo,Costa,+86 452-294-4203
Sophia,Dubois,+81 656-570-8343
Ivan,Abebe,+1 283-350-1455
Mateo,Okafor,+33 171-748-6401
Sophia,Abadi,+49 734-938-8491
Liam,Martinez,+49 416-411-8048
Hiroshi,Miller,+39 153-405-2511
Priya,O'Connor,+91 286-350-3114
Sofia,Patel,+27 399-226-8871
Anastasia,Silva,+91 299-778-1823
Lorenzo,Singh,+49 210-340-6099
Sofia,Singh,+39 159-673-4099
Anastasia,Bianchi,+27 891-285-4053
Sophia,Bianchi,+33 602-623-9908
Carlos,Williams,+44 467-864-5894
Ananya,Petrov,+1 950-573-1290
Nia,Silva,+27 726-562-6762
Jean,Costa,+86 772-560-5876
Mateo,Jones,+86 835-298-3138
Oliver,Chen,+81 367-825-8119
Olga,Murphy,+7 954-864-4765
Chen,Patel,+27 710-355-9980
Lucia,Smith,+86 323-671-7387
Liam,Martinez,+1 643-482-6274
Lucia,Kim,+86 572-299-2452
Samuel,Kim,+49 869-219-9079
Nia,Lopez,+49 689-176-2393
Léa,Petrov,+1 123-202-7140
Hiroshi,Kim,+39 391-613-5602
Ava,Novak,+49 784-838-2292
Ivan,Johnson,+27 248-418-1673
Carlos,Ivanov,+1 876-318-8897
Jean,Jones,+49 875-629-9944
Kwame,Smith,+39 300-978-2269
Chen,Hernandez,+39 281-317-8958
Chloe,Lopez,+7 953-782-7059
Mia,Smith,+86 242-234-3748
Priya,Dubois,+86 396-801-4540
Lorenzo,Abebe,+33 311-508-5063
Yuki,Costa,+1 316-801-1198
Mia,Garcia,+39 584-842-7111
Hiroshi,Petrov,+33 692-376-3962
Mateo,Brown,+91 788-880-5521
Léa,Bianchi,+81 492-449-4326
Yuki,Bianchi,+34 666-194-5308
Giulia,Brown,+34 485-938-9781
Anastasia,Chen,+27 745-125-6489
Nia,Li,+27 109-652-3139
Ahmed,Jones,+91 448-285-2606
Lucia,Williams,+44 403-355-8170
Priya,Singh,+34 743-505-3716
Emma,Miller,+34 532-313-3620
Emma,Murphy,+1 332-397-1031
Wei,Miller,+44 571-486-6272
Anastasia,Lopez,+49 813-390-4430
Noah,Kim,+34 851-695-9764
Emma,Li,+81 365-177-9132
Kwame,Kim,+7 893-520-9788
Wei,Smith,+49 466-528-6349
Lucia,Ibrahim,+86 727-346-1100
Yuki,Kowalski,+27 840-122-3941
Mateo,Ibrahim,+44 630-419-8148
Mateo,Nguyen,+86 953-221-2800
Oliver,Silva,+27 402-747-2708
Ananya,Miller,+27 666-843-6899
Chloe,Chen,+34 972-875-3888
Yuki,Kim,+33 476-116-1854
Hiroshi,Kowalski,+49 698-277-8824
Anastasia,Chen,+39 766-511-4073
Sakura,Jones,+91 405-600-6487
Kwame,Patel,+34 811-471-4602
Mateo,Martinez,+33 152-606-8754
Nia,Kowalski,+1 156-886-7425
Ahmed,Dubois,+91 154-140-1764
Ananya,Popescu,+1 344-393-8331
Mia,Singh,+86 990-415-4231
Chloe,Patel,+27 186-843-3996
Priya,Martinez,+86 924-546-1551
Chen,Popescu,+1 685-518-9596
Ivan,Chen,+7 431-706-6220
Hiroshi,Bianchi,+86 370-351-6168
Mohammed,Novak,+81 781-881-6568
Liam,Williams,+44 999-271-8926
Anastasia,Patel,+39 124-443-3322
Anastasia,Novak,+86 104-558-5563
Sofia,Hernandez,+86 123-868-4760
Carlos,Chen,+27 629-357-2825
Oliver,Petrov,+33 760-253-1052
Chloe,Silva,+39 833-938-6883
Noah,Hernandez,+91 115-943-7555
Mia,Petrov,+1 798-734-9560
Mia,Bianchi,+91 103-295-7811
Sofia,Hernandez,+33 345-273-5382
Ivan,Novak,+91 180-233-5931
Emma,Patel,+39 784-294-4880
Samuel,Ibrahim,+7 911-642-6200
Chen,Costa,+44 349-697-2219
Kwame,Bianchi,+91 193-202-9541
Sakura,Smith,+44 779-425-1899
Olga,Petrov,+7 402-597-7187
Jean,Popescu,+34 120-460-1553
Mateo,Ivanov,+44 120-174-8901
Yuki,Li,+1 736-252-2835
Fatima,Silva,+27 741-508-4545
Ahmed,Ibrahim,+7 609-904-3527
Aria,Miller,+7 960-112-5390
Ahmed,Patel,+91 704-602-8347
Wei,Williams,+81 189-529-1748
Ananya,Okafor,+91 195-998-6096
Chloe,Murphy,+44 789-541-4970
Giulia,Ibrahim,+7 393-716-6889
Mia,Garcia,+34 397-176-6637
Anastasia,Novak,+1 901-706-5807
Sofia,Rossi,+91 203-805-8621
Sophia,Li,+39 647-650-7653
Lucia,Johnson,+81 364-644-4805
Noah,Lopez,+86 715-736-5681
Priya,Li,+49 723-157-2671
Anastasia,Johnson,+91 823-215-5835
Anastasia,Petrov,+34 982-569-8983
Sophia,Abadi,+34 655-794-2113
Ahmed,Johnson,+44 643-378-9219
Samuel,Dubois,+91 608-195-1016
Ahmed,Petrov,+44 971-506-6153
Mia,Silva,+91 742-482-9298
Wei,Ivanov,+81 836-798-2680
Lucia,Garcia,+49 957-747-5003
Ivan,Li,+86 107-118-7461
Lorenzo,Abebe,+1 258-518-8346
Ahmed,Johnson,+86 699-310-8939
Samuel,O'Connor,+49 468-225-3051
Hiroshi,Lopez,+91 288-512-3537
Yuki,Novak,+91 458-688-1316
Hiroshi,Brown,+91 179-635-6040
Jean,Abebe,+44 617-287-7442
Oliver,Ibrahim,+91 817-986-8419
Sakura,Martinez,+34 163-533-9840
Wei,Rossi,+49 154-250-1717
Emma,Okafor,+44 243-152-3086
Mateo,Ivanov,+1 186-187-4254
Ivan,Bianchi,+34 474-548-3610
Nia,Costa,+33 725-591-3587
Aria,O'Connor,+81 593-882-1174
Chloe,Murphy,+1 525-702-6089
Hiroshi,Abadi,+34 190-411-8070
Nia,Dubois,+86 704-117-3312
Sakura,Bianchi,+7 217-918-8850
Ava,Costa,+33 947-643-6953
Liam,Abebe,+33 965-852-8429
Ava,Li,+49 588-277-5275
Ananya,Williams,+91 489-917-6646
Anastasia,Garcia,+81 553-131-5281
Nia,Williams,+33 742-700-6554
Lorenzo,Hernandez,+33 146-690-3530
Priya,Novak,+27 997-238-9111
Liam,Miller,+81 567-495-2016
Lucia,Silva,+27 981-600-9135
Priya,Jones,+27 908-782-3949
Priya,Nguyen,+7 621-208-9457
Wei,Abadi,+39 402-502-1638
Nia,Rossi,+39 930-745-8165
Lorenzo,Popescu,+81 589-637-7323
Ivan,Kowalski,+39 150-156-8757
Sofia,Garcia,+1 419-279-3187
Mateo,Kowalski,+27 730-869-5138
Yuki,Silva,+33 401-150-3274
Yuki,Brown,+7 800-785-6009
Yuki,Lopez,+39 285-655-5843
Sakura,Bianchi,+81 362-702-1850
Ahmed,Abadi,+7 987-325-3206
Noah,Costa,+49 810-125-5785
Chloe,Li,+33 412-774-4959
Sofia,Ibrahim,+81 838-216-6051
Fatima,Murphy,+81 458-510-4102
Ananya,Miller,+33 742-374-7511
Samuel,Ivanov,+81 100-720-8558
Yuki,Patel,+49 780-656-2539
Chen,Kim,+91 781-635-6226
Fatima,Johnson,+91 137-962-2647
Léa,Abebe,+1 894-193-5318
Samuel,Ivanov,+81 621-572-9947
Carlos,Abadi,+7 167-279-4298
Noah,Petrov,+44 128-605-1901
Hiroshi,Johnson,+39 485-382-6284
Olga,Abadi,+39 247-258-6579
Léa,O'Connor,+44 136-432-5684
Lorenzo,Novak,+81 908-898-6317
Mohammed,Smith,+86 525-550-8960
Emma,Smith,+44 236-143-5006
Ananya,Hernandez,+1 528-620-4746
Mohammed,Dubois,+91 855-622-2349
Mateo,Kim,+1 584-556-2981
Ahmed,Johnson,+33 946-876-3220
Lorenzo,Petrov,+49 472-598-1510
Yuki,Li,+33 452-864-9267
Chloe,Nguyen,+91 478-804-8105
Aria,Abebe,+1 671-564-3755
Sophia,Chen,+44 926-533-9731
Léa,Kowalski,+34 171-996-9129
Mia,O'Connor,+44 560-624-4031
Priya,Jones,+81 944-634-4595
Samuel,Abadi,+86 888-113-1039
Mohammed,Silva,+39 280-457-1471
Anastasia,Kim,+44 813-968-1886
Mia,Hernandez,+27 315-511-8785
Lucia,Johnson,+1 466-623-1245
Carlos,Patel,+86 537-723-7864
Carlos,Nguyen,+34 558-201-3497
Lucia,Martinez,+91 946-174-8217
Sophia,Jones,+86 227-764-8562
Mia,Miller,+33 306-541-7786
Jean,Novak,+86 686-397-5748
Chloe,Popescu,+39 612-384-1671
Priya,Williams,+7 912-857-9035
Chen,Ibrahim,+81 184-614-8693
Giulia,Brown,+91 752-330-6849
Ava,Costa,+86 191-125-1930
Sophia,Garcia,+33 614-988-7937
Léa,Williams,+86 453-499-6583
Chen,Dubois,+34 119-379-4775
Lucia,Silva,+39 775-397-2368
Mohammed,Murphy,+7 812-451-9556
Oliver,Novak,+44 125-289-1796
Léa,Ivanov,+39 978-601-5528
Emma,Jones,+1 569-653-5927
Hiroshi,Ivanov,+1 384-817-6134
Giulia,Murphy,+44 847-467-5385
Ivan,Chen,+34 289-855-4953
Kwame,Li,+39 125-670-9674
Aria,Johnson,+33 920-467-3092
Anastasia,Singh,+39 227-513-4015
Oliver,Ibrahim,+86 503-696-9500
Ivan,Nguyen,+39 615-719-3722
Lorenzo,Martinez,+49 710-821-6536
Ava,Murphy,+34 983-602-2138
Anastasia,Dubois,+33 122-671-3022
Samuel,Lopez,+34 362-530-7194
Ava,Chen,+1 204-827-9152
Lorenzo,Abebe,+1 910-794-6044
Mohammed,Lopez,+91 378-216-5703
Wei,Abebe,+49 775-898-7494
Emma,Abebe,+81 634-409-2428
Emma,O'Connor,+1 977-500-2446
Sofia,Li,+91 529-222-5036
Chen,Garcia,+7 218-866-9660
Léa,Kowalski,+7 368-295-9154
Oliver,O'Connor,+7 697-954-1361
Hiroshi,Abebe,+81 573-154-4265
Yuki,Ibrahim,+81 490-731-3592
Aria,Patel,+81 869-836-6551
Lorenzo,Abadi,+44 447-369-1558
Anastasia,Okafor,+44 264-656-1720
Chloe,Abebe,+91 655-304-2501
Mohammed,Johnson,+1 914-245-8451
Priya,Jones,+81 956-648-8747
Sophia,Abadi,+27 545-375-9597
Yuki,Patel,+86 801-558-5399
Emma,Hernandez,+7 373-382-3508
Ivan,Rossi,+91 868-797-7762
Chloe,Petrov,+49 716-789-7426
Samuel,Abadi,+1 100-811-8165
Chloe,Jones,+81 819-471-4325
Wei,Chen,+86 689-649-6069
Lucia,Brown,+86 610-890-2908
Anastasia,O'Connor,+49 407-837-7761
Mateo,Dubois,+86 293-788-4969
Liam,Dubois,+39 582-767-1794
Liam,Martinez,+33 871-653-8584
Ananya,Jones,+7 141-785-7744
Léa,Jones,+86 749-297-3219
Anastasia,Abadi,+7 508-122-9621
Aria,Singh,+49 471-560-7194
Yuki,Bianchi,+7 106-588-4197
Chloe,Abadi,+27 558-520-4689
Anastasia,Smith,+44 782-634-7980
Carlos,Petrov,+44 978-882-5776
Oliver,Hernandez,+86 552-674-4910
Mia,Singh,+91 438-829-7551
Mia,Ivanov,+1 251-558-5904
Oliver,Garcia,+49 960-182-2653
Nia,Miller,+27 335-266-9348
Sakura,Ivanov,+81 956-709-9294
Priya,Abadi,+34 452-775-9917
Sakura,Jones,+44 136-874-2279
Sophia,Ibrahim,+7 938-779-2990
Sakura,Ibrahim,+33 838-174-1102
Olga,Dubois,+27 989-325-2946
Chloe,Lopez,+1 887-795-1284
Ivan,Williams,+81 703-495-7857
Nia,Abebe,+33 219-866-5125
Sofia,Abadi,+1 850-392-9590
Wei,Murphy,+39 524-450-5155
Kwame,Petrov,+34 866-704-2070
Nia,Miller,+49 440-552-3013
Mohammed,Martinez,+81 509-678-7557
Emma,Johnson,+44 498-971-3029
Anastasia,Williams,+7 161-525-9303
Mia,Kim,+81 539-730-3245
Chloe,Hernandez,+49 426-592-3944
Lorenzo,Popescu,+34 867-617-9710
Sophia,Singh,+49 173-450-3447
Yuki,Kim,+81 158-619-9339
Emma,Lopez,+86 605-802-5130
Ananya,Singh,+91 732-511-1360
Chloe,Patel,+33 686-461-5095
Kwame,Abadi,+86 119-657-7484
Liam,Lopez,+39 195-942-2051
Noah,Miller,+1 946-797-7146
Kwame,Murphy,+49 389-692-1815
Léa,Nguyen,+34 199-424-4834
Carlos,Garcia,+44 648-523-4922
Mateo,Kim,+86 660-838-8616
Priya,Martinez,+1 720-432-1313
Carlos,Garcia,+91 886-960-1712
Ivan,Williams,+91 119-350-6377
Giulia,Hernandez,+27 573-957-8823
Yuki,Ivanov,+44 729-520-7838
Lucia,Smith,+27 437-413-9959
Lucia,Lopez,+81 784-507-3023
Chloe,Jones,+1 131-459-9916
Priya,Williams,+49 854-740-2004
Emma,Silva,+33 317-968-3225
Sakura,Okafor,+44 571-755-9952
Sophia,Chen,+7 963-405-5298
Lorenzo,O'Connor,+39 340-282-2859
Ahmed,Silva,+1 608-110-7646
Yuki,Rossi,+81 787-433-7879
Nia,Abebe,+34 782-658-2363
Kwame,Kowalski,+44 498-792-1580
Carlos,Garcia,+33 972-639-9360
Carlos,Silva,+81 472-442-6373
Jean,Kim,+49 945-786-1240
Sophia,Novak,+39 937-270-8459
Mia,Ivanov,+1 208-760-8324
Hiroshi,Okafor,+81 694-229-6589
Lorenzo,Kim,+33 330-264-9015
Oliver,Rossi,+34 881-318-2416
Sakura,Chen,+7 449-612-4975
Carlos,Singh,+27 449-676-5003
Samuel,Kowalski,+86 212-487-7236
Yuki,Ibrahim,+39 173-176-4811
Mia,Garcia,+33 383-253-7609
Sophia,Novak,+34 521-223-9173
Léa,Abebe,+33 429-532-4166
Jean,Nguyen,+34 248-780-3599
Noah,Popescu,+39 151-701-1082
Yuki,Brown,+86 680-476-2489
Mia,Kowalski,+86 720-288-5018
Lucia,Costa,+7 341-737-5922
Chloe,Dubois,+44 883-771-9769
Ivan,Jones,+34 521-253-9877
Wei,Petrov,+44 131-481-6288
Noah,Miller,+81 942-258-1231
Nia,Singh,+49 865-408-7127
Fatima,Abadi,+44 945-737-5299
Léa,Abebe,+27 978-768-1723
Ava,Kowalski,+39 649-876-4373
Chloe,Bianchi,+34 183-311-9142
Olga,Hernandez,+39 674-273-8047
Ananya,Petrov,+81 289-167-7356
Chloe,Nguyen,+1 191-983-5099
Chloe,Patel,+7 414-481-4472
Nia,Johnson,+27 988-119-7518
Wei,Smith,+86 491-562-5080
Noah,Martinez,+91 569-911-1939
Wei,O'Connor,+34 923-115-7137
Mohammed,Abebe,+91 181-622-8256
Samuel,Smith,+91 204-826-7972
Lorenzo,Costa,+39 801-384-5947
Sofia,Johnson,+34 991-234-7480
Emma,Rossi,+33 984-295-1245
Oliver,Ibrahim,+39 503-539-9495
Wei,Ibrahim,+27 329-565-8083
Chen,Petrov,+91 315-157-9677
Liam,Lopez,+7 973-631-5820
Mia,O'Connor,+27 249-622-7422
Priya,Martinez,+34 751-454-9002
Sofia,Brown,+44 885-721-1511
Ivan,Abadi,+81 247-715-7689
Oliver,Kowalski,+86 464-998-8762
Nia,Williams,+86 712-258-6311
Mohammed,Kowalski,+39 863-796-9328
Yuki,Hernandez,+33 560-643-7190
Aria,Kim,+34 619-417-5432
Chen,Petrov,+91 441-905-8002
Giulia,Lopez,+86 952-738-1684
Fatima,Kim,+91 761-715-3448
Léa,Chen,+27 158-314-2258
Olga,Martinez,+39 164-618-5077
Kwame,Johnson,+1 155-667-9236
Chloe,Johnson,+33 474-197-1001
Yuki,Abadi,+7 372-529-9654
Sakura,Chen,+86 477-215-8307
Jean,Okafor,+33 569-265-5656
Lorenzo,Bianchi,+44 618-534-9406
Aria,Smith,+7 502-570-8020
Léa,Johnson,+81 950-579-7918
Yuki,Petrov,+27 924-464-6502
Léa,Nguyen,+33 789-766-3641
Liam,Jones,+33 866-254-3965
Anastasia,Petrov,+81 300-732-1788
Carlos,Kowalski,+34 713-819-6161
Chen,Brown,+33 350-564-6276
Giulia,Patel,+7 894-103-1244
Jean,Lopez,+1 975-510-7681
Samuel,Popescu,+44 924-608-7476
Sophia,Li,+44 635-336-5132
Priya,Petrov,+86 469-114-5151
Sofia,Abebe,+34 221-892-6542
Ananya,Brown,+44 403-150-1754
Noah,Martinez,+44 200-819-7379
Ananya,Petrov,+91 851-994-1110
Priya,Smith,+7 435-141-2047
Sofia,Li,+86 727-324-4891
Nia,Ibrahim,+39 624-520-2563
Anastasia,Singh,+39 708-520-9864
Olga,Rossi,+34 926-459-6873
Nia,Singh,+91 773-951-3316
Léa,Ibrahim,+33 256-997-3513
Anastasia,Bianchi,+86 732-907-7618
Fatima,Patel,+27 751-985-7269
Nia,Chen,+91 288-875-3019
Chloe,Smith,+27 747-470-3436
Lucia,Brown,+91 473-127-2064
Noah,Costa,+86 134-776-7279
Wei,Chen,+91 938-828-9965
Ivan,Smith,+27 849-900-6921
Ahmed,O'Connor,+86 731-859-5236
Lorenzo,Lopez,+86 954-870-6210
Sakura,Hernandez,+7 570-950-1625
Jean,Murphy,+7 514-515-1530
Lucia,Garcia,+44 158-971-6368
Sakura,Abebe,+44 310-642-1460
Olga,Costa,+44 730-386-6759
Liam,Costa,+1 807-239-3105
Nia,Li,+27 778-789-6151
Jean,Abebe,+39 749-156-6685
Mohammed,Abadi,+44 568-501-7992
Liam,Ibrahim,+91 464-846-8712
Carlos,Ibrahim,+33 423-230-5113
Lorenzo,Bianchi,+91 850-145-1390
Hiroshi,Rossi,+81 336-902-4182
Hiroshi,Smith,+7 386-586-5031
Sakura,Rossi,+7 781-409-2627
Hiroshi,Murphy,+44 839-763-6465
Sofia,Garcia,+34 173-657-8166
Ava,Johnson,+1 946-146-2649
Sofia,Abebe,+7 997-717-7559
Aria,Williams,+81 647-675-7139
Oliver,Brown,+86 520-814-3615
Samuel,Brown,+1 668-103-3938
Giulia,Ivanov,+7 728-428-3958
Lucia,Garcia,+27 607-255-9495
Priya,Silva,+39 211-193-7763
Samuel,Silva,+27 476-315-1294
Oliver,Silva,+91 671-389-5729
Oliver,Abebe,+86 919-449-1342
Anastasia,Kim,+49 769-375-9053
Anastasia,Hernandez,+33 382-852-3445
Samuel,Jones,+34 371-577-3635
Carlos,Patel,+81 660-399-2998
Ava,Jones,+86 656-431-8951
Sakura,Murphy,+1 371-240-2136
Léa,Abebe,+49 440-673-8975
Chloe,Brown,+34 137-183-4771
Ava,Lopez,+81 310-616-6147
Lucia,Abebe,+44 274-619-1540
Oliver,Rossi,+34 914-770-8012
Oliver,Costa,+86 528-625-4459
Lorenzo,Miller,+27 206-925-5329
Giulia,Singh,+7 341-375-6235
Sofia,Rossi,+1 952-595-4191
Jean,Bianchi,+34 893-530-2835
Sophia,Novak,+91 908-890-3176
Olga,Ibrahim,+33 544-277-5273
Sakura,Ibrahim,+34 377-538-6737
Giulia,Martinez,+33 518-265-5889
Ava,Lopez,+49 221-519-7662
Lorenzo,Abadi,+1 947-200-9827
Ava,Ivanov,+49 522-861-3756
Ivan,Costa,+49 509-659-1475
Ivan,Kowalski,+1 159-998-4181
Lucia,Garcia,+86 761-381-5504
Aria,Silva,+81 751-455-4687
Giulia,O'Connor,+44 255-974-9259
Lorenzo,Singh,+1 873-787-3522
Mateo,Popescu,+81 249-464-3570
Sakura,Costa,+49 322-525-2757
Hiroshi,Kowalski,+27 463-680-4606
Olga,Popescu,+27 461-589-2715
Noah,Johnson,+34 924-396-9086
Lorenzo,Lopez,+27 190-761-4165
Samuel,Singh,+27 388-124-4295
Mohammed,Ivanov,+44 897-176-4087
Ava,Johnson,+49 238-106-4287
Ahmed,Williams,+34 376-436-8782
Giulia,Chen,+44 794-440-2393
Lucia,Williams,+34 598-545-5713
Giulia,Hernandez,+7 341-722-4660
Carlos,O'Connor,+7 910-100-1325
Noah,Okafor,+34 144-722-2126
Mateo,Brown,+1 594-156-4230
Wei,Patel,+34 696-580-8403
Mohammed,Patel,+34 426-494-8678
Sakura,Kowalski,+81 244-443-8922
Samuel,Bianchi,+39 610-383-9442
Priya,Patel,+49 140-394-9805
Oliver,Li,+27 218-161-9587
Nia,Chen,+86 258-236-2182
Sofia,Patel,+34 363-274-8524
Ivan,Jones,+1 282-323-1596
Chen,Chen,+49 108-167-7206
Aria,Johnson,+91 260-602-8943
Emma,Brown,+27 270-257-5570
Ahmed,Abadi,+86 209-791-7629
Mia,Dubois,+44 192-639-2723
Liam,Chen,+86 146-987-7212
Giulia,Jones,+7 654-342-5974
Chen,Kim,+27 703-518-7445
Lucia,Popescu,+34 362-875-7814
Chloe,Rossi,+81 928-110-4548
Lorenzo,Abebe,+49 540-894-8470
Noah,Hernandez,+34 777-830-9151
Giulia,Okafor,+33 122-976-2565
Sophia,Smith,+86 653-482-7733
Liam,Hernandez,+7 688-503-6366
Yuki,Abebe,+39 211-312-4261
Mateo,Kim,+86 392-167-5750
Léa,Jones,+34 804-162-7434
Chen,Novak,+34 385-120-1023
Olga,Silva,+34 184-410-6061
Kwame,Garcia,+39 492-268-5974
Giulia,Popescu,+49 985-595-6813
Emma,Ivanov,+39 347-732-7407
Ivan,O'Connor,+1 215-718-6908
Kwame,Silva,+91 466-624-6628
Sofia,Petrov,+86 408-614-1949
Yuki,Abebe,+44 516-877-2694
Anastasia,Abadi,+81 496-750-6053
Ananya,O'Connor,+1 925-470-1981
Liam,Ibrahim,+44 426-736-8611
Giulia,Kim,+81 368-276-9669
Samuel,Patel,+44 793-916-8882
Priya,Popescu,+34 483-629-7867
Mohammed,Martinez,+91 451-740-4945
Wei,Novak,+81 607-395-6218
Lucia,Johnson,+39 919-232-6267
Kwame,Lopez,+49 759-610-4375
Kwame,Novak,+44 658-540-2271
Jean,Patel,+34 259-388-2844
Sofia,Petrov,+33 729-950-4101
Ananya,Petrov,+27 811-480-8836
Noah,Silva,+49 807-258-4892
Yuki,O'Connor,+81 401-958-1309
Mateo,Rossi,+44 995-475-7822
Nia,Nguyen,+27 422-107-7025
Ahmed,Chen,+1 168-973-2066
Samuel,Ivanov,+7 768-913-1676
Sakura,Petrov,+49 305-380-4103
Nia,Ivanov,+86 825-716-3592
Yuki,Silva,+86 421-216-3860
Sophia,Li,+49 651-102-6031
Sakura,Popescu,+44 966-876-5522
Yuki,Novak,+33 908-415-8477
Chen,Ivanov,+33 653-166-8548
Léa,Kim,+81 955-836-5960
Aria,Silva,+27 215-353-2369
Emma,Silva,+33 958-103-3319
Oliver,Brown,+33 220-340-6482
Wei,Lopez,+27 828-705-1045
Carlos,Kowalski,+91 757-718-7854
Sophia,Garcia,+27 982-804-9853
Ananya,Brown,+27 822-985-3682
Priya,Costa,+27 451-288-2106
Chen,Hernandez,+39 685-684-3691
Anastasia,Kowalski,+27 813-401-6953
Olga,Hernandez,+44 728-573-4152
Chen,Garcia,+33 234-290-2077
Noah,Murphy,+44 963-661-7686
Anastasia,Johnson,+7 488-332-6199
Ivan,Singh,+86 850-655-5687
Giulia,Costa,+91 132-413-1752
Oliver,Patel,+7 540-451-5824
Chen,Popescu,+1 322-870-9863
Emma,Silva,+91 365-561-4677
Chloe,Petrov,+27 170-840-5852
Aria,Smith,+39 724-120-3298
Mateo,Li,+86 275-895-6478
Kwame,Jones,+81 377-745-8207
Mia,Novak,+49 215-263-4365
Olga,Costa,+81 388-186-9622
Hiroshi,Kim,+81 552-878-4447
Yuki,Chen,+39 150-352-3494
Ananya,Chen,+49 623-120-7174
Chloe,Kowalski,+27 841-921-9371
Ahmed,Bianchi,+44 114-540-2274
Ivan,Ivanov,+27 861-279-3295
Emma,Murphy,+27 690-366-4515
Ahmed,Kim,+39 622-430-3927
Ivan,Hernandez,+49 674-758-8251
Anastasia,Silva,+44 494-645-1006
Lucia,Bianchi,+81 703-659-2993
Nia,Williams,+49 809-788-7385
Mia,Miller,+27 235-827-9564
Lorenzo,Nguyen,+7 735-695-4561
Samuel,Singh,+34 884-748-7298
Emma,Williams,+44 264-267-7619
Jean,Ivanov,+33 633-646-7772
Mohammed,Rossi,+81 836-896-4072
Carlos,Ivanov,+7 199-148-2660
Fatima,Petrov,+91 509-470-7464
Olga,Ivanov,+39 181-294-7649
Wei,Murphy,+39 906-274-5201
Ava,Bianchi,+49 295-585-7256
Hiroshi,Murphy,+91 782-651-9199
Mateo,Martinez,+1 669-544-8238
Olga,Kowalski,+1 981-815-6336
Giulia,Abebe,+91 321-723-4724
Lucia,Miller,+27 264-545-5448
Ahmed,Johnson,+1 207-160-2935
Chen,O'Connor,+7 232-673-6076
Priya,Williams,+44 157-617-4741
Olga,Silva,+44 330-846-5317
Carlos,O'Connor,+86 264-794-4191
Priya,Williams,+39 638-790-4910
Noah,Silva,+33 915-789-3737
Kwame,Miller,+86 323-471-5753
Samuel,Novak,+91 910-201-1844
Fatima,Hernandez,+81 476-511-5156
Nia,Williams,+86 982-140-9120
Kwame,Abadi,+91 432-424-6566
Ananya,Novak,+34 212-139-4787
Mohammed,Nguyen,+81 930-627-9742
Sofia,Lopez,+39 914-673-9647
Oliver,Popescu,+33 427-861-4270
Mia,Ibrahim,+44 344-441-9291
Fatima,Lopez,+49 175-933-3954
Wei,Johnson,+49 624-815-5820
Ahmed,Jones,+33 240-872-3784
Chloe,Kim,+91 514-672-7499
Priya,Chen,+27 347-322-9296
Ahmed,Abebe,+44 781-611-1598
Olga,Singh,+81 471-445-4624
Priya,Hernandez,+49 882-453-9593
Sofia,Singh,+44 830-518-7083
Samuel,Smith,+27 349-430-7321
Chloe,Lopez,+34 680-335-9230
Sakura,Nguyen,+81 253-778-2682
Emma,Williams,+91 547-977-5827
Mia,Lopez,+49 356-659-6154
Liam,Costa,+44 523-916-9288
Nia,Kim,+49 171-895-2639
Ahmed,Smith,+1 540-647-2294
Jean,Miller,+1 737-268-4265
Sofia,Li,+34 681-507-1694
Fatima,Ivanov,+33 603-166-9925
Ananya,Bianchi,+86 172-425-5783
Olga,Rossi,+7 264-580-6367
Emma,Popescu,+33 144-766-4853
Mohammed,Dubois,+7 704-472-8888
Nia,Ibrahim,+7 105-938-6606
Ananya,Patel,+7 701-872-5328
Olga,Ivanov,+34 669-849-4112
Ananya,Rossi,+49 785-961-1256
Liam,Miller,+91 838-637-7297
Samuel,O'Connor,+44 281-203-4985
Kwame,O'Connor,+44 534-941-9238
Sophia,Popescu,+91 546-730-6078
Noah,Murphy,+39 364-665-1359
Samuel,Johnson,+7 504-188-7374
Lorenzo,Kim,+33 210-910-7422
Carlos,Jones,+49 964-516-1724
Chen,Murphy,+49 206-278-3685
Aria,Williams,+81 104-304-4405
Emma,Popescu,+39 668-768-2665
Sakura,Abebe,+33 344-422-1239
Sophia,Kim,+27 786-757-3739
Oliver,Ibrahim,+34 222-860-7785
Jean,Bianchi,+49 530-269-7762
Emma,Hernandez,+34 203-918-3760
Liam,Okafor,+27 239-394-5241
Chloe,Abadi,+81 260-607-7083
Chen,Martinez,+49 101-318-2943
Olga,Singh,+27 363-271-2712
Nia,Garcia,+27 613-751-1547
Anastasia,Johnson,+39 494-912-6627
Sofia,Lopez,+27 447-908-9211
Fatima,Kim,+81 877-733-8552
Mateo,Hernandez,+1 980-739-1486
Mia,O'Connor,+86 804-211-7629
Liam,Nguyen,+81 951-791-9918
Sakura,Li,+27 584-996-7052
Sakura,O'Connor,+27 811-351-8299
Ananya,Lopez,+34 608-176-8362
Aria,Smith,+27 641-521-5381
Aria,Jones,+49 545-734-7618
Aria,Ivanov,+33 870-973-2479
Lorenzo,Jones,+27 567-772-1420
Mohammed,Kowalski,+91 418-644-4070
Aria,Ivanov,+1 211-554-1849
Carlos,Jones,+33 360-930-4883
Anastasia,Garcia,+27 821-666-9289
Ava,Okafor,+7 111-545-6772
Mia,Nguyen,+86 317-609-3446
Sophia,Ibrahim,+81 494-801-2788
Mateo,Murphy,+86 431-597-5445
Sophia,Popescu,+39 869-742-5786
Mia,Garcia,+81 425-131-7224
Mohammed,O'Connor,+33 505-474-2741
Emma,Popescu,+86 365-185-6412
Olga,Bianchi,+81 106-623-7447
Ava,Bianchi,+81 828-387-6373
Hiroshi,Hernandez,+39 833-488-4587
Sakura,Ivanov,+1 991-977-7481
Liam,Nguyen,+49 540-969-4951
Priya,Smith,+49 405-254-2509
Ananya,O'Connor,+91 961-192-8217
Jean,Lopez,+1 340-674-5347
Chloe,Silva,+34 945-669-5038
Anastasia,Garcia,+34 879-581-4490
Ivan,Rossi,+33 909-846-5437
Olga,Costa,+27 368-195-8363
Wei,Garcia,+81 681-997-6859
Mateo,Lopez,+91 934-237-4538
Mateo,Rossi,+33 273-906-7457
Olga,Garcia,+34 480-799-7951
Ananya,Singh,+34 341-319-2450
Liam,Jones,+39 128-598-5926
Liam,Okafor,+49 796-829-2204
Anastasia,Nguyen,+49 975-145-9984
Priya,Jones,+86 564-146-1888
Ahmed,Garcia,+91 254-208-7148
Ahmed,Smith,+1 825-558-4133
Sophia,Lopez,+49 461-136-6506
Léa,Ibrahim,+34 885-801-5594
Noah,Bianchi,+39 200-625-9612
Carlos,Johnson,+86 250-110-1142
Emma,Williams,+7 315-399-3334
Jean,Ibrahim,+27 116-117-3870
Liam,Brown,+49 523-580-6433
Noah,Abadi,+33 139-446-4891
Yuki,Novak,+81 439-157-8172
Wei,Dubois,+34 286-936-7100
Nia,Novak,+1 106-237-6814
Mia,Costa,+39 319-754-6124
Emma,Kowalski,+81 865-545-7112
Lucia,Popescu,+34 135-522-8868
Lucia,Abadi,+86 260-883-7811
Carlos,Ivanov,+7 740-320-9138
Aria,O'Connor,+7 607-610-7722
Chloe,Chen,+27 863-554-8748
Yuki,Rossi,+33 508-436-4921
Ivan,Li,+91 140-576-6485
Emma,Nguyen,+39 435-282-6640
Ahmed,Rossi,+86 808-577-9945
Mohammed,Miller,+91 529-268-4278
Noah,Murphy,+91 945-922-5216
Noah,Nguyen,+39 625-426-7266
Chen,Garcia,+27 670-201-3461
Chen,Jones,+49 890-368-8401
Léa,Kim,+49 381-738-4726
Jean,Patel,+81 522-187-6951
Oliver,Miller,+33 987-263-1079
Fatima,Patel,+81 668-117-7869
Samuel,Dubois,+49 688-265-9195
Nia,Popescu,+91 596-409-6789
Priya,Popescu,+91 237-232-6963
Anastasia,Miller,+7 838-967-5375
Oliver,Williams,+1 475-972-9423
Ahmed,Patel,+81 447-905-2816
Oliver,Novak,+49 506-407-5644
Liam,Hernandez,+39 340-718-5201
Ahmed,Silva,+7 625-629-1624
Kwame,Dubois,+34 238-564-4427
Chloe,Murphy,+49 446-269-3864
Sakura,Dubois,+27 194-320-4866
Carlos,Novak,+33 193-329-2935
Fatima,Singh,+81 285-958-2582
Aria,Brown,+1 640-870-9902
Sofia,Johnson,+81 534-510-9373
Giulia,Li,+86 158-280-1840
Noah,Singh,+81 759-332-9004
Anastasia,Patel,+1 219-600-9116
Ananya,Novak,+49 229-648-3838
Yuki,Chen,+39 893-561-8796
Ananya,Johnson,+1 635-167-1768
Aria,Murphy,+81 216-569-6576
Lorenzo,Novak,+44 721-817-9535
Sakura,Ivanov,+49 216-414-8791
Lorenzo,Rossi,+39 589-986-4018
Ananya,Petrov,+34 151-854-8685
Jean,Kim,+39 223-893-6442
Anastasia,Singh,+27 316-520-5421
Mia,Martinez,+27 644-973-5422
Lorenzo,O'Connor,+91 273-794-4187
Sophia,Murphy,+49 162-458-6271
Noah,Williams,+27 551-738-8230
Mia,Petrov,+86 583-162-9597
Léa,Smith,+81 691-956-3421
Fatima,Murphy,+86 601-103-2756
Yuki,Johnson,+44 869-226-8001
Priya,Rossi,+1 391-992-5822
Ivan,Garcia,+34 858-945-4288
Lorenzo,Okafor,+91 596-224-8227
Mateo,Johnson,+44 335-847-9347
Priya,Novak,+91 307-242-6996
Ivan,Dubois,+1 126-484-5985
Mateo,Jones,+44 506-137-7740
Ananya,Martinez,+1 140-505-6964
Priya,Kowalski,+27 148-754-7647
Ava,Kowalski,+49 305-405-4024
Mohammed,Martinez,+91 740-770-7158
Samuel,Williams,+81 863-777-2819
Noah,Novak,+7 353-402-9697
Carlos,Singh,+27 105-478-4649
Ananya,Johnson,+27 575-637-5083
Sophia,Martinez,+86 943-633-6349
Sakura,Jones,+49 798-347-7222
Lorenzo,Williams,+27 589-657-6606
Lucia,Brown,+49 636-154-4449
Giulia,Ivanov,+34 772-309-6479
Lucia,Lopez,+7 225-932-2643
Mohammed,Miller,+81 921-932-1978
Jean,Rossi,+39 149-965-6482
Chen,Brown,+39 938-180-3761
Hiroshi,Li,+49 373-956-7323
Noah,Brown,+81 363-107-7358
Wei,Nguyen,+44 199-724-5320
Mohammed,Martinez,+86 229-983-3247
Ivan,Johnson,+39 972-209-9169
Mateo,Martinez,+39 818-210-8996
Mateo,Petrov,+44 768-365-4981
Lucia,Ibrahim,+27 508-932-9142
Jean,Smith,+1 830-712-5120
Sakura,Petrov,+86 349-564-8741
Carlos,Hernandez,+33 366-608-9001
Olga,Costa,+81 230-391-6737
Fatima,Patel,+34 439-176-5313
Lucia,Kowalski,+34 226-465-5437
Wei,Abadi,+1 526-214-6337
Wei,Smith,+49 386-160-7091
Anastasia,O'Connor,+91 463-142-7255
Mia,Ibrahim,+1 517-506-2158
Hiroshi,Johnson,+33 173-880-8870
Jean,Li,+34 170-363-1786
Léa,Novak,+81 221-735-4268
Ivan,Petrov,+33 451-281-6683
Emma,Ivanov,+27 116-477-3355
Sofia,Kim,+91 325-727-3903
Chloe,Li,+91 358-514-1873
Ananya,Abebe,+81 788-514-4325
Mateo,Johnson,+1 196-370-4160
Mohammed,Lopez,+91 254-313-7808
Ava,Costa,+7 969-727-4722
Noah,Li,+44 990-219-1837
Wei,Kowalski,+1 698-351-7324
Emma,Kowalski,+44 358-868-5766
Kwame,Garcia,+44 274-647-6589
Oliver,Williams,+91 537-571-1518
Hiroshi,Nguyen,+44 844-869-1402
Fatima,Abebe,+33 216-524-5889
Mohammed,Garcia,+1 456-575-9985
Oliver,O'Connor,+27 972-899-7684
Emma,Kim,+34 412-211-6293
Olga,Smith,+27 779-828-4495
Olga,Brown,+91 542-169-8397
Lucia,Abebe,+34 824-843-9359
Ananya,Petrov,+39 850-366-9570
Nia,O'Connor,+27 434-555-2983
Ivan,Dubois,+39 565-602-1093
Nia,Chen,+49 999-721-4082
Chloe,Dubois,+39 932-566-9273
Sophia,Ibrahim,+86 558-156-8129
Lucia,Lopez,+34 567-544-9227
Giulia,Silva,+39 221-342-3059
Sakura,Brown,+49 241-945-2834
Ananya,Bianchi,+49 406-870-3195
Jean,Novak,+39 562-987-3140
Fatima,Chen,+86 236-124-7216
Noah,Petrov,+86 738-317-6112
Sofia,Dubois,+86 490-385-2764
Fatima,Petrov,+1 338-637-3137
Oliver,Kowalski,+1 136-228-7834
Sophia,Rossi,+49 395-812-4007
Olga,Miller,+91 533-818-5409
Wei,Kowalski,+1 554-903-4088
Chen,Hernandez,+44 636-504-2125
Léa,Okafor,+1 649-269-6336
Oliver,Popescu,+27 568-664-6395
Jean,O'Connor,+49 189-151-1926
Hiroshi,Lopez,+49 259-828-8232
Chen,Rossi,+39 856-691-4734
Hiroshi,Abebe,+1 993-735-5026
Noah,Popescu,+91 802-831-2580
Wei,Brown,+49 147-273-6508
Lucia,Ibrahim,+27 943-560-7930
Olga,Singh,+86 517-487-8093
Chloe,Jones,+33 803-872-9695
Léa,O'Connor,+27 775-890-6428
Oliver,Hernandez,+81 465-192-8532
Noah,Ibrahim,+7 947-229-5151
Oliver,Rossi,+7 703-256-2723
Jean,Abebe,+7 870-514-2832
Noah,Williams,+33 959-579-8914
Priya,Miller,+81 287-118-9386
Giulia,Li,+27 682-916-1377
Oliver,Bianchi,+7 572-224-7233
Sakura,Murphy,+27 544-468-7952
Wei,O'Connor,+1 247-790-3899
Fatima,Dubois,+91 994-266-6297
Liam,Miller,+7 293-453-4903
Lucia,Singh,+27 352-888-3102
Samuel,Dubois,+39 543-891-3116
Mohammed,Martinez,+86 822-372-9114
Chloe,Okafor,+91 876-437-2478
Giulia,Murphy,+7 164-964-1882
Chen,Murphy,+39 366-877-3947
Oliver,Chen,+86 498-291-7665
Samuel,Bianchi,+33 916-445-6106
Kwame,Rossi,+34 365-959-2531
Sakura,Novak,+39 871-654-9874
Léa,Martinez,+39 461-868-8282
Sophia,Li,+27 502-154-8150
Mia,Costa,+86 816-863-1007
Ananya,Petrov,+1 834-953-6727
Aria,Abadi,+49 650-620-3040
Hiroshi,Brown,+44 980-263-9312
Nia,Hernandez,+27 497-999-4486
Yuki,Bianchi,+39 113-918-5075
Sakura,Lopez,+86 735-139-5952
Sofia,Smith,+1 185-943-8271
Nia,Kim,+44 474-316-5592
Ava,Abadi,+34 206-254-1470
Ahmed,Martinez,+27 184-958-1427
Ahmed,Hernandez,+91 135-548-5417
Oliver,Miller,+27 809-674-7345
Lucia,Silva,+44 312-321-9348
Oliver,Singh,+7 792-685-4322
Fatima,Ivanov,+81 637-720-8778
Ahmed,Dubois,+7 794-581-4767
Mateo,Martinez,+27 541-813-8163
Ananya,Miller,+33 294-637-2319
Liam,Popescu,+91 790-932-7324
Yuki,Ivanov,+39 163-870-4524
Jean,Novak,+86 204-898-1183
Ahmed,Jones,+81 404-626-3111
Noah,Smith,+81 753-534-1204
Priya,Bianchi,+44 892-744-9378
Jean,Petrov,+7 200-528-8408
Emma,Abebe,+86 794-905-9128
Priya,Nguyen,+39 620-261-7145
Hiroshi,Smith,+49 884-432-1151
Ava,Miller,+27 716-484-4441
Ananya,Kim,+86 463-590-7555
Priya,Dubois,+91 564-103-4090
Kwame,Nguyen,+7 408-864-5573
Giulia,Bianchi,+86 368-194-3701
Oliver,Novak,+1 340-418-1413
Nia,Lopez,+27 940-942-7521
Lucia,Hernandez,+1 971-730-3917
Noah,Popescu,+91 963-524-9978
Kwame,Williams,+1 369-602-8208
Yuki,Novak,+91 796-290-1075
Mateo,Abadi,+7 304-411-3896
Lorenzo,Smith,+33 916-424-8989
Mohammed,Kim,+91 423-100-4410
Sofia,Smith,+7 516-324-7875
Chloe,Abebe,+1 343-894-6159
Yuki,Okafor,+49 362-682-1490
Lucia,Abebe,+44 859-498-8343
Chen,Johnson,+44 362-515-8538
Nia,Singh,+49 365-151-3370
Priya,Brown,+1 156-952-4796
Yuki,Rossi,+91 237-670-9000
Ahmed,Chen,+86 380-291-2136
Liam,Hernandez,+1 675-120-1654
Giulia,Ivanov,+81 245-660-1916
Léa,Johnson,+7 292-102-1700
Giulia,Rossi,+1 533-872-7582
Chloe,Dubois,+39 732-199-1407
Noah,Miller,+49 479-964-4324
Lorenzo,Nguyen,+49 498-273-5454
Wei,Nguyen,+86 619-776-3593
Wei,Lopez,+44 394-142-8560
Nia,Miller,+86 804-671-9732
Mohammed,Nguyen,+81 196-412-8419
Hiroshi,Brown,+81 828-254-8693
Liam,Kim,+44 413-582-2073
Ava,Petrov,+1 711-332-6188
Sakura,Bianchi,+27 308-481-3789
Olga,Li,+91 561-744-8339
Wei,Popescu,+27 343-227-6357
Giulia,Okafor,+91 886-345-8287
Chloe,Murphy,+33 197-736-4555
Mia,Brown,+44 699-357-2049
Giulia,Singh,+34 647-297-5942
Sophia,Li,+91 940-667-9150
Nia,Abebe,+44 656-657-5300
Mateo,Jones,+91 508-746-7170
Ivan,Jones,+49 524-141-9554
Olga,Chen,+91 713-993-2810
Fatima,Kim,+81 532-909-2924
Noah,Bianchi,+44 106-334-9449
Mateo,Kim,+86 872-802-2375
Samuel,Miller,+81 731-308-1420
Mia,Dubois,+44 861-195-5490
Kwame,Singh,+34 183-809-6347
Liam,Abadi,+81 462-817-7058
Hiroshi,Okafor,+44 391-536-3854
Ava,Hernandez,+49 360-410-4992
Yuki,Smith,+34 409-835-9705
Mia,Smith,+7 851-477-9687
Ava,Nguyen,+81 864-461-8655
Lorenzo,Garcia,+39 608-259-9104
Priya,Petrov,+7 713-710-3221
Samuel,Costa,+33 646-570-7310
Ahmed,Lopez,+81 894-646-2883
Giulia,Abadi,+7 258-607-8276
Jean,Popescu,+7 329-813-3285
Ahmed,Abadi,+34 418-451-5902
Liam,Singh,+1 710-607-6728
Oliver,Smith,+91 310-336-5802
Mohammed,Patel,+33 102-942-9820
Ananya,Brown,+86 834-555-6459
Sofia,Garcia,+86 598-215-7617
Lucia,Murphy,+49 441-665-8650
Chloe,Novak,+44 433-477-9786
Oliver,Brown,+86 492-787-8200
Wei,Hernandez,+33 982-585-6635
Ahmed,Ibrahim,+34 803-945-9765
Mohammed,Dubois,+91 609-641-1332
Chloe,Smith,+39 153-981-2436
Lucia,Singh,+27 126-870-3607
Lorenzo,Smith,+49 462-246-7999
Noah,Johnson,+91 366-611-7284
Ava,Jones,+33 466-845-6425
Samuel,Silva,+86 426-451-5487
Fatima,Murphy,+39 913-471-8017
Wei,Hernandez,+81 406-636-7045
Mohammed,Popescu,+86 285-225-6049
Léa,Costa,+7 128-843-8005
Ananya,Kowalski,+27 109-647-6888
Oliver,Bianchi,+86 669-647-6331
Mohammed,Li,+39 783-401-6017
Fatima,Hernandez,+33 245-705-3609
Liam,O'Connor,+44 659-358-9500
Ava,Singh,+39 372-311-8583
Carlos,Okafor,+7 271-838-4751
Kwame,Murphy,+81 692-647-1833
Aria,Lopez,+81 750-107-7001
Yuki,Petrov,+39 567-518-6106
Lucia,Abebe,+33 586-958-5465
Wei,Dubois,+86 982-215-1960
Oliver,Garcia,+39 660-761-8841
Olga,Popescu,+39 846-741-5985
Jean,Silva,+49 250-751-8450
Chen,Garcia,+91 561-354-3176
Léa,Novak,+49 649-514-7767
Jean,Abadi,+34 692-410-5511
Ava,Kim,+34 548-512-1712
Mohammed,Garcia,+86 295-588-2573
Olga,Patel,+34 716-385-6940
Carlos,Miller,+33 735-922-5847
Sakura,Johnson,+1 584-910-1636
Lucia,Murphy,+91 178-714-8405
Yuki,Hernandez,+34 757-754-7644
Carlos,Chen,+91 470-120-3942
Noah,Okafor,+86 183-578-5530
Sakura,Brown,+81 927-272-8520
Noah,Ivanov,+91 620-974-6434
Lorenzo,Novak,+27 901-823-7503
Priya,Dubois,+34 393-363-2300
Sophia,Martinez,+86 321-156-4079
Ivan,Smith,+34 244-925-1587
Ivan,Patel,+7 279-253-7092
Yuki,Hernandez,+91 719-936-2263
Yuki,Novak,+49 550-126-1514
Wei,Ivanov,+7 403-656-5118
Liam,Brown,+34 945-461-6779
Nia,Silva,+33 571-132-1801
Sakura,Brown,+33 291-951-5800
Yuki,Murphy,+91 353-896-4558
Chloe,Okafor,+34 749-214-8020
Liam,Rossi,+86 985-766-4594
Kwame,Li,+91 848-469-7396
Oliver,Ibrahim,+33 431-303-2459
Anastasia,Kim,+81 818-263-7378
Kwame,Garcia,+1 285-332-5243
Liam,Dubois,+27 647-723-8600
Sophia,Kim,+1 747-837-9371
Mohammed,Nguyen,+7 380-752-6307
Anastasia,Patel,+27 362-231-6374
Wei,Garcia,+44 744-184-2465
Jean,Martinez,+44 385-353-1876
Chloe,Garcia,+33 451-752-3212
Chen,Martinez,+1 571-401-5888
Wei,Dubois,+39 343-224-6525
Léa,Lopez,+27 820-237-6706
Fatima,Smith,+33 478-987-9745
Anastasia,Garcia,+27 512-633-6376
Nia,Kim,+81 420-274-3008
Ava,Kowalski,+33 960-384-5856
Mia,Petrov,+86 966-420-4832
Ivan,Silva,+7 892-210-2792
Mohammed,Li,+91 609-962-1010
Jean,Abebe,+1 395-717-1033
Lucia,O'Connor,+7 289-806-5438
Ava,Ivanov,+7 127-698-4678
Fatima,Hernandez,+7 574-559-2896
Oliver,Hernandez,+1 354-649-9051
Kwame,Petrov,+34 568-541-9230
Sofia,Rossi,+7 958-347-8177
Oliver,Abebe,+33 128-117-3984
Liam,Silva,+1 396-897-8417
Ahmed,Costa,+34 170-639-8314
Aria,Kowalski,+49 425-511-8258
Wei,Petrov,+49 172-721-9668
Priya,Chen,+49 830-913-1491
Priya,Rossi,+86 920-709-9674
Chloe,Martinez,+33 710-317-6719
Chen,Hernandez,+91 594-729-5067
Oliver,Rossi,+34 962-993-8983
Hiroshi,Silva,+49 933-224-3674
Jean,Patel,+39 943-224-7994
Sofia,Ivanov,+1 814-813-9762
Ahmed,Miller,+34 482-366-5695
Priya,Ivanov,+39 116-726-3536
Ivan,Martinez,+39 446-710-5170
Anastasia,Lopez,+7 541-380-2221
Kwame,Lopez,+33 741-254-4374
Giulia,Li,+91 294-370-7413
Chloe,Okafor,+34 647-323-7410
Noah,Petrov,+49 771-270-5277
Ananya,Jones,+39 744-390-3721
Wei,Rossi,+7 872-901-2881
Léa,Rossi,+81 158-925-8860
Mia,Kowalski,+34 889-996-9645
Chen,Okafor,+27 986-578-1809
Mia,Okafor,+44 442-248-6884
Sakura,Costa,+44 474-219-4143
Chloe,Ibrahim,+86 410-967-2586
Ahmed,O'Connor,+49 360-956-2079
Ahmed,Rossi,+44 820-840-1600
Chloe,Silva,+27 173-198-1638
Priya,Martinez,+49 279-563-5061
Hiroshi,Okafor,+81 667-607-9961
Noah,Kim,+86 968-145-9748
Noah,Kim,+1 322-480-7863
Mohammed,Popescu,+1 795-870-7963
Chloe,O'Connor,+86 801-497-9021
Lorenzo,Petrov,+39 646-488-4788
Carlos,Okafor,+39 212-324-5081
Lucia,Lopez,+81 134-623-1394
Chloe,Brown,+27 615-215-3913
Emma,Rossi,+27 757-808-3549
Olga,Williams,+34 330-247-9784
Mia,Brown,+27 114-686-4340
Aria,Costa,+33 315-356-6367
Mateo,Jones,+34 631-402-7029
Oliver,Ibrahim,+1 233-405-2797
Jean,Bianchi,+81 826-732-9513
Emma,Johnson,+33 766-300-5487
Nia,Silva,+33 760-877-6337
Olga,Smith,+33 506-664-3373
Nia,Smith,+86 588-756-4539
Wei,Kim,+27 688-491-5385
Lucia,Silva,+7 350-249-5120
Giulia,Petrov,+34 937-384-6210
Sakura,O'Connor,+33 284-668-9846
Lorenzo,Popescu,+49 906-702-3201
Chen,O'Connor,+49 178-170-2633
Oliver,Abadi,+39 562-407-3512
Sofia,Bianchi,+34 823-889-8889
Aria,Ivanov,+27 537-252-8689
Olga,Rossi,+44 834-807-1237
Olga,Garcia,+39 180-999-1992
Noah,Costa,+1 437-208-6016
Kwame,Li,+27 954-809-8293
Priya,Ibrahim,+81 406-734-6534
Lorenzo,O'Connor,+81 864-695-4870
Sophia,Garcia,+86 865-640-6732
Mia,Singh,+39 611-960-8298
Nia,Dubois,+27 162-108-7593
Olga,Jones,+7 872-980-1079
Jean,Brown,+1 398-608-9648
Giulia,Petrov,+91 644-709-2209
Oliver,Brown,+33 333-807-9316
Lorenzo,Miller,+34 169-115-6781
Liam,Ibrahim,+91 616-754-8989
Samuel,Brown,+44 645-331-9668
Aria,Abadi,+86 813-255-2264
Anastasia,Okafor,+49 797-567-8627
Mateo,Martinez,+7 138-808-5849
Hiroshi,Ibrahim,+1 198-482-9772
Carlos,Brown,+1 100-694-8409
Léa,Rossi,+39 470-129-3984
Yuki,Lopez,+44 185-768-4652
Liam,Martinez,+91 609-785-7674
Ivan,Garcia,+27 265-598-3232
Lucia,Popescu,+7 204-343-5685
Emma,Abebe,+27 542-521-2879
Ava,Rossi,+33 881-218-1789
Mateo,Bianchi,+33 968-682-9285
Lorenzo,Brown,+34 423-329-2152
Oliver,Silva,+7 439-563-4749
Priya,Bianchi,+81 160-355-3723
Mohammed,Abadi,+34 192-802-1264
Yuki,Bianchi,+44 757-645-6285
Noah,Popescu,+1 367-239-3273
Lorenzo,Ivanov,+33 151-778-6043
Wei,Singh,+44 979-849-5175
Jean,Silva,+33 546-478-8800
Ava,Li,+49 921-330-6765
Fatima,Abebe,+49 284-376-9705
Ivan,Johnson,+91 191-227-1692
Chloe,Ibrahim,+49 979-625-9173
Ahmed,Petrov,+33 799-230-8587
Emma,Lopez,+33 728-582-5556
Ananya,Brown,+86 626-348-5555
Lucia,Singh,+44 862-304-8297
Emma,Lopez,+49 808-546-6877
Jean,Ivanov,+34 475-557-7775
Emma,Chen,+27 343-853-4762
Wei,Kim,+33 190-327-2702
Léa,Li,+49 663-350-1611
Chen,Singh,+33 630-854-6172
Samuel,Novak,+27 504-976-4296
Léa,Kowalski,+7 415-434-9524
Mohammed,Dubois,+86 551-340-8296
Liam,O'Connor,+27 514-459-9824
Olga,Singh,+34 462-229-7134
Jean,Abebe,+27 826-302-7056
Fatima,Smith,+91 289-468-9189
Carlos,Murphy,+1 395-815-2837
Mia,Abadi,+1 587-537-3440
Ahmed,Martinez,+86 883-361-4161
Yuki,Bianchi,+34 301-816-5813
Ananya,Bianchi,+91 976-722-9534
Giulia,Miller,+7 887-947-6368
Ava,Abebe,+27 864-609-6538
Olga,Rossi,+39 196-793-3362
Olga,Singh,+91 460-796-9656
Sophia,Bianchi,+1 257-940-5682
Anastasia,Petrov,+34 165-293-5503
Oliver,Johnson,+49 460-333-1095
Yuki,Silva,+44 816-640-2678
Aria,Garcia,+49 836-792-4305
Noah,Li,+33 754-185-1530
Hiroshi,Jones,+7 511-468-9470
Chen,Abebe,+27 494-684-8879
Mohammed,Kowalski,+34 920-633-1288
Oliver,Dubois,+7 289-901-1358
Ananya,Okafor,+39 559-319-6801
Oliver,Garcia,+91 786-662-6822
Lorenzo,O'Connor,+49 246-819-9934
Sophia,Williams,+49 445-149-7625
Yuki,Murphy,+49 924-680-7650
Carlos,Petrov,+91 841-490-4708
Wei,Kowalski,+81 137-426-3572
Giulia,Johnson,+33 892-912-7221
Mateo,Popescu,+7 567-524-3379
Mia,Silva,+39 309-213-4480
Mia,O'Connor,+7 931-176-3526
Mohammed,Abebe,+81 337-403-7341
Kwame,Ivanov,+91 680-469-7107
Mohammed,Patel,+33 866-223-8348
Kwame,Rossi,+39 927-577-6179
Anastasia,Rossi,+86 153-446-2851
Liam,Bianchi,+1 321-849-1388
Chloe,Miller,+34 793-666-8576
Mohammed,Smith,+33 336-275-7628
Ananya,Okafor,+91 699-809-3352
Aria,Kim,+86 215-641-5683
Fatima,Li,+44 475-748-7164
Ava,Costa,+91 275-251-5338
Kwame,O'Connor,+81 917-985-3244
Emma,Hernandez,+33 369-467-7387
Sakura,Singh,+44 714-419-7088
Carlos,Chen,+86 741-825-2553
Mateo,Lopez,+91 201-593-2283
Noah,Dubois,+34 296-831-6868
Sofia,Kim,+7 187-539-7156
Kwame,O'Connor,+91 765-274-8502
Léa,Abadi,+27 214-615-5125
Lucia,Silva,+81 232-184-4595
Olga,Ivanov,+81 386-866-4286
Lucia,Nguyen,+27 576-386-9044
Olga,Jones,+7 300-662-5107
Jean,Okafor,+1 516-890-5667
Giulia,Johnson,+91 326-821-2374
Oliver,Popescu,+49 494-193-4778
Ivan,Dubois,+7 660-783-8336
Mohammed,Popescu,+34 940-607-6143
Ahmed,Ibrahim,+91 819-398-4273
Anastasia,Costa,+49 694-444-2767
Priya,Ivanov,+7 191-323-7581
Ivan,O'Connor,+44 930-840-8768
Sofia,Patel,+86 183-518-3402
Yuki,Popescu,+81 144-781-2427
Fatima,Miller,+34 767-527-7507
Priya,Miller,+1 786-548-3363
Jean,Abadi,+1 942-724-6201
Kwame,O'Connor,+1 360-106-6290
Samuel,Ivanov,+44 236-760-9756
Lucia,Abebe,+44 653-644-9244
Léa,Smith,+1 786-646-7105
Chen,Lopez,+81 164-467-7250
Anastasia,Miller,+34 333-946-5088
Priya,Abadi,+7 660-839-7757
Jean,Murphy,+34 356-920-6818
Sophia,Kim,+33 925-605-4083
Kwame,Singh,+27 887-216-9595
Emma,Costa,+44 745-886-7584
Aria,Popescu,+86 252-851-2066
Anastasia,Kim,+33 992-663-2469
Hiroshi,Murphy,+33 404-140-8729
Nia,Garcia,+44 228-819-9306
Priya,Silva,+27 982-617-1307
Nia,Garcia,+81 414-972-6739
Wei,Popescu,+49 925-678-5914
Carlos,Martinez,+39 244-980-8440
Samuel,O'Connor,+33 747-944-5494
Ava,Li,+27 546-318-5268
Ahmed,Dubois,+39 108-836-1133
Oliver,Bianchi,+86 428-607-2407
Léa,Martinez,+7 377-883-9319
Carlos,Smith,+27 707-556-4400
Mia,Ibrahim,+33 978-516-9960
Hiroshi,Petrov,+44 412-238-6467
Mia,Garcia,+27 819-465-8143
Ivan,Dubois,+33 263-813-8880
Sophia,Chen,+33 346-378-7921
Sophia,Patel,+39 245-947-3979
Emma,Ibrahim,+27 740-676-5254
Chloe,Silva,+91 597-530-7201
Yuki,Ivanov,+81 992-764-6185
Jean,Dubois,+27 252-466-1461
Carlos,Li,+86 317-634-4031
Aria,Novak,+7 522-291-6190
Léa,Martinez,+49 161-644-4557
Aria,Costa,+49 640-648-2941
Ananya,Abadi,+49 992-452-4079
Chloe,Lopez,+86 237-781-6672
Anastasia,Hernandez,+81 693-647-8067
Anastasia,Nguyen,+39 870-192-7840
Chloe,Popescu,+49 121-533-9105
Aria,Ivanov,+7 535-192-6396
Anastasia,Murphy,+86 127-123-1799
Sophia,Williams,+44 716-241-4864
Sofia,Johnson,+39 947-536-3543
Hiroshi,Bianchi,+49 575-701-1656
Sophia,Hernandez,+44 994-606-3375
Nia,O'Connor,+33 160-787-1477
Oliver,Abebe,+49 579-102-5211
Oliver,Abebe,+34 312-415-7297
Samuel,Miller,+1 984-993-4547
Liam,Okafor,+81 612-400-5435
Anastasia,Jones,+27 948-500-9571
Mia,Nguyen,+44 961-487-6993
Chloe,Johnson,+34 175-186-7377
Ananya,Jones,+34 529-749-6885
Noah,Li,+86 453-718-5075
Ananya,Petrov,+49 881-213-5893
Léa,Abadi,+27 507-981-8751
Samuel,Ivanov,+91 649-650-1558
Jean,Hernandez,+49 853-119-6255
Noah,Dubois,+7 231-604-8301
Jean,Abadi,+33 769-384-9867
Liam,Martinez,+86 391-843-2392
Sofia,Ivanov,+34 517-753-4811
Fatima,Silva,+49 485-758-6517
Liam,Johnson,+7 567-948-8754
Anastasia,Rossi,+27 142-249-9133
Hiroshi,Nguyen,+49 740-557-4593
Sakura,Brown,+27 869-843-7258
Yuki,Chen,+1 509-452-6992
Nia,Novak,+39 962-302-1855
Noah,Johnson,+34 215-781-9177
Hiroshi,Brown,+39 483-463-7610
Oliver,Novak,+34 623-687-8716
Jean,Miller,+39 737-705-9127
Ava,Abebe,+81 743-875-7944
Oliver,Novak,+34 588-113-3509
Oliver,Jones,+49 930-760-7044
Ava,Murphy,+81 467-444-6393
Priya,Li,+33 892-947-1305
Ananya,Silva,+27 170-805-5384
Wei,Kowalski,+49 320-922-9306
Yuki,Jones,+27 541-964-3216
Oliver,Garcia,+81 494-247-9596
Sofia,Okafor,+7 129-914-5667
Noah,Murphy,+34 942-100-8130
Hiroshi,Ivanov,+1 939-465-6285
Nia,Jones,+44 319-303-6609
Samuel,Jones,+91 958-837-4667
Mateo,Williams,+34 676-721-8081
Hiroshi,Miller,+33 740-909-6063
Chloe,Chen,+91 808-614-6192
Hiroshi,Petrov,+44 971-956-2630
Anastasia,Dubois,+7 418-540-2074
Chen,Ivanov,+86 613-482-1983
Sofia,Garcia,+1 633-646-5986
Chen,Ivanov,+81 585-641-9886
Anastasia,Popescu,+33 154-434-5124
Chen,Abebe,+81 619-106-4974
Samuel,Martinez,+7 744-322-4496
Chen,Ibrahim,+27 968-186-4675
Chen,Williams,+7 462-679-3852
Léa,Lopez,+91 799-477-3252
Nia,Rossi,+39 987-691-2583
Olga,Lopez,+91 455-146-2653
Kwame,Abadi,+44 965-923-4672
Jean,Abebe,+1 376-968-5077
Fatima,Smith,+86 202-830-7647
Yuki,Rossi,+34 263-569-2977
Aria,Novak,+91 652-723-2535
Chloe,Abebe,+86 829-815-6859
Ananya,Okafor,+33 195-269-3077
Kwame,Martinez,+33 497-305-3515
Ava,Popescu,+86 600-562-1504
Wei,Miller,+91 688-820-4419
Kwame,Ibrahim,+39 449-644-1443
Ahmed,Williams,+7 978-391-9017
Ahmed,Patel,+7 283-825-8827
Lucia,Okafor,+33 221-634-8216
Aria,Johnson,+91 600-550-1300
Priya,Hernandez,+1 227-237-3083
Chen,Johnson,+27 294-727-2628
Mateo,Ivanov,+1 736-348-5411
Chen,Novak,+7 478-138-8622
Léa,Ivanov,+27 879-121-5910
Sakura,Rossi,+7 352-331-6381
Mateo,Costa,+33 459-350-6148
Sakura,Kim,+81 604-606-7884
Noah,Abebe,+81 464-183-5696
Olga,Ibrahim,+27 498-800-6619
Kwame,Miller,+81 242-571-4920
Liam,Hernandez,+7 659-558-7089
Sakura,Chen,+86 933-649-3225
Hiroshi,Petrov,+91 758-581-9793
Lucia,Okafor,+27 803-522-5498
Mia,Abebe,+49 230-638-3616
Giulia,Lopez,+81 565-399-1000
Emma,Petrov,+1 257-982-5890
Chloe,Ibrahim,+81 167-532-5286
Sakura,O'Connor,+1 271-412-9777
Aria,Abadi,+34 201-540-2011
Ahmed,Petrov,+27 712-182-1957
Chloe,Williams,+27 965-796-2137
Aria,Popescu,+34 725-528-4350
Ivan,Silva,+44 619-914-7199
Oliver,Nguyen,+39 788-666-6977
Ahmed,Brown,+1 722-659-6775
Yuki,Brown,+39 109-479-8195
Chloe,Martinez,+86 519-423-1080
Liam,Abebe,+91 924-776-8105
Ananya,Li,+39 810-346-8160
Ananya,Petrov,+49 655-434-4767
Mateo,Kim,+7 707-590-8725
Léa,Bianchi,+34 599-244-8237
Aria,Patel,+33 563-375-7804
Chloe,Dubois,+33 820-234-1378
Samuel,Bianchi,+49 121-211-2381
Giulia,Garcia,+49 709-206-5394
Jean,Ibrahim,+7 105-922-7350
Anastasia,Ibrahim,+81 616-770-6297
Ava,Silva,+7 809-476-1912
Yuki,Singh,+1 363-747-9860
Léa,Patel,+86 853-659-4054
Ava,Hernandez,+27 888-155-9093
Sophia,Li,+27 794-255-8674
Ahmed,Rossi,+86 969-963-3727
Chloe,Li,+91 130-943-8379
Kwame,Abebe,+44 825-486-1449
Fatima,Brown,+81 721-570-2750
Chloe,Novak,+86 421-901-8153
Mia,Lopez,+39 931-719-3823
Emma,Ivanov,+34 944-840-3042
Mateo,Okafor,+44 865-939-5999
Léa,Garcia,+44 977-732-3473
Mateo,Jones,+1 630-192-6733
Sakura,Brown,+86 307-755-2799
Sofia,Lopez,+81 454-605-1328
Mia,Li,+34 132-554-2675
Lucia,Martinez,+81 371-652-7467
Fatima,Li,+7 700-772-8815
Mohammed,Novak,+1 582-205-6552
Ava,Ibrahim,+44 440-513-6584
Sakura,Costa,+33 306-203-2440
Chen,Miller,+91 846-562-7912
Yuki,Hernandez,+7 409-178-1879
Olga,Popescu,+33 629-450-6638
Priya,Ivanov,+39 322-189-8137
Liam,Dubois,+86 273-680-2198
Carlos,Smith,+44 862-567-3259
Ahmed,Kim,+27 416-767-5348
Mateo,Rossi,+34 405-933-7833
Fatima,Nguyen,+39 140-574-8423
Mohammed,Okafor,+44 235-668-5632
Lucia,Bianchi,+49 454-176-4002
Noah,Okafor,+81 242-929-8996
Sakura,Bianchi,+49 636-479-3774
Liam,Kowalski,+49 420-848-3638
Liam,Ibrahim,+39 302-683-2485
Ananya,Chen,+49 322-275-1099
Emma,Costa,+86 107-169-6421
Lorenzo,Singh,+39 543-623-5046
Wei,Hernandez,+39 586-436-6251
Mohammed,Brown,+7 418-991-2990
Wei,Williams,+33 285-279-9457
Sofia,Singh,+7 623-161-9339
Ava,Singh,+39 439-695-1250
Mateo,Abadi,+81 698-421-3257
Sophia,Lopez,+7 880-703-2035
Yuki,Martinez,+27 251-329-9030
Emma,Petrov,+86 815-769-4947
Hiroshi,Dubois,+1 605-968-3790
Anastasia,Miller,+91 123-916-1033
Jean,Lopez,+49 955-941-2465
Mohammed,Patel,+1 146-270-3489
Liam,Ibrahim,+34 271-598-6112
Jean,Abadi,+44 174-939-8134
Chloe,Popescu,+81 242-875-6614
Hiroshi,Popescu,+91 902-398-1260
Liam,Nguyen,+1 120-475-5029
Sofia,O'Connor,+39 894-733-9027
Ahmed,Garcia,+33 616-802-9255
Nia,Brown,+33 670-245-1031
Sophia,Li,+44 810-128-8245
Aria,Miller,+27 288-174-8660
Carlos,Ivanov,+1 240-776-7922
Chen,Abadi,+33 131-309-6093
Sakura,Garcia,+49 651-259-9489
Aria,Kowalski,+33 875-976-5260
Léa,Popescu,+1 276-245-9686
Léa,Bianchi,+34 366-978-3134
Samuel,Smith,+49 579-154-6268
Nia,Jones,+39 190-352-4997
Chen,Murphy,+81 755-638-1608
Ananya,Kowalski,+1 236-645-8843
Jean,Dubois,+33 170-785-9254
Giulia,Jones,+27 685-497-9179
Jean,Johnson,+7 872-219-7239
Jean,Murphy,+39 522-899-5515
Wei,Li,+91 155-918-1417
Aria,Singh,+44 308-688-3222
Sakura,Patel,+34 326-189-3053
Kwame,Ivanov,+27 615-888-5525
Olga,Costa,+7 274-272-6860
Mohammed,Martinez,+86 392-343-1750
Mia,Jones,+81 115-229-6493
Ava,Martinez,+33 699-737-9491
Lorenzo,Lopez,+34 145-929-7728
Hiroshi,Lopez,+39 244-778-9520
Emma,Kim,+81 135-678-3993
Olga,Petrov,+86 345-543-9762
Chen,Li,+27 620-154-7861
Ava,Bianchi,+7 809-978-5631
Priya,Novak,+27 459-982-1798
Carlos,Costa,+7 764-474-3564
Ivan,Lopez,+49 264-399-4683
Priya,Johnson,+27 830-222-2148
Chloe,Abebe,+34 363-300-9380
Jean,Brown,+86 649-663-7797
Aria,Jones,+39 162-416-6747
Ananya,Kowalski,+33 868-202-5283
Mia,Miller,+86 709-887-5229
Léa,Smith,+33 338-701-8115
Oliver,Chen,+7 581-101-4541
Nia,Abadi,+33 792-627-4702
Chloe,Brown,+91 298-416-3061
Aria,Kowalski,+1 896-325-6240
Priya,Miller,+91 934-383-5050
Nia,Patel,+91 993-621-4971
Chloe,Williams,+86 878-745-6245
Anastasia,Patel,+7 174-571-8298
Fatima,Garcia,+34 942-783-4888
Carlos,O'Connor,+81 216-765-8338
Lorenzo,Okafor,+39 430-981-4811
Oliver,Garcia,+91 941-436-3308
Sofia,Hernandez,+27 166-415-9017
Noah,Rossi,+44 457-500-3380
Mohammed,Singh,+44 518-585-5617
Kwame,Novak,+44 301-342-4285
Ava,Ivanov,+27 182-404-8170
Giulia,Novak,+91 326-483-7329
Noah,Costa,+44 177-402-2817
Sophia,Abebe,+49 286-115-9350
Kwame,Garcia,+81 850-811-2161
Mia,Patel,+27 476-670-8300
Mohammed,Chen,+44 965-502-7142
Léa,Abadi,+49 492-661-9496
Mateo,Li,+27 624-950-1706
Hiroshi,Okafor,+33 475-414-6635
Ava,Bianchi,+7 735-524-5696
Sofia,Popescu,+7 176-400-2612
Lucia,Dubois,+49 536-124-8530
Kwame,Martinez,+86 948-513-7642
Nia,Abebe,+1 581-889-2840
Chloe,Garcia,+7 100-262-1881
Fatima,Martinez,+27 717-317-4733
Oliver,Patel,+7 437-906-1465
Olga,Smith,+44 859-312-3970
Aria,Novak,+49 204-301-2497
Sofia,Dubois,+81 462-354-7011
Sofia,Abadi,+91 411-108-4312
Jean,Okafor,+39 816-625-8547
Anastasia,Dubois,+39 595-411-5876
Carlos,Miller,+81 891-710-9827
Wei,Singh,+44 909-104-7734
Oliver,O'Connor,+49 747-766-7805
Oliver,Costa,+7 206-175-6054
Mia,O'Connor,+81 104-656-3287
Ava,Lopez,+27 564-908-5747
Ananya,O'Connor,+7 934-418-3642
Giulia,Jones,+81 558-441-4354
Anastasia,Novak,+86 613-837-6426
Chloe,Johnson,+34 460-651-2522
Noah,Bianchi,+86 127-974-2704
Yuki,Patel,+49 346-236-6653
Giulia,Patel,+81 933-373-9606
Giulia,Smith,+39 850-689-4819
Yuki,Abebe,+49 995-467-3853
Priya,O'Connor,+44 876-470-7353
Kwame,Silva,+1 390-812-7303
Wei,Patel,+1 167-777-7651
Emma,Kowalski,+49 373-706-5235
Mateo,Silva,+27 374-176-8203
Hiroshi,Petrov,+44 646-489-5211
Ava,Petrov,+7 611-418-1475
Ava,Ivanov,+44 163-556-5286
Mateo,Dubois,+27 894-625-9972
Liam,Ivanov,+44 733-477-5722
Chen,Johnson,+86 389-654-3476
Giulia,Costa,+86 806-547-2865
Wei,Garcia,+34 573-964-1541
Kwame,Hernandez,+49 128-584-8066
Chloe,Nguyen,+33 150-504-4915
Mia,O'Connor,+49 530-816-7641
Mohammed,Murphy,+86 485-345-7863
Ahmed,Hernandez,+81 285-885-1588
Ahmed,Williams,+34 531-386-2983
Nia,O'Connor,+34 535-517-9477
Hiroshi,Lopez,+49 390-176-4410
Wei,Kim,+81 100-803-6291
Nia,Martinez,+39 395-618-4836
Ivan,Popescu,+81 413-706-9208
Hiroshi,Nguyen,+27 418-987-8471
Ahmed,Kim,+81 819-514-7628
Olga,Li,+1 833-475-6330
Noah,Nguyen,+27 871-639-2826
Sophia,Costa,+81 235-244-2277
Chloe,Novak,+49 673-268-3689
Ahmed,Abadi,+91 260-542-3809
Priya,Brown,+86 400-259-7600
Ahmed,O'Connor,+91 189-763-2316
Yuki,Murphy,+44 877-457-6794
Mohammed,Hernandez,+33 208-429-1895
Sofia,Abadi,+91 916-291-9828
Noah,Silva,+33 637-735-3089
Nia,Rossi,+91 960-280-4621
Wei,Murphy,+91 960-236-7067
Sakura,Ibrahim,+34 641-715-4602
Olga,Chen,+91 835-815-4968
Sofia,Hernandez,+86 529-484-3939
Mateo,Ibrahim,+1 965-505-3515
Sakura,Novak,+49 942-427-5369
Fatima,Ivanov,+91 115-943-8132
Mateo,Smith,+1 577-490-9068
Olga,Garcia,+39 223-653-3656
Sakura,Johnson,+81 420-596-5954
Sophia,Silva,+86 254-173-2163
Olga,Nguyen,+27 407-650-4705
Liam,Abadi,+27 895-750-6347
Lorenzo,Bianchi,+1 750-834-8827
Kwame,Ibrahim,+81 281-278-7991
Ava,Brown,+44 333-260-3670
Mateo,Okafor,+34 868-915-3561
Wei,Lopez,+86 880-539-3256
Giulia,Popescu,+44 104-858-1847
Lucia,Bianchi,+1 793-787-2999
Sakura,Abadi,+44 282-195-6075
Priya,Smith,+33 273-719-5696
Sophia,Dubois,+34 208-849-8929
Emma,Patel,+91 250-444-3752
Aria,Popescu,+34 161-154-2897
Sofia,Rossi,+33 831-589-5792
Anastasia,O'Connor,+86 546-676-2810
Wei,Kim,+34 736-929-6359
Aria,O'Connor,+34 705-230-6997
Mateo,Abadi,+7 619-609-4931
Noah,Li,+81 532-109-5102
Wei,Popescu,+49 267-788-6201
Yuki,Singh,+39 736-704-4419
Olga,Silva,+34 121-663-5562
Chloe,Silva,+49 409-104-5676
Samuel,Novak,+86 156-766-8295
Ananya,Bianchi,+49 862-568-3509
Sakura,Petrov,+91 343-993-8778
Priya,Abebe,+39 541-414-3794
Sophia,Costa,+7 212-698-3245
Sakura,Jones,+39 684-454-6099
Sakura,Kim,+81 188-395-2003
Sofia,Smith,+27 437-996-1370
Aria,O'Connor,+27 926-118-7261
Mohammed,Williams,+81 396-640-9739
Liam,Kowalski,+39 347-470-2469
Sofia,Li,+91 955-787-1685
Mateo,Okafor,+39 415-879-9900
Kwame,Patel,+7 671-837-5815
Anastasia,Smith,+1 681-511-5660
Wei,Silva,+33 552-666-8765
Chloe,Costa,+86 991-203-2611
Priya,Petrov,+81 532-177-4077
Sophia,Brown,+91 369-532-4160
Mateo,Dubois,+27 963-779-4086
Noah,Petrov,+91 448-739-1100
Mohammed,Miller,+91 923-920-2397
Mateo,Jones,+27 828-682-8014
Sophia,Williams,+7 244-283-6963
Wei,Rossi,+39 862-344-5312
Yuki,Williams,+39 430-771-1528
Hiroshi,Jones,+27 397-921-5797
Samuel,Miller,+34 827-920-4055
Priya,Williams,+39 606-720-2519
Nia,Dubois,+27 637-832-7587
Carlos,Lopez,+44 265-680-4403
Wei,Lopez,+33 836-876-6620
Nia,Bianchi,+33 499-339-7642
Fatima,Okafor,+7 810-786-2182
Chen,Williams,+86 548-443-7983
Yuki,Garcia,+33 183-286-7450
Nia,Silva,+7 316-529-3432
Mohammed,Miller,+33 449-941-2644
Jean,Johnson,+34 190-393-9141
Noah,Chen,+49 355-990-9616
Sophia,Petrov,+27 630-518-7167
Sophia,Hernandez,+34 628-712-4580
Oliver,Li,+81 112-316-4863
Mia,Brown,+33 991-498-7152
Lucia,Popescu,+1 936-679-8247
Mohammed,Okafor,+7 800-256-5159
Ahmed,Lopez,+86 632-886-5254
Samuel,Abadi,+7 188-173-6678
Ahmed,Miller,+81 494-266-4851
Chen,O'Connor,+27 213-794-1573
Sofia,Patel,+33 721-191-3251
Sophia,Popescu,+86 304-932-2629
Lucia,Patel,+7 693-510-4705
Nia,Hernandez,+81 304-158-6316
Sofia,Johnson,+27 144-478-1324
Yuki,Silva,+49 106-475-3491
Kwame,Petrov,+86 376-681-3127
Lucia,Kim,+7 161-216-6071
Giulia,Miller,+91 284-482-8810
Priya,Ivanov,+86 928-875-9132
Nia,O'Connor,+27 908-845-4151
Sophia,Nguyen,+33 285-436-2971
Mateo,Patel,+34 302-325-3506
Liam,Miller,+1 769-934-5062
Aria,Petrov,+44 184-369-7704
Priya,Petrov,+49 762-979-2930
Aria,Garcia,+27 996-730-4948
Ivan,Johnson,+49 219-486-3958
Sophia,Kowalski,+91 925-725-8455
Aria,Popescu,+7 720-107-4093
Giulia,Dubois,+44 494-117-2428
Chen,Chen,+33 561-976-5291
Priya,Nguyen,+39 589-694-2619
Sophia,Novak,+91 778-288-9605
Chen,Martinez,+27 782-485-2956
Jean,Petrov,+33 442-986-5846
Oliver,Abadi,+1 813-269-1226
Anastasia,Dubois,+39 466-105-3777
Ava,Silva,+7 633-906-7664
Wei,Kim,+49 705-245-8881
Sakura,Popescu,+34 294-741-4794
Yuki,Bianchi,+39 892-849-6161
Nia,Popescu,+27 569-121-8586
Noah,Smith,+27 672-832-7104
Carlos,Lopez,+27 763-427-2807
Lucia,Okafor,+39 214-959-8657
Fatima,Petrov,+91 337-866-3518
Mia,Costa,+1 426-447-3996
Priya,Abadi,+49 915-254-3099
Mateo,Lopez,+44 481-483-8437
Oliver,Costa,+1 319-178-2790
Chloe,Popescu,+27 530-258-8283
Noah,Ivanov,+33 116-691-2306
Chen,Patel,+7 858-446-4608
Lorenzo,Garcia,+81 358-735-1055
Samuel,Li,+91 964-369-7703
Sofia,Abebe,+7 274-340-9975
Emma,Brown,+27 646-322-2160
Chloe,Miller,+27 568-785-7741
Mateo,Smith,+49 502-502-9031
Chen,Abebe,+39 128-790-5404
Liam,Abebe,+27 554-115-4202
Hiroshi,Lopez,+27 971-657-8982
Sakura,Li,+44 133-388-2631
Ivan,Silva,+27 550-432-4788
Yuki,Hernandez,+39 839-919-5517
Noah,Patel,+1 889-914-7071
Ava,Johnson,+27 263-831-7303
Sophia,Abadi,+33 717-573-1659
Fatima,O'Connor,+34 364-799-4601
Ivan,Hernandez,+81 788-138-8669
Noah,Abadi,+81 780-701-2699
Sophia,Bianchi,+39 877-450-6531
Olga,Lopez,+49 724-138-5041
Samuel,Li,+91 323-592-4236
Emma,Ivanov,+27 663-284-9009
Lucia,Popescu,+27 481-217-6940
Chloe,Garcia,+91 986-165-4185
Sophia,Johnson,+27 516-836-6362
Sofia,Abadi,+39 305-203-9442
Léa,Ibrahim,+34 356-361-7038
Fatima,Ivanov,+7 473-115-8405
Yuki,Martinez,+1 796-468-5760
Sofia,Williams,+91 125-476-9970
Samuel,Hernandez,+81 532-578-6295
Wei,Chen,+34 613-393-1854
Aria,O'Connor,+49 628-546-1710
Nia,Miller,+49 123-148-4503
Emma,Nguyen,+91 517-342-5192
Lucia,Abadi,+1 504-325-1091
Oliver,Miller,+91 167-779-7481
Sophia,Garcia,+39 186-797-9472
Samuel,Nguyen,+7 813-121-4946
Liam,Singh,+27 864-850-3604
Wei,Novak,+86 284-228-1163
Sophia,Smith,+44 337-989-4750
Giulia,Rossi,+33 241-961-2309
Lucia,Ibrahim,+39 434-822-6159
Hiroshi,Johnson,+44 675-796-9139
Kwame,Popescu,+34 703-227-8785
Samuel,Abebe,+7 281-183-8800
Sophia,Costa,+34 898-446-5620
Liam,Miller,+49 778-449-2052
Aria,Brown,+27 629-872-1604
Kwame,Li,+81 638-857-4707
Liam,Ivanov,+44 455-997-8664
Carlos,Patel,+39 167-607-8015
Jean,Nguyen,+7 292-867-1874
Léa,Hernandez,+86 170-295-1303
Chloe,O'Connor,+33 627-119-1997
Jean,Okafor,+44 764-294-1464
Wei,Ibrahim,+86 777-637-5662
Sophia,Rossi,+27 374-533-4663
Lorenzo,Costa,+49 383-753-9723
Ivan,Johnson,+86 869-480-2793
Ava,Abadi,+27 851-520-1138
Ivan,Hernandez,+27 754-755-6826
Sakura,Chen,+34 373-735-3255
Anastasia,Abebe,+39 954-886-6145
Léa,Martinez,+7 752-572-5041
Kwame,Ibrahim,+39 226-570-4701
Kwame,Novak,+81 502-712-5826
Kwame,Silva,+81 687-136-3506
Chloe,Chen,+44 492-990-8532
Fatima,Smith,+34 644-696-4758
Mateo,Garcia,+81 929-312-6630
Yuki,Patel,+33 608-876-1768
Olga,Patel,+7 737-640-1996
Léa,Murphy,+91 298-442-1514
Lorenzo,Murphy,+91 296-922-3840
Lorenzo,Petrov,+7 116-228-9281
Emma,Williams,+1 406-142-6310
Emma,Martinez,+44 473-574-4282
Ananya,Li,+1 944-495-3677
Mia,Ivanov,+86 577-833-4198
Oliver,Smith,+81 654-351-4745
Oliver,Ibrahim,+27 383-599-7629
Léa,Brown,+7 441-495-6256
Hiroshi,Rossi,+86 245-995-7769
Ahmed,Smith,+86 449-985-5045
Sophia,Silva,+86 190-583-2432
Samuel,Popescu,+39 199-242-5976
Mohammed,Kim,+49 926-977-7074
Chloe,O'Connor,+91 692-313-2118
Sofia,Ivanov,+7 342-200-1659
Emma,Kim,+1 839-882-4360
Chloe,Nguyen,+81 915-404-4632
Priya,Brown,+81 307-201-8337
Sophia,Kim,+7 719-956-4255
Emma,Popescu,+81 781-918-1836
Oliver,Patel,+33 656-601-6110
Priya,Li,+44 228-602-7426
Kwame,Nguyen,+49 524-104-2241
Fatima,Brown,+1 861-966-2159
Samuel,Hernandez,+44 734-410-4884
Mia,Patel,+39 722-576-6677
Mia,Patel,+7 418-328-7663
Aria,Costa,+44 540-679-5805
Lucia,Rossi,+33 933-230-5067
Sofia,Lopez,+1 629-302-3157
Ananya,Garcia,+34 676-136-9447
Aria,Brown,+27 687-455-5537
Nia,Martinez,+7 491-160-3481
Sophia,Bianchi,+7 877-257-4588
Sakura,Bianchi,+91 693-902-4251
Chloe,O'Connor,+49 654-309-9747
Emma,Dubois,+81 413-292-3513
Lucia,Jones,+27 638-140-6939
Emma,Ivanov,+7 862-694-5799
Liam,Bianchi,+27 497-791-1169
Léa,Silva,+7 241-652-7634
Nia,Li,+1 755-479-6522
Jean,Murphy,+39 883-568-9191
Ava,Lopez,+49 864-796-6886
Lorenzo,O'Connor,+81 655-659-5908
Yuki,Abadi,+7 610-926-2996
Jean,Murphy,+44 290-664-2418
Priya,Lopez,+39 235-813-7734
Sophia,Costa,+39 383-327-5966
Ananya,Nguyen,+86 872-570-2785
Nia,Bianchi,+91 366-552-2986
Giulia,Silva,+39 681-719-1623
Anastasia,Dubois,+39 280-957-8618
Fatima,O'Connor,+7 409-845-7095
Léa,Costa,+7 566-999-5444
Chen,Martinez,+7 511-313-2652
Priya,Li,+1 236-564-3344
Lucia,Smith,+33 529-665-6677
Lucia,Garcia,+33 700-438-3215
Lucia,Martinez,+27 534-886-1756
Lucia,Patel,+81 966-100-8299
Lorenzo,Patel,+34 170-518-8541
Lorenzo,Singh,+27 432-810-4902
Noah,Murphy,+49 685-839-6745
Emma,Kowalski,+1 476-465-4344
Lorenzo,Brown,+27 807-892-5460
Yuki,Ivanov,+81 209-794-5496
Sofia,Williams,+7 607-806-7290
Chloe,Dubois,+27 548-604-6327
Samuel,Abebe,+44 271-562-9128
Jean,Abebe,+81 899-298-8673
Sakura,Costa,+1 117-207-8013
Wei,Silva,+91 283-915-2757
Ivan,Miller,+49 912-493-1513
Carlos,Brown,+27 506-137-5612
Yuki,Murphy,+91 735-891-5420
Ahmed,Costa,+81 180-315-7162
Priya,Garcia,+49 106-861-8346
Lucia,Novak,+44 635-922-6021
Kwame,Brown,+81 591-535-6950
Giulia,Okafor,+81 238-862-7640
Ivan,Abadi,+34 977-646-3777
Sophia,Okafor,+81 984-245-1663
Lucia,Abadi,+39 462-168-8413
Chen,Kowalski,+39 845-562-4467
Chen,Murphy,+44 723-347-7817
Ava,Ibrahim,+44 338-790-5543
Ananya,Smith,+86 763-971-2494
Mateo,Chen,+86 697-931-3976
Anastasia,Singh,+44 902-480-2192
Wei,Silva,+86 251-296-1680
Aria,Silva,+44 199-233-7552
Dave,Ogle,919-889-6089
Lucia,Costa,+86 439-439-4253
Anastasia,Popescu,+86 439-575-5771
Hiroshi,Silva,+49 752-187-7286
Fatima,Patel,+49 947-515-6608
Mohammed,Silva,+91 813-176-2701
Chen,Murphy,+44 123-209-3248
Mateo,Hernandez,+91 240-292-9890
Lorenzo,Hernandez,+1 598-818-4772
Wei,Abadi,+91 705-778-7239
Hiroshi,Silva,+44 869-436-3684
Lucia,Abadi,+39 730-788-4228
Giulia,Patel,+86 209-825-5963
Fatima,Johnson,+27 903-452-4766
Emma,Popescu,+91 564-636-1761
Jean,Lopez,+7 767-934-4727
Sakura,Murphy,+86 101-487-5743
Giulia,Singh,+33 632-434-2823
Ava,Miller,+1 361-392-5511
Chen,Kowalski,+34 230-262-9753
Noah,Smith,+81 513-196-9540
Kwame,Ivanov,+39 418-217-3049
Chen,Smith,+81 398-387-8773
Oliver,Murphy,+86 740-269-5754
Fatima,Bianchi,+81 246-386-2566
Olga,Singh,+86 549-770-2805
Jean,Li,+91 884-663-4207
Mateo,Brown,+44 750-615-4897
Fatima,O'Connor,+91 400-696-9572
Noah,Patel,+27 962-525-2196
Lucia,Martinez,+27 612-233-1268
Hiroshi,Murphy,+81 610-348-5554
Wei,Garcia,+39 948-370-6468
Olga,Popescu,+39 237-824-9108
Kwame,Costa,+44 592-724-9585
Fatima,Nguyen,+39 213-510-3326
Lucia,Patel,+44 819-110-7950
Léa,Ibrahim,+1 146-976-7482
Kwame,Martinez,+91 389-945-9773
Ivan,Lopez,+86 148-262-1652
Yuki,Ibrahim,+7 601-770-6289
Nia,Abadi,+34 740-493-6418
Ava,Kim,+1 789-311-4642
Ivan,Smith,+34 605-370-5487
Olga,Singh,+39 811-111-1935
Mateo,Martinez,+34 521-417-7340
Noah,Dubois,+27 525-417-2106
Ivan,Dubois,+39 138-372-9367
Ahmed,Rossi,+39 283-416-5094
Fatima,Nguyen,+91 561-345-4417
Lucia,Ibrahim,+34 303-795-8417
Olga,Brown,+27 306-366-5640
Jean,Dubois,+34 373-496-7219
Oliver,Williams,+39 407-116-4022
Giulia,Rossi,+39 583-846-1401
Mateo,Abebe,+34 639-731-9186
Giulia,Williams,+44 307-354-2151
Emma,Brown,+91 512-347-4385
Noah,Hernandez,+33 547-603-2923
Samuel,Costa,+81 446-698-2257
Nia,Martinez,+91 884-514-1751
Samuel,Costa,+81 816-277-6639
Fatima,Okafor,+91 977-834-5968
Ahmed,Murphy,+27 406-338-8635
Hiroshi,Brown,+39 729-285-1819
Noah,Johnson,+81 433-563-3589
Yuki,Williams,+49 547-361-1889
Oliver,Novak,+39 574-529-2782
Lucia,Nguyen,+39 707-909-8304
Sakura,Martinez,+49 525-576-8075
Mateo,Miller,+81 295-600-2345
Sakura,Okafor,+86 579-316-8455
Oliver,Okafor,+86 401-666-1505
Wei,Jones,+44 121-439-6512
Wei,Costa,+86 477-139-8074
Mia,Johnson,+49 877-231-9304
Olga,Abadi,+33 472-230-4353
Noah,Jones,+91 192-229-6690
Carlos,Smith,+34 590-881-4269
Fatima,Hernandez,+44 279-374-8557
Léa,Jones,+1 353-924-2938
Léa,Williams,+91 745-331-1837
Kwame,Popescu,+34 464-629-1769
Kwame,Brown,+49 844-263-7916
Chloe,Williams,+81 970-301-7043
Sakura,Patel,+33 344-342-4171
Hiroshi,Popescu,+1 295-783-2169
Yuki,Chen,+91 396-823-5370
Kwame,Nguyen,+91 342-349-1474
Yuki,Costa,+27 230-828-8866
Giulia,Popescu,+44 214-510-4704
Léa,Dubois,+34 287-979-3941
Carlos,Patel,+81 964-647-7433
Ava,Li,+33 348-608-1354
Olga,Patel,+86 460-483-9740
Priya,Abadi,+44 934-477-8505
Jean,Ibrahim,+44 856-304-6248
Liam,Rossi,+44 901-787-9304
Emma,Popescu,+27 524-526-8580
Chloe,O'Connor,+81 900-556-4115
Yuki,Chen,+44 232-696-6753
Liam,Brown,+39 909-723-1446
Wei,Silva,+1 190-380-8480
Noah,Hernandez,+81 224-145-1461
Aria,Jones,+34 395-733-1369
Chen,Nguyen,+49 471-324-4713
Mohammed,Murphy,+39 745-642-5542
Kwame,Nguyen,+91 828-440-4188
Ivan,Smith,+1 864-308-1817
Sophia,Petrov,+39 764-633-7379
Priya,Petrov,+49 124-678-8410
Emma,Okafor,+49 807-165-2953
Sophia,O'Connor,+49 773-994-1646
Mia,Johnson,+86 736-203-4450
Sofia,Silva,+91 885-882-6882
Léa,Garcia,+86 899-468-9702
Aria,O'Connor,+33 724-745-8137
Priya,Garcia,+91 956-206-4065
Ivan,Chen,+91 525-948-7400
Ahmed,Costa,+91 660-988-5446
Chloe,Kowalski,+44 996-320-8587
Liam,Jones,+1 951-466-8374
Mia,Nguyen,+44 761-903-8109
Ava,Martinez,+27 464-509-3515
Jean,Garcia,+81 446-990-1220
Kwame,Nguyen,+39 801-284-6958
Sofia,Kim,+86 833-685-6866
Chen,Popescu,+49 557-529-5037
Noah,Bianchi,+27 771-927-7449
Noah,Brown,+33 963-301-2731
Liam,Petrov,+49 473-842-2613
Mia,Popescu,+86 363-648-7784
Yuki,Ibrahim,+27 391-358-6296
Chen,Abebe,+27 873-124-8580
Oliver,Chen,+49 463-444-2064
Chen,Dubois,+44 661-463-5034
Emma,Lopez,+44 277-655-9011
Oliver,Popescu,+34 981-237-4952
Giulia,Martinez,+33 781-156-4543
Ahmed,Okafor,+91 668-951-1383
Oliver,Jones,+34 683-985-5240
Carlos,O'Connor,+39 109-385-1860
Ahmed,Kim,+1 783-593-4926
Ivan,Kim,+91 972-661-7519
Sakura,Ibrahim,+49 976-204-2780
Léa,Li,+33 385-913-1892
Ivan,Chen,+27 488-435-2507
Ava,Williams,+27 318-928-9771
Léa,Kowalski,+34 295-605-3212
Chen,O'Connor,+49 547-865-1831
Fatima,Abadi,+7 494-804-9067
Kwame,Chen,+33 667-141-3823
Oliver,Rossi,+1 182-193-7871
Léa,Li,+39 185-467-2125
Aria,Okafor,+27 774-522-3477
Chen,Okafor,+86 851-725-5723
Anastasia,Johnson,+1 998-919-7689
Jean,Williams,+33 306-115-5663
Oliver,Silva,+49 362-819-9831
Wei,Jones,+44 846-406-6925
Kwame,Nguyen,+91 149-300-7975
Giulia,Abadi,+7 947-983-9126
Ahmed,Silva,+33 709-731-7960
Wei,Popescu,+81 428-361-6480
Nia,Kim,+39 323-191-5194
Sakura,Nguyen,+7 887-803-9576
Sophia,Rossi,+86 107-851-7978
Sofia,Ibrahim,+33 497-796-6344
Emma,Nguyen,+81 635-920-1948
Aria,Ivanov,+91 103-702-2116
Yuki,Miller,+44 500-120-9301
Olga,Chen,+49 789-708-8758
Olga,Abebe,+1 704-245-6905
Yuki,Martinez,+7 782-576-8517
Carlos,Lopez,+86 361-453-5607
Ivan,Garcia,+49 991-505-7529
Samuel,Smith,+81 209-406-1744
Wei,Singh,+81 136-409-7354
Ava,Smith,+1 501-976-2497
Ahmed,Abebe,+34 845-838-8120
Ananya,Singh,+34 443-711-8225
Liam,Brown,+33 916-741-3181
Sofia,Ivanov,+49 334-518-4769
Aria,Smith,+49 927-839-6651
Jean,Rossi,+34 383-466-7552
Jean,Brown,+81 740-243-1723
Fatima,Singh,+86 986-862-9166
Lorenzo,Singh,+44 905-810-1755
Oliver,Petrov,+7 921-888-7870
Mateo,Rossi,+91 332-357-1671
Giulia,Ivanov,+86 769-697-9091
Fatima,Silva,+86 168-492-9217
Fatima,Smith,+27 680-378-3941
Léa,Dubois,+91 120-277-5524
Aria,Brown,+33 482-692-8935
Sophia,Dubois,+7 597-769-8712
Wei,Hernandez,+1 447-727-9716
Emma,Williams,+81 932-498-9101
Chen,Ibrahim,+34 437-850-9261
Kwame,Bianchi,+49 887-378-7424
Noah,Patel,+86 926-653-8341
Oliver,Kowalski,+7 323-778-8031
Wei,Jones,+33 186-377-1800
Lorenzo,Dubois,+7 260-502-6807
Olga,Hernandez,+7 204-273-1416
Lorenzo,Kowalski,+91 620-770-4177
Mia,Costa,+39 274-664-6295
Sakura,Chen,+33 196-926-9196
Sophia,Kim,+7 293-798-1862
Ivan,Nguyen,+86 955-805-9725
Olga,Kowalski,+1 735-694-1712
Anastasia,Smith,+1 868-311-7678
Anastasia,Abadi,+7 906-639-2097
Mohammed,Chen,+27 211-968-6141
Anastasia,Murphy,+81 829-412-2241
Mateo,Petrov,+44 170-196-7381
Oliver,Rossi,+39 556-101-2157
Oliver,Lopez,+1 336-892-1600
Olga,Garcia,+49 529-111-5471
Ava,O'Connor,+91 863-277-8481
Priya,Rossi,+34 122-824-1016
Ava,Bianchi,+27 365-585-4611
Ahmed,Smith,+33 796-507-2112
Lorenzo,Costa,+1 144-646-1550
Giulia,Popescu,+81 375-849-6829
Mia,Petrov,+27 154-941-2438
Carlos,Li,+1 316-678-2403
Mia,Rossi,+27 586-249-5100
Nia,Chen,+1 340-304-2463
Mia,Okafor,+81 995-799-2040
Carlos,Dubois,+27 606-867-3291
Anastasia,Silva,+81 397-177-4327
Aria,Abadi,+7 289-485-2833
Liam,Silva,+27 997-297-7722
Noah,Rossi,+81 709-594-4387
Yuki,Brown,+91 730-263-7420
Mia,Lopez,+34 170-244-4219
Giulia,Novak,+91 319-926-1430
Sakura,Singh,+7 252-142-5701
Liam,O'Connor,+44 524-578-6805
Sakura,Martinez,+1 670-199-8047
Nia,Li,+86 901-437-3322
Lucia,Okafor,+34 625-318-7784
Oliver,Ibrahim,+33 376-183-6833
Hiroshi,Hernandez,+44 726-204-8100
Chloe,O'Connor,+86 399-337-6287
Anastasia,Li,+91 754-587-5869
Sakura,Smith,+34 782-781-6451
Léa,Martinez,+34 173-526-8501
Lorenzo,Jones,+81 784-402-5937
Wei,Dubois,+1 634-109-8231
Oliver,Smith,+39 141-294-7306
Liam,Miller,+49 285-723-6668
Hiroshi,Jones,+27 770-239-4088
Priya,Williams,+86 413-933-9042
Yuki,Ivanov,+86 642-637-5680
Giulia,O'Connor,+91 387-714-9183
Chen,Patel,+81 840-366-6156
Ava,Abebe,+7 665-320-7578
Aria,Garcia,+27 304-942-6384
Giulia,Lopez,+86 440-872-4600
Lorenzo,Novak,+7 834-944-8034
Jean,Rossi,+86 841-767-7419
Hiroshi,Li,+7 692-492-8718
Mateo,Lopez,+44 902-558-8655
Mohammed,Brown,+81 512-147-8613
Chen,Nguyen,+34 856-471-3584
Aria,Okafor,+34 368-609-3359
Lucia,Garcia,+1 405-253-8813
Giulia,Li,+49 430-325-3067
Sofia,Williams,+7 908-969-3855
Hiroshi,Chen,+27 897-116-6411
Ahmed,Williams,+86 654-189-2774
Oliver,Chen,+86 432-467-3281
Mia,Chen,+33 126-317-9043
Mia,Abadi,+1 689-437-9197
Wei,Singh,+1 268-381-4211
Oliver,Johnson,+49 752-908-5289
Emma,Kowalski,+1 258-624-4932
Carlos,Petrov,+7 627-198-4538
Kwame,Lopez,+1 796-456-1053
Oliver,Garcia,+44 388-247-4600
Lorenzo,Hernandez,+1 202-391-3960
Priya,Hernandez,+44 787-128-7056
Mateo,Johnson,+91 895-775-2094
Olga,Popescu,+1 508-840-8874
Léa,Silva,+39 558-797-8426
Priya,Garcia,+49 329-120-1280
Sakura,Nguyen,+44 666-415-2615
Lorenzo,Nguyen,+34 674-457-9186
Nia,Rossi,+91 460-314-6802
Carlos,Li,+39 451-433-4720
Oliver,Bianchi,+81 166-176-3567
Olga,Johnson,+44 495-860-7268
Ivan,Li,+33 949-991-6464
Sofia,Murphy,+7 490-143-6706
Kwame,Chen,+91 390-408-8669
Hiroshi,Garcia,+81 130-427-6290
Lucia,Brown,+34 254-913-8225
Jean,Kim,+39 369-431-2359
Oliver,Williams,+27 389-370-3654
Nia,Singh,+49 644-114-8388
Kwame,Johnson,+7 121-366-9194
Mohammed,Ivanov,+7 601-701-2113
Emma,Nguyen,+1 455-554-2342
Fatima,Li,+1 897-351-1121
Ivan,Abebe,+34 787-542-3247
Ananya,Abebe,+27 661-590-1578
Léa,Abadi,+33 639-902-2114
Chen,Abebe,+7 165-876-1817
Nia,Bianchi,+86 790-787-1709
Kwame,Brown,+81 871-570-6911
Carlos,Li,+44 231-995-4466
Lorenzo,Okafor,+86 505-912-9005
Wei,Brown,+27 254-670-1217
Chen,Lopez,+7 200-624-8407
Liam,Murphy,+27 484-196-2071
Olga,Bianchi,+7 726-338-1047
Mohammed,Okafor,+7 198-884-9317
Wei,Kim,+86 440-888-1895
Chloe,Johnson,+81 984-797-4103
Fatima,Abadi,+81 919-586-7324
Ivan,Miller,+7 862-169-3473
Mohammed,Popescu,+91 627-817-7881
Olga,Nguyen,+1 446-861-4987
Ivan,Kowalski,+33 661-804-2396
Hiroshi,Dubois,+27 763-171-5291
Aria,Rossi,+91 930-688-6604
Sofia,Chen,+33 736-548-1059
Ivan,Rossi,+27 222-155-5999
Ananya,Smith,+34 472-924-9294
Jean,Silva,+44 775-344-7195
Oliver,Martinez,+34 457-541-1785
Yuki,Kim,+33 187-143-9853
Mohammed,Martinez,+81 722-857-9570
Liam,Chen,+44 749-652-6277
Sakura,Kim,+34 879-885-9790
Noah,Garcia,+39 310-873-7224
Noah,Patel,+27 299-707-8620
Sakura,Petrov,+7 636-482-2424
Léa,Miller,+27 266-624-5718
Mohammed,O'Connor,+1 405-811-7223
Chloe,Murphy,+27 924-577-3526
Hiroshi,O'Connor,+39 589-848-7936
Liam,Silva,+33 633-508-3499
Priya,Miller,+81 367-784-7224
Mohammed,Abadi,+39 860-978-4891
Hiroshi,Miller,+91 745-705-2156
Noah,Williams,+33 776-814-6750
Ava,Bianchi,+44 656-164-2876
Samuel,Patel,+1 929-376-9672
Emma,Costa,+27 801-381-1998
Sophia,Okafor,+81 901-373-6074
Giulia,Murphy,+27 990-753-4594
Wei,Singh,+44 179-455-1461
Giulia,Abadi,+1 667-399-8701
Oliver,Williams,+81 901-519-2659
Wei,Novak,+81 362-534-5366
Mia,Dubois,+49 925-634-1170
Fatima,Hernandez,+33 281-880-4763
Lucia,Kowalski,+81 212-805-8292
Wei,Costa,+27 636-641-3785
Mia,Petrov,+1 419-301-1881
Chen,O'Connor,+44 356-754-6554
Sakura,Abebe,+91 991-951-4851
Lorenzo,Nguyen,+27 686-309-1054
Jean,Martinez,+49 319-834-6802
Yuki,Kim,+86 284-313-7199
Chen,Kowalski,+1 866-845-6535
Lorenzo,Li,+1 459-555-9161
Mohammed,Popescu,+81 399-684-3251
Lucia,Jones,+49 934-929-9996
Sakura,Costa,+49 778-623-6106
Ahmed,Singh,+86 263-210-3230
Aria,Bianchi,+39 289-338-3604
Sakura,Patel,+44 204-496-9138
Giulia,Murphy,+91 771-833-2966
Ivan,Silva,+44 589-715-6175
Mia,Kowalski,+34 148-709-5473
Chen,Williams,+33 291-393-2510
Sofia,Martinez,+39 564-913-1327
Chloe,Okafor,+1 337-841-5554
Emma,Abadi,+33 623-354-7130
Samuel,Petrov,+44 785-260-4274
Chen,Costa,+33 755-631-9136
Aria,Jones,+1 673-902-5500
Yuki,Smith,+7 988-261-8773
Ivan,Kowalski,+91 689-100-8543
Priya,Ibrahim,+91 288-766-7863
Hiroshi,Jones,+27 891-731-8272
Emma,Hernandez,+27 618-261-1685
Yuki,Garcia,+1 757-811-6711
Kwame,Dubois,+44 105-553-7329
Emma,Chen,+81 531-219-8099
Giulia,Lopez,+44 222-941-9508
Anastasia,Okafor,+44 590-565-8652
Mia,Rossi,+33 921-329-1901
Ivan,Williams,+81 323-944-9907
Mia,Garcia,+44 214-165-3465
Ananya,Williams,+86 607-367-2154
Ahmed,Nguyen,+34 990-766-6357
Kwame,Silva,+34 956-583-9656
Nia,Petrov,+27 128-164-2659
Mateo,Lopez,+81 752-119-2470
Wei,Johnson,+86 913-316-9397
Aria,Abadi,+1 230-708-8237
Kwame,Patel,+86 238-119-1862
Mohammed,Novak,+27 758-975-1387
Liam,Miller,+86 938-125-4500
Mateo,Ivanov,+7 962-464-4119
Lorenzo,Patel,+44 301-755-8852
Ivan,Li,+81 764-577-5165
Lucia,Ivanov,+81 544-191-2355
Mia,Ibrahim,+7 829-614-7390
Emma,Novak,+1 856-479-8241
Kwame,Patel,+1 370-522-2376
Anastasia,Silva,+1 533-110-5489
Giulia,Li,+86 253-815-5033
Yuki,Singh,+91 402-699-5758
Mohammed,Hernandez,+34 636-161-3542
Wei,Patel,+1 749-444-1055
Ivan,Costa,+91 457-886-8981
Sakura,Williams,+33 335-429-8099
Ava,Hernandez,+7 882-597-1386
Oliver,Smith,+7 456-634-9090
Ava,Silva,+91 702-964-2439
Sakura,Abebe,+49 285-319-9458
Priya,Ivanov,+33 746-344-4176
Léa,Ivanov,+81 740-879-5173
Sofia,Martinez,+86 853-805-1865
Priya,Lopez,+91 277-126-8122
Yuki,Singh,+44 703-815-9867
Olga,Rossi,+49 335-518-5803
Ananya,Singh,+39 923-467-2676
Lorenzo,Patel,+33 727-509-5994
Samuel,Miller,+91 482-158-2707
Ivan,Kim,+7 705-704-1228
Samuel,Smith,+34 668-915-8199
Liam,Popescu,+49 577-950-4318
Noah,Novak,+34 493-552-1573
Léa,Abebe,+7 164-916-7338
Mia,Miller,+39 346-694-1572
Fatima,Abadi,+7 421-647-3323
Oliver,O'Connor,+49 337-465-8034
Mateo,Williams,+91 298-170-3810
Nia,Williams,+27 722-650-4983
Hiroshi,Miller,+34 642-813-1112
Fatima,Okafor,+49 163-150-2959
Chen,Miller,+34 302-743-7525
Olga,Costa,+39 390-336-7434
Olga,Petrov,+44 542-192-7145
Oliver,Smith,+44 863-474-7896
Chen,Popescu,+86 752-828-8586
Yuki,Costa,+34 449-151-7388
Wei,Patel,+27 395-764-7626
Léa,Smith,+1 481-141-8944
Jean,Singh,+39 756-275-4955
Chen,Martinez,+49 226-624-3609
Giulia,Williams,+1 199-871-3594
Wei,Chen,+91 263-655-2877
Oliver,Jones,+49 824-825-5410
Chloe,Novak,+86 113-256-5861
Ivan,Li,+49 354-278-8783
Chen,Singh,+7 740-499-2867
Carlos,Jones,+7 293-114-4756
Anastasia,Brown,+49 866-738-3078
Kwame,Jones,+44 318-641-1283
Fatima,Kim,+1 185-750-5771
Anastasia,Costa,+34 889-610-6448
Noah,Okafor,+7 675-296-7315
Nia,Chen,+81 339-151-1955
Sophia,Patel,+91 170-794-5816
Ananya,Li,+81 429-786-2671
Giulia,Silva,+1 958-368-8259
Léa,Costa,+81 480-593-6013
Kwame,Garcia,+81 619-784-7252
Sofia,Kowalski,+33 607-231-1626
Carlos,Williams,+44 736-340-3064
Chen,Singh,+39 354-817-9435
Chen,Johnson,+81 687-207-7085
Liam,Hernandez,+34 660-851-2761
Giulia,Li,+27 997-540-7187
Lucia,Ibrahim,+39 525-856-5319
Giulia,Singh,+7 572-350-8098
Hiroshi,Nguyen,+33 343-600-6721
Chloe,Jones,+44 785-930-2042
Aria,Kim,+34 443-696-9389
Jean,Rossi,+33 428-833-5113
Lorenzo,Abadi,+44 554-857-5653
Priya,Chen,+81 248-462-6814
Mohammed,Novak,+91 480-802-9003
Jean,Chen,+39 495-204-6334
Anastasia,Johnson,+33 624-203-5907
Sofia,Bianchi,+91 904-156-3795
Wei,Brown,+33 953-969-1284
Wei,Kim,+39 420-377-7352
Jean,Ivanov,+27 178-115-7351
Mateo,Smith,+49 721-599-2918
Mohammed,Petrov,+27 887-446-7796
Ivan,Kowalski,+1 879-407-4219
Hiroshi,Jones,+7 775-311-7835
Priya,Okafor,+1 449-525-1101
Jean,Smith,+49 719-364-4161
Sofia,Chen,+49 764-212-2586
Olga,Dubois,+49 419-317-2188
Priya,Ibrahim,+33 437-487-7303
Mohammed,Li,+44 585-410-8591
Anastasia,Brown,+49 263-946-9438
Oliver,Martinez,+49 690-899-5387
Léa,Martinez,+49 142-981-9893
Olga,Costa,+81 663-962-1326
Mohammed,Miller,+34 744-721-7844
Jean,Petrov,+49 282-658-7830
Kwame,Bianchi,+33 115-790-7971
Liam,Kim,+34 802-737-4644
Sakura,Okafor,+33 993-302-9895
Nia,Chen,+34 978-103-7089
Hiroshi,Chen,+44 812-837-3002
Sofia,Chen,+86 986-888-1554
Fatima,Hernandez,+86 631-888-9985
Léa,Patel,+1 608-280-5379
Ava,Li,+34 430-408-9328
Emma,Miller,+49 267-604-2824
Ananya,Martinez,+91 945-605-8531
Jean,Garcia,+27 773-964-8381
Olga,Ibrahim,+7 931-453-8561
Emma,Novak,+27 753-257-3398
Sophia,Johnson,+86 244-296-6096
Sakura,Kowalski,+34 460-467-4739
Noah,Chen,+34 644-105-1499
Wei,Abebe,+33 569-113-6507
Noah,Petrov,+86 804-229-2030
Lorenzo,Patel,+7 915-717-4469
Hiroshi,Ivanov,+44 661-511-7959
Yuki,Williams,+49 800-280-5573
Wei,Murphy,+39 890-672-6008
Nia,Petrov,+7 980-856-6696
Samuel,O'Connor,+33 235-629-9872
Olga,Petrov,+39 426-175-9895
Léa,Okafor,+49 892-835-8966
Wei,Ivanov,+33 180-271-2526
Noah,Kim,+34 203-905-6745
Wei,Petrov,+1 568-689-9603
Léa,Kim,+91 531-409-1592
Chen,O'Connor,+27 847-239-5049
Oliver,Ivanov,+34 460-709-5874
Mateo,Johnson,+33 329-249-9712
Chen,Kim,+91 894-278-1622
Priya,Garcia,+1 810-285-7428
Noah,Abadi,+34 648-606-4122
Giulia,Kowalski,+27 116-873-6990
Samuel,Nguyen,+7 143-836-8652
Ava,Dubois,+27 815-673-7799
Sofia,Ivanov,+33 742-997-3772
Ivan,Popescu,+44 598-691-2494
Priya,Murphy,+7 624-644-7336
Fatima,Costa,+81 124-703-4230
Ivan,Hernandez,+39 695-994-6356
Anastasia,Ivanov,+34 141-940-9781
Mateo,Murphy,+91 838-191-2147
Aria,O'Connor,+33 469-641-8785
Carlos,Ivanov,+34 530-575-7257
Giulia,Brown,+44 875-901-1278
Nia,Okafor,+1 950-679-5282
Mateo,Dubois,+34 288-107-6180
Liam,Chen,+39 555-519-7088
Anastasia,Singh,+81 787-608-8975
Mia,Garcia,+7 929-801-2966
Samuel,Smith,+81 517-436-5323
Olga,Ibrahim,+86 285-604-6995
Ahmed,Kowalski,+91 790-454-6426
Sakura,Abadi,+86 384-679-3551
Oliver,Williams,+27 790-488-6278
Chloe,Smith,+34 491-958-6070
Anastasia,Petrov,+39 612-548-2602
Jean,Williams,+1 562-241-5645
Mia,Lopez,+34 852-792-8562
Fatima,Okafor,+33 818-186-8846
Mateo,O'Connor,+7 653-290-6611
Ahmed,Dubois,+91 852-748-4390
Lorenzo,Kowalski,+33 549-382-6921
Fatima,Brown,+34 797-554-2709
Hiroshi,Bianchi,+1 967-750-7205
Sakura,Singh,+49 924-627-1278
Ahmed,Popescu,+86 175-925-3045
Sakura,Jones,+49 123-974-6899
Nia,Novak,+34 320-194-6953
Oliver,Abebe,+34 487-627-7518
Nia,Costa,+86 143-373-5010
Oliver,Martinez,+33 349-344-4289
Fatima,Brown,+33 152-343-9501
Ivan,Brown,+86 266-591-9540
Ava,Okafor,+1 680-503-7932
Chloe,Dubois,+86 288-914-6173
Jean,Chen,+91 805-487-8023
Nia,Kowalski,+27 308-137-5093
Mia,Li,+33 588-654-3288
Chloe,Li,+1 356-443-2484
Oliver,Garcia,+7 875-792-3248
Sakura,Garcia,+44 166-672-9879
Léa,Novak,+1 286-854-6454
Liam,Brown,+39 696-748-4787
Lucia,Dubois,+49 807-397-4442
Giulia,Abadi,+91 313-245-1066
Chen,Silva,+91 210-481-4810
Oliver,Petrov,+33 752-871-6918
Chloe,Silva,+39 309-172-2816
Ava,Novak,+1 529-289-8340
Mia,Chen,+33 641-944-3202
Chloe,Singh,+81 313-285-4198
Yuki,Murphy,+27 594-393-1274
Oliver,Silva,+34 467-513-1906
Liam,Ivanov,+39 986-567-2774
Yuki,Chen,+49 759-665-1109
Mohammed,Smith,+49 931-946-9499
Kwame,Costa,+27 807-789-3267
Fatima,Kowalski,+27 815-805-1442
Oliver,Silva,+91 902-775-9368
Samuel,Okafor,+81 249-960-1702
Jean,Garcia,+81 413-286-6394
Sofia,Li,+49 985-479-4110
Ahmed,Garcia,+34 618-575-8757
Lucia,Li,+33 227-521-1781
Emma,Kim,+1 155-566-4044
Mateo,Kowalski,+1 217-406-4343
Ava,Martinez,+86 559-675-7834
Fatima,Abebe,+34 766-853-8076
Ananya,Smith,+33 161-884-1324
Yuki,Patel,+86 395-953-4420
Hiroshi,Nguyen,+86 932-551-9753
Emma,Bianchi,+27 754-925-2097
Lucia,Lopez,+34 543-251-3038
Mateo,Abebe,+27 581-946-1027
Liam,Hernandez,+91 588-971-7113
Priya,Silva,+34 971-624-6821
Léa,Petrov,+44 803-241-4740
Ananya,O'Connor,+34 246-703-6947
Nia,Li,+27 808-882-7453
Noah,Smith,+86 884-319-5761
Mateo,Novak,+49 919-787-1454
Chen,Murphy,+7 115-407-6092
Yuki,Singh,+81 434-310-7177
Chen,O'Connor,+1 732-170-3789
Yuki,Okafor,+33 493-913-3290
Chloe,Dubois,+44 354-349-8009
Ananya,Johnson,+81 524-509-9433
Chloe,Hernandez,+1 274-688-7874
Jean,Petrov,+86 337-719-3579
Liam,Abebe,+49 680-563-9995
Mateo,Jones,+1 117-247-4666
Hiroshi,Petrov,+44 511-568-6643
Chloe,Okafor,+39 234-332-7925
Emma,Johnson,+34 265-857-4771
Sophia,Nguyen,+27 406-986-6233
Jean,Novak,+81 360-449-2937
Mohammed,Okafor,+86 356-934-6741
Mateo,Patel,+1 716-810-4430
Fatima,Brown,+33 238-677-6552
Nia,Murphy,+33 204-242-7933
Mia,Murphy,+39 802-426-9469
Mateo,Costa,+44 724-249-1884
Oliver,Kim,+44 732-670-4208
Hiroshi,Abadi,+33 441-296-8517
Anastasia,Okafor,+49 849-964-9453
Mia,Murphy,+81 774-783-9407
Sofia,Petrov,+7 917-895-5597
Liam,O'Connor,+44 461-590-3504
Ava,Bianchi,+34 104-118-2625
Lorenzo,Ivanov,+39 788-350-4225
Mateo,Petrov,+33 398-441-5432
Ahmed,Dubois,+81 531-801-3125
Sakura,Martinez,+44 270-198-2231
Aria,Rossi,+86 220-354-2508
Nia,Silva,+49 263-532-1136
Mia,Martinez,+49 623-594-2770
Ivan,Garcia,+44 967-255-4092
Noah,Murphy,+49 143-393-7702
Giulia,Nguyen,+34 988-397-9345
Anastasia,Silva,+86 439-377-9193
Chloe,Martinez,+1 861-766-2548
Hiroshi,Popescu,+91 237-299-7483
Chloe,Chen,+86 259-794-2408
Yuki,Dubois,+39 969-923-3893
Anastasia,Petrov,+39 759-565-4108
Chloe,Kim,+39 959-523-9877
Noah,Garcia,+34 161-979-9855
Léa,Li,+91 908-353-3511
Yuki,Chen,+27 275-358-1801
Ava,Singh,+34 780-344-1949
Oliver,Johnson,+44 792-437-1593
Hiroshi,O'Connor,+91 855-278-2534
Liam,Chen,+33 185-739-1845
Mateo,Martinez,+44 837-253-1646
Samuel,Chen,+27 693-691-2317
Sophia,Nguyen,+86 728-979-7166
Aria,Ibrahim,+1 782-976-7514
Priya,Jones,+27 482-361-3631
Samuel,O'Connor,+7 206-958-6495
Sakura,Costa,+44 567-194-8694
Sophia,Li,+1 149-317-9430
Ivan,Garcia,+7 906-296-4690
Mateo,O'Connor,+49 530-963-9917
Hiroshi,Costa,+1 426-875-1980
Aria,Rossi,+49 534-207-3333
Liam,Abebe,+7 677-934-9014
Carlos,Petrov,+91 860-235-5681
Lucia,Abebe,+34 698-241-1855
Sophia,Singh,+81 836-332-7157
Mia,Lopez,+86 739-997-6286
Olga,Miller,+81 801-907-4858
Ahmed,Li,+86 930-627-2669
Olga,Martinez,+81 987-167-5363
Giulia,Hernandez,+81 565-787-2183
Lucia,Hernandez,+44 624-772-2768
Fatima,Chen,+7 159-661-7160
Anastasia,Singh,+1 130-702-1562
Kwame,Johnson,+86 737-433-6178
Wei,Okafor,+39 496-974-5238
Carlos,Smith,+1 484-437-8672
Mateo,Chen,+81 369-830-3294
Lucia,Garcia,+86 813-571-2110
Emma,Bianchi,+34 664-569-7685
Fatima,Ibrahim,+91 798-737-6665
Sakura,Garcia,+34 835-222-9802
Ananya,Johnson,+91 186-582-4484
Oliver,Silva,+86 997-468-1826
Olga,Johnson,+27 718-782-3281
Lucia,Abebe,+49 612-323-4413
Samuel,Okafor,+1 186-316-8433
Emma,Novak,+1 727-807-8377
Ivan,Nguyen,+81 598-354-9731
Chen,Miller,+33 220-730-1414
Mia,Jones,+39 823-957-9689
Kwame,Johnson,+1 899-854-7474
Anastasia,Okafor,+39 503-723-5847
Anastasia,Nguyen,+33 231-405-8294
Hiroshi,Kowalski,+86 439-101-2091
Chloe,Rossi,+7 270-785-2638
Sofia,Bianchi,+86 139-653-9841
Mateo,Miller,+49 464-421-7142
Fatima,Singh,+27 255-783-4437
Sakura,Costa,+91 142-426-5264
Ava,Kowalski,+49 471-202-4048
Aria,Jones,+33 268-641-6432
Lorenzo,Garcia,+91 952-838-7450
Olga,Martinez,+1 430-620-6589
Fatima,Popescu,+39 415-662-5378
Priya,Silva,+7 344-826-8145
Jean,Garcia,+44 464-439-1332
Emma,Hernandez,+27 681-337-6253
Kwame,Rossi,+7 438-368-9655
Anastasia,Ibrahim,+44 288-632-9292
Lorenzo,Costa,+1 443-954-9708
Lucia,Ivanov,+86 719-269-7372
Samuel,Popescu,+33 443-401-7616
Fatima,Hernandez,+33 871-815-1123
Noah,Singh,+7 588-958-8934
Lucia,Bianchi,+44 956-930-2481
Yuki,Kowalski,+91 223-600-4156
Fatima,Kowalski,+34 342-679-3510
Sakura,Smith,+44 502-130-1458
Lorenzo,Silva,+33 783-281-1370
Giulia,Nguyen,+86 333-549-8413
Wei,Hernandez,+1 207-813-5073
Ivan,Martinez,+81 612-223-4795
Chloe,Hernandez,+49 435-348-9875
Mohammed,Patel,+39 907-206-9227
Noah,Murphy,+27 787-641-7279
Aria,Novak,+91 905-211-2861
Samuel,Costa,+34 863-193-7207
Léa,Rossi,+49 146-435-7184
Ahmed,Smith,+27 390-788-2557
Oliver,Abebe,+91 729-862-2936
Carlos,Chen,+91 905-164-9051
Hiroshi,Silva,+7 375-892-6246
Noah,Miller,+7 871-714-2309
Chen,Popescu,+34 297-910-5728
Priya,Kim,+81 478-326-6491
Mia,Abadi,+7 447-328-9001
Ava,Petrov,+49 107-154-1043
Ahmed,Petrov,+1 476-529-2836
Sophia,Lopez,+7 435-168-8991
Jean,Chen,+1 269-606-3721
Sophia,Rossi,+49 310-593-8308
Anastasia,Dubois,+33 714-830-5477
Yuki,Silva,+27 961-594-4375
Ahmed,Abebe,+86 926-649-5860
Ivan,Singh,+91 293-216-6693
Samuel,Kim,+27 333-362-7986
Ava,Lopez,+27 600-465-1307
Ananya,Silva,+7 358-639-3668
Sofia,Miller,+7 936-806-2992
Mia,Garcia,+27 970-200-7928
Wei,Ivanov,+27 252-666-4980
Léa,Hernandez,+44 446-803-8557
Sakura,Li,+39 587-589-1329
Ananya,Rossi,+34 195-660-7699
Hiroshi,Okafor,+44 667-651-8190
Oliver,Ivanov,+34 711-653-8169
Noah,Brown,+34 964-306-8027
Fatima,Bianchi,+44 956-613-1468
Wei,Ivanov,+44 264-305-2275
Mia,Okafor,+86 864-909-4498
Mateo,Jones,+1 211-348-3515
Liam,Brown,+39 249-460-3564
Carlos,Popescu,+7 992-942-7448
Ananya,Okafor,+7 650-901-2103
Wei,Hernandez,+34 166-955-1741
Ivan,Popescu,+7 306-968-3678
Yuki,Singh,+44 564-220-4419
Ahmed,Hernandez,+27 931-334-7987
Sofia,Jones,+86 597-397-5386
Giulia,Rossi,+27 189-188-5286
Anastasia,O'Connor,+33 986-901-7077
Sofia,Popescu,+91 420-290-3433
Chloe,Chen,+81 884-641-9795
Sofia,Johnson,+27 960-639-8767
Chen,Kowalski,+81 102-395-1900
Ivan,Murphy,+34 173-489-7435
Mateo,Li,+34 759-300-2018
Hiroshi,Hernandez,+91 788-900-7485
Nia,Jones,+33 582-589-3704
Lucia,Silva,+1 757-164-1519
Mohammed,O'Connor,+39 311-408-5501
Mateo,Abadi,+44 623-596-2131
Giulia,Garcia,+39 821-883-5255
Hiroshi,Murphy,+1 658-120-3112
Noah,Williams,+33 745-931-4893
Oliver,Ibrahim,+81 824-673-1637
Mia,Lopez,+34 327-288-2532
Fatima,Lopez,+33 128-988-5763
Yuki,Johnson,+39 627-340-2200
Hiroshi,Popescu,+7 799-624-3140
Giulia,Popescu,+39 689-436-9506
Oliver,Bianchi,+86 366-485-8641
Nia,Smith,+34 950-485-7552
Samuel,Petrov,+7 327-479-2158
Kwame,Miller,+1 664-299-5502
Ivan,Garcia,+33 855-534-7296
Emma,Hernandez,+86 592-765-8090
Sakura,Popescu,+34 443-871-4479
Anastasia,Jones,+49 911-464-5874
Ava,Martinez,+1 186-376-5192
Jean,Abadi,+81 282-777-1011
Kwame,Williams,+7 927-942-9308
Lucia,Ivanov,+49 405-190-8436
Aria,Petrov,+7 420-505-7209
Yuki,Petrov,+1 727-340-3066
Lorenzo,Petrov,+39 918-429-7909
Olga,Singh,+44 608-641-8379
Emma,Hernandez,+44 883-330-4952
Samuel,Rossi,+7 464-598-7423
Liam,Ivanov,+33 922-578-3203
Ahmed,Jones,+34 393-830-3884
Lucia,Ivanov,+91 425-850-7864
Ivan,Johnson,+34 183-628-5680
Ava,Garcia,+86 592-471-4056
Ava,O'Connor,+44 270-414-9777
Aria,Nguyen,+81 470-914-8695
Samuel,Petrov,+39 989-484-9101
Sofia,O'Connor,+7 219-502-2668
Hiroshi,Novak,+91 778-520-1942
Sophia,Chen,+7 879-998-1641
Nia,Ivanov,+91 805-717-8850
Anastasia,Smith,+91 782-196-2737
Hiroshi,Johnson,+34 763-204-3786
Sofia,Hernandez,+81 660-731-8445
Hiroshi,Costa,+81 582-582-1241
Lucia,Brown,+7 614-158-5454
Emma,Kowalski,+86 851-614-1208
Fatima,Novak,+27 732-665-4608
Olga,Ivanov,+1 349-988-1056
Liam,Popescu,+34 578-315-3621
Mohammed,Jones,+39 621-932-9661
Anastasia,Dubois,+34 206-379-9285
Sophia,Williams,+7 123-676-5334
Ava,Jones,+81 400-272-2075
Sophia,Abebe,+34 203-735-9417
Lorenzo,Silva,+49 987-715-4757
Aria,Murphy,+7 942-281-2439
Carlos,Ivanov,+91 292-959-6671
Priya,Novak,+34 341-974-3636
Noah,Patel,+86 468-109-4154
Aria,Rossi,+27 829-212-5183
Yuki,Bianchi,+39 258-121-9471
Sofia,Petrov,+91 185-607-6458
Hiroshi,Martinez,+34 760-648-4875
Priya,Brown,+86 677-726-4613
Emma,Abebe,+7 191-316-8341
Ananya,Murphy,+44 669-481-5751
Emma,Dubois,+39 851-389-2873
Wei,Ibrahim,+91 932-245-1409
Yuki,Smith,+27 855-867-9274
Carlos,Abebe,+81 580-273-1548
Samuel,Bianchi,+39 309-423-5334
Jean,Okafor,+86 295-906-7788
Oliver,Abadi,+91 448-568-3731
Priya,Lopez,+39 153-986-2722
Fatima,O'Connor,+91 888-699-7938
Carlos,Novak,+44 772-315-6030
Anastasia,Singh,+1 262-327-8945
Sofia,Kim,+34 129-873-5718
Olga,Garcia,+86 912-311-2142
Olga,Dubois,+39 287-132-8504
Chloe,Bianchi,+33 398-161-6547
Nia,Novak,+44 737-410-4582
Olga,O'Connor,+34 862-210-2877
Fatima,Costa,+49 401-916-8504
Léa,Novak,+49 220-954-8806
Ivan,Williams,+33 307-293-4386
Kwame,Silva,+27 432-904-8726
Priya,Kowalski,+81 173-579-9281
Liam,Ivanov,+1 836-850-6590
Lucia,Okafor,+81 758-826-8854
Emma,Murphy,+81 998-287-8383
Kwame,Brown,+1 385-231-5814
Anastasia,Novak,+1 404-571-1031
Chloe,Kim,+27 574-874-5568
Mohammed,Murphy,+44 922-447-6750
Yuki,Garcia,+44 182-311-4122
Sofia,Nguyen,+91 688-986-3420
Noah,Hernandez,+91 263-739-2721
Giulia,Brown,+34 211-861-2481
Léa,Abebe,+44 242-986-6843
Lucia,Jones,+81 691-830-3441
Yuki,Hernandez,+7 628-954-3663
Fatima,Chen,+44 539-564-1796
Sophia,Miller,+86 915-441-3416
Priya,Martinez,+7 177-686-3786
Mateo,Garcia,+27 493-436-7465
Ava,Dubois,+91 168-585-7166
Hiroshi,Novak,+86 320-633-5872
Giulia,Johnson,+1 335-963-9008
Priya,Novak,+81 279-869-1712
Ananya,Popescu,+81 251-727-1196
Ahmed,Petrov,+49 744-516-4566
Anastasia,Kowalski,+44 256-967-4957
Oliver,Costa,+39 439-245-6242
Lorenzo,Popescu,+34 588-319-8367
Mia,Patel,+27 233-974-4979
Chloe,Ibrahim,+33 488-620-7072
Sophia,Patel,+7 861-596-9341
Samuel,Lopez,+1 768-508-3159
Sofia,Ibrahim,+81 296-210-5391
Chen,Costa,+1 236-129-3323
Hiroshi,Patel,+33 308-959-1840
Priya,Nguyen,+7 563-858-2933
Kwame,Jones,+86 541-369-1911
Giulia,Bianchi,+34 273-279-5097
Aria,Hernandez,+91 207-453-7267
Sophia,Garcia,+27 311-625-7238
Ava,Okafor,+49 225-384-5870
Olga,Li,+7 298-734-5296
Ahmed,Patel,+86 951-367-3195
Jean,Popescu,+33 119-345-3808
Sophia,Dubois,+49 270-807-4141
Ava,Brown,+27 447-406-1726
Ahmed,Abebe,+49 262-305-5877
Ivan,Ivanov,+91 175-476-8100
Wei,Smith,+49 220-557-9246
Sofia,Abadi,+7 718-941-4542
Chen,Chen,+39 343-989-7106
Anastasia,Williams,+27 335-468-9196
Carlos,Kim,+7 349-564-7165
Priya,Kowalski,+86 397-536-2642
Noah,Smith,+91 340-498-3525
Sakura,Rossi,+34 393-313-1446
Lorenzo,O'Connor,+81 970-400-4015
Mohammed,Kowalski,+34 314-389-3502
Lorenzo,O'Connor,+34 304-520-7722
Ananya,Okafor,+7 507-363-5757
Ava,Garcia,+49 815-454-6294
Kwame,Brown,+39 264-992-8138
Yuki,Ivanov,+44 353-104-1304
Samuel,Johnson,+34 879-260-3909
Liam,Silva,+7 315-263-4371
Sofia,Ivanov,+1 791-379-6593
Priya,Garcia,+7 352-431-2282
Mia,Patel,+86 239-618-6988
Carlos,Kim,+34 178-289-7065
Mia,Smith,+81 295-336-3717
Wei,Chen,+7 397-639-7040
Jean,Petrov,+91 637-915-4550
Carlos,Bianchi,+34 261-205-5607
Mia,Ivanov,+1 565-431-7136
Ananya,Hernandez,+34 760-531-2788
Sakura,Popescu,+1 172-425-7662
Ivan,Johnson,+39 146-479-5624
Chen,Costa,+27 339-155-9161
Anastasia,Bianchi,+81 497-494-7901
Oliver,Miller,+86 155-861-6035
Jean,Costa,+49 889-337-5338
Aria,Bianchi,+49 152-448-6011
Nia,Li,+91 882-230-6237
Samuel,Kim,+1 179-481-2878
Samuel,Li,+86 442-145-7866
Liam,Ibrahim,+44 132-664-8148
Carlos,Kim,+33 986-928-3089
Sofia,Silva,+86 120-579-8452
Léa,Nguyen,+1 459-341-7193
Anastasia,Singh,+91 362-361-6819
Wei,Miller,+91 375-819-8703
Ava,Patel,+49 319-559-9610
Noah,Popescu,+81 573-991-2591
Ava,Abadi,+39 698-298-7230
Liam,Garcia,+91 241-499-5949
Ananya,Novak,+91 593-849-6896
Kwame,Ivanov,+49 219-652-4336
Hiroshi,Popescu,+27 621-969-9764
Lorenzo,Li,+7 190-858-5417
Aria,Smith,+27 355-147-9830
Ivan,Nguyen,+27 794-339-1302
Lorenzo,Ivanov,+27 173-231-8376
Noah,Patel,+1 843-920-7611
Olga,Kowalski,+1 465-585-5593
Mohammed,Lopez,+81 198-790-5052
Jean,Murphy,+81 399-989-4650
Samuel,Hernandez,+1 533-728-3018
Sakura,Kim,+44 309-911-3773
Olga,Novak,+27 557-135-4081
Aria,Dubois,+1 484-399-2224
Hiroshi,Martinez,+91 659-371-2444
Wei,Patel,+27 788-897-9852
Giulia,Brown,+81 757-854-6255
Sofia,Novak,+49 347-354-6995
Olga,Petrov,+7 710-522-3625
Noah,Martinez,+7 180-530-2164
Noah,Kim,+39 963-310-9461
Lucia,Ibrahim,+1 602-170-6673
Ivan,Martinez,+27 861-369-7891
Fatima,Smith,+1 238-636-5347
Fatima,Jones,+1 411-692-4563
Sofia,Williams,+49 372-893-9216
Sofia,Kim,+27 987-790-2374
Anastasia,O'Connor,+1 999-388-3238
Sophia,Murphy,+81 448-947-1609
Oliver,Singh,+7 734-935-5809
Lucia,Dubois,+33 823-711-8446
Mohammed,Brown,+1 525-636-8406
Chen,Brown,+7 667-649-5444
Wei,Miller,+91 684-873-2086
Ahmed,Nguyen,+1 174-717-9058
Noah,Abebe,+86 205-643-5222
Liam,Dubois,+7 454-614-9714
Oliver,Jones,+39 755-355-3045
Chloe,Singh,+86 548-600-7024
Kwame,Petrov,+27 707-183-9816
Sofia,Jones,+91 236-378-3353
Mia,Bianchi,+81 877-950-9518
Sofia,Costa,+34 630-572-3621
Priya,Ivanov,+33 156-255-7170
Jean,Brown,+44 597-923-2743
Ava,Dubois,+86 538-482-3116
Yuki,Novak,+39 428-415-4133
Mohammed,Jones,+81 585-857-2330
Chloe,Kowalski,+81 538-673-7720
Fatima,Martinez,+1 365-762-6866
Giulia,Novak,+86 545-639-6176
Chloe,Patel,+81 600-160-2162
Ava,Smith,+39 841-687-4352
Mia,Rossi,+39 892-821-1336
Wei,Lopez,+44 561-227-8292
Ava,Williams,+27 154-561-2525
Carlos,Murphy,+39 839-932-6816
Priya,Brown,+1 987-726-7131
Chloe,Chen,+34 303-101-7286
Mia,Okafor,+1 810-875-2143
Anastasia,Lopez,+86 155-731-8345
Nia,Kim,+7 219-998-4589
Lucia,Kowalski,+7 915-325-2172
Lucia,Dubois,+39 274-357-1412
Jean,Murphy,+91 199-656-6870
Lucia,Abadi,+34 686-331-3893
Jean,Okafor,+81 494-162-8609
Yuki,Hernandez,+7 138-864-5528
Liam,Silva,+44 795-414-1002
Sakura,Popescu,+81 135-655-5269
Sofia,Singh,+49 927-903-8304
Sophia,Silva,+44 299-805-7074
Ava,Singh,+86 848-600-8097
Sofia,Smith,+91 899-894-2207
Fatima,Smith,+81 993-175-8254
Ava,Johnson,+27 558-158-7203
Emma,Nguyen,+81 145-733-1419
Léa,Costa,+34 684-429-1736
Sakura,Okafor,+81 892-431-1075
Mateo,Lopez,+1 148-545-4131
Kwame,Novak,+86 957-918-6406
Anastasia,Williams,+1 976-484-8676
Kwame,Miller,+1 301-326-6465
Giulia,Popescu,+1 127-985-5841
Hiroshi,Miller,+1 160-938-6361
Noah,Popescu,+81 230-856-4159
Samuel,Kim,+7 412-522-5717
Nia,Garcia,+27 659-856-3320
Sophia,Brown,+39 624-733-8348
Ivan,Patel,+7 772-805-1354
Samuel,Williams,+34 247-122-8555
Ahmed,Rossi,+49 835-119-6448
Sakura,Li,+39 715-646-6508
Ava,Kim,+34 271-554-1650
Jean,Ivanov,+39 863-908-5830
Fatima,Brown,+44 294-473-9877
Léa,Dubois,+44 997-259-8054
Kwame,Kowalski,+27 422-134-1461
Priya,Garcia,+33 562-237-3390
Aria,Silva,+34 269-677-2423
Giulia,Garcia,+33 859-732-6875
Chen,Miller,+34 119-783-1746
Lorenzo,Chen,+7 353-245-8624
Hiroshi,Brown,+7 619-395-7564
Aria,Martinez,+7 822-519-6688
Ananya,Ibrahim,+81 836-229-8257
Nia,Rossi,+44 988-747-6308
Mohammed,Rossi,+86 224-239-9327
Anastasia,Novak,+33 816-193-4217
Wei,Singh,+27 404-237-5295
Oliver,Bianchi,+34 187-919-7451
Kwame,Abadi,+7 405-865-2001
Sofia,Popescu,+27 323-405-7695
Sakura,Rossi,+44 554-849-2171
Ava,Abadi,+33 869-924-1984
Olga,Kowalski,+33 702-917-5612
Samuel,O'Connor,+86 421-572-2957
Oliver,Silva,+86 880-210-5870
Chloe,Lopez,+34 177-382-6044
Sophia,Murphy,+34 588-811-9396
Yuki,Rossi,+7 827-613-1036
Olga,Patel,+91 339-123-6331
Ava,Novak,+49 637-434-7954
Chloe,Kowalski,+34 646-159-1853
Liam,Murphy,+86 443-546-8124
Wei,Popescu,+44 916-740-9940
Sofia,Martinez,+86 175-872-2944
Aria,Lopez,+91 327-665-6646
Chloe,Smith,+86 428-606-5879
Sofia,Abebe,+49 454-656-2846
Jean,Patel,+81 539-791-4359
Oliver,Petrov,+33 293-768-3460
Sofia,Okafor,+39 944-722-6776
Sakura,Abadi,+1 409-778-4489
Ahmed,Smith,+7 563-606-5878
Nia,Garcia,+7 658-931-1846
Oliver,O'Connor,+49 269-197-8082
Kwame,Li,+27 723-875-7643
Lucia,Kowalski,+49 582-946-9341
Noah,Johnson,+44 493-484-8210
Samuel,Petrov,+33 363-207-8995
Sakura,Dubois,+39 545-699-1944
Yuki,Abadi,+91 224-891-5078
Sakura,Singh,+7 579-395-8573
Wei,Abebe,+34 810-476-7389
Mateo,Abadi,+7 679-805-3085
Mateo,Popescu,+1 267-946-2204
Wei,Martinez,+7 237-493-8607
Giulia,Novak,+1 445-908-2446
Sakura,Ivanov,+91 531-357-7499
Mateo,Abebe,+39 204-829-7955
Sophia,Singh,+33 535-295-6512
Emma,Costa,+91 230-312-7372
Noah,Ivanov,+27 355-924-4484
Ivan,Kim,+1 396-327-8570
Yuki,Kim,+81 281-188-1930
Wei,O'Connor,+91 372-168-1767
Wei,Jones,+49 636-904-6737
Mateo,Kim,+91 186-851-3560
Priya,Williams,+86 354-504-4023
Chen,Johnson,+91 543-751-6961
Noah,Bianchi,+34 262-344-9728
Lorenzo,Kim,+27 442-872-6537
Sofia,Brown,+34 564-140-7625
Mohammed,Silva,+39 323-468-7814
Sophia,Popescu,+7 356-399-6401
Carlos,O'Connor,+7 696-238-7981
Nia,Lopez,+49 317-322-2673
Emma,Miller,+86 490-898-3575
Sofia,Kim,+27 666-894-6282
Oliver,Popescu,+27 671-391-2135
Giulia,Abebe,+1 221-399-2465
Mia,Novak,+49 885-178-1614
Kwame,Ivanov,+1 245-997-2293
Mia,Popescu,+86 655-520-5980
Fatima,Ivanov,+33 496-422-1517
Mateo,Kowalski,+86 387-140-4026
Sophia,Kim,+33 809-703-8875
Oliver,Murphy,+34 200-988-6016
Noah,Patel,+86 755-830-1618
Emma,Popescu,+34 493-110-8632
Olga,Silva,+44 755-702-7367
Priya,Johnson,+91 583-724-6081
Olga,Costa,+44 171-383-7705
Fatima,Lopez,+49 824-575-8483
Chen,Costa,+81 758-453-1981
Giulia,Kim,+7 109-717-2724
Anastasia,Brown,+86 473-481-4520
Mohammed,Li,+34 307-862-9357
Aria,Miller,+34 631-475-4498
Mia,Popescu,+81 261-191-8765
Ananya,Miller,+91 235-168-8408
Carlos,Novak,+44 716-134-4333
Fatima,Nguyen,+1 676-727-6173
Ava,Smith,+86 319-214-3310
Aria,Chen,+49 225-905-5804
Chen,Ivanov,+81 190-247-3318
Priya,Jones,+44 907-539-5683
Chloe,Ibrahim,+86 238-101-8353
Liam,Miller,+86 869-350-4784
Samuel,Costa,+91 255-784-7803
Oliver,O'Connor,+81 284-176-9293
Sakura,Popescu,+27 363-901-4951
Anastasia,Garcia,+44 992-542-8379
Jean,Ivanov,+27 546-378-7665
Fatima,Costa,+34 775-734-1116
Ava,Ivanov,+7 997-763-1410
Yuki,Johnson,+1 957-415-2671
Liam,Nguyen,+39 803-839-1625
Sofia,Johnson,+44 606-743-5476
Carlos,Rossi,+49 219-530-1279
Oliver,Ibrahim,+81 257-215-8145
Ahmed,Silva,+1 470-479-6768
Ananya,Silva,+86 665-393-1357
Lorenzo,Garcia,+86 482-533-5321
Anastasia,Petrov,+86 288-257-4723
Léa,Miller,+86 215-544-6394
Mohammed,O'Connor,+91 642-524-2570
Giulia,O'Connor,+49 678-877-7827
Liam,Bianchi,+34 830-488-6447
Giulia,Brown,+27 829-248-3871
Lorenzo,Rossi,+81 355-196-7062
Lorenzo,O'Connor,+81 365-629-6482
Yuki,Lopez,+33 613-562-7575
Chloe,Ibrahim,+27 346-126-7215
Liam,Dubois,+86 992-491-5507
Jean,Murphy,+49 441-469-1348
Hiroshi,Murphy,+27 508-423-7630
Mateo,Popescu,+39 721-131-3793
Kwame,Lopez,+7 556-944-9670
Nia,Li,+34 636-615-4165
Liam,Popescu,+86 592-487-6093
Noah,Brown,+86 284-451-2857
Nia,Martinez,+27 547-262-3734
Carlos,Garcia,+39 584-881-2936
Yuki,Novak,+27 657-182-2200
Chloe,Ibrahim,+49 603-860-9238
Priya,Ibrahim,+7 597-809-8478
Mia,Petrov,+34 608-331-4094
Ava,Petrov,+91 411-606-4566
Ava,Lopez,+81 758-212-9423
Emma,Abadi,+44 590-286-8230
Aria,Costa,+86 749-412-9396
Aria,Rossi,+27 957-692-2821
Liam,Murphy,+34 269-335-3995
Sakura,O'Connor,+34 851-414-2146
Kwame,Smith,+34 772-862-8728
Liam,Williams,+34 443-183-1799
Olga,Hernandez,+49 846-393-5199
Carlos,Novak,+49 714-447-2689
Sophia,Chen,+7 219-441-2063
Liam,Petrov,+27 994-254-7735
Mohammed,O'Connor,+91 209-289-7251
Mia,Johnson,+44 600-868-6391
Yuki,Popescu,+39 454-604-5141
Chloe,Chen,+27 527-409-7750
Sofia,Li,+49 988-613-9295
Mia,Bianchi,+86 736-434-3828
Fatima,Hernandez,+27 517-332-3147
Nia,Brown,+33 274-587-9920
Sophia,Dubois,+7 806-854-8097
Aria,Hernandez,+44 223-238-5380
Léa,Popescu,+39 719-539-6239
Jean,Ivanov,+33 614-983-5560
Nia,Hernandez,+1 722-505-3654
Samuel,Patel,+1 618-345-2437
Chloe,Lopez,+34 721-518-3072
Priya,Garcia,+39 604-378-5450
Ivan,Costa,+7 301-876-1393
Sofia,Novak,+1 982-612-5833
Wei,Kowalski,+81 618-726-9282
Ava,O'Connor,+39 948-669-6148
Wei,Abadi,+91 400-805-7597
Ananya,Dubois,+7 831-183-7510
Sophia,Garcia,+49 351-501-6638
Giulia,Martinez,+39 522-841-7925
Jean,Patel,+91 917-641-6953
Mia,Okafor,+34 648-447-8868
Samuel,Okafor,+81 643-923-6193
Sakura,Brown,+27 628-520-4573
Mateo,Bianchi,+49 312-318-5870
Jean,Miller,+27 377-906-3158
Ananya,Chen,+44 350-164-5009
Oliver,Ivanov,+1 598-611-1026
Oliver,Martinez,+86 331-686-7996
Ananya,Abadi,+34 309-826-2959
Carlos,O'Connor,+44 840-724-3904
Giulia,Kowalski,+81 623-147-3591
Oliver,Smith,+49 473-213-4521
Chloe,Silva,+39 582-879-1453
Oliver,Ivanov,+27 275-412-6571
Sofia,Costa,+27 738-469-5967
Lorenzo,Kim,+91 519-891-7125
Priya,Jones,+49 173-603-7996
Lucia,Novak,+44 137-167-7509
Ahmed,Petrov,+33 918-628-6738
Wei,Jones,+91 237-342-8981
Noah,Singh,+34 873-863-5445
Mia,Bianchi,+81 865-405-9017
Anastasia,Ibrahim,+1 858-997-1918
Anastasia,Patel,+81 977-908-3905
Priya,Ivanov,+44 323-491-2416
Nia,Ivanov,+86 508-397-1113
Mohammed,Kim,+39 420-104-7409
Giulia,Williams,+27 139-575-6033
Nia,Ibrahim,+33 332-129-5256
Ivan,Kim,+91 640-291-2158
Ahmed,Lopez,+1 672-759-3589
Jean,Smith,+86 651-224-4603
Oliver,Novak,+1 754-684-6813
Carlos,Johnson,+1 586-858-7591
Chloe,Miller,+49 293-629-5867
Mohammed,Jones,+7 134-819-8415
Carlos,O'Connor,+34 791-431-1143
Ahmed,Nguyen,+33 682-408-3648
Lucia,Costa,+34 152-825-7301
Lucia,Lopez,+7 442-985-6452
Hiroshi,Silva,+81 278-622-7148
Oliver,Popescu,+34 147-236-8778
Fatima,Brown,+39 879-959-3496
Hiroshi,Murphy,+91 868-991-8967
Lucia,Dubois,+7 646-533-2830
Aria,Silva,+86 280-279-6411
Noah,Brown,+86 744-356-6378
Noah,Smith,+33 194-961-3282
Emma,Nguyen,+27 441-323-2450
Mateo,Novak,+1 258-864-4539
Carlos,O'Connor,+34 230-553-1527
Emma,Rossi,+86 873-418-9747
Carlos,Garcia,+49 652-367-9961
Mia,Costa,+39 615-228-6881
Emma,O'Connor,+33 706-932-2092
Jean,Li,+27 931-178-8433
Liam,Petrov,+39 526-805-7317
Mia,Lopez,+7 128-370-1043
Oliver,Kowalski,+49 309-806-7190
Kwame,Okafor,+27 991-770-8726
Oliver,Smith,+39 773-828-5263
Samuel,O'Connor,+33 120-515-8094
Sophia,Murphy,+49 491-957-9556
Wei,Garcia,+7 689-595-9391
Sophia,Popescu,+33 626-205-1999
Mateo,Murphy,+7 221-472-9276
Ava,Brown,+1 986-172-3216
Léa,Abebe,+44 107-326-1994
Wei,Dubois,+86 107-351-9438
Mateo,Okafor,+49 146-739-8256
Chloe,Dubois,+33 508-926-1106
Yuki,Ibrahim,+27 238-614-2466
Lorenzo,Kim,+91 272-151-9281
Anastasia,Dubois,+49 600-937-7364
Ananya,Rossi,+81 474-848-3445
Lucia,Murphy,+34 882-818-9764
Yuki,Rossi,+44 547-601-2758
Hiroshi,Martinez,+44 928-377-1123
Aria,Petrov,+44 104-696-3561
Emma,Hernandez,+34 895-850-8346
Sofia,Rossi,+1 542-949-5651
Chen,Kim,+91 731-242-9768
Aria,Novak,+1 647-783-6346
Emma,Costa,+33 705-109-3124
Wei,Kowalski,+1 496-402-9715
Hiroshi,Novak,+1 609-272-3996
Samuel,Novak,+27 733-750-1934
Carlos,Nguyen,+1 155-653-4566
Fatima,Martinez,+49 799-649-4101
Chen,Murphy,+91 581-741-5745
Oliver,Murphy,+7 528-555-1139
Kwame,Petrov,+39 348-432-3388
Emma,Popescu,+44 452-215-4988
Sakura,Novak,+27 804-902-4991
Chloe,Patel,+86 620-635-9235
Oliver,Novak,+34 725-721-1619
Wei,Miller,+49 255-971-6836
Mia,Abadi,+81 955-424-1286
Sakura,Ivanov,+33 265-619-3433
Ivan,O'Connor,+34 262-502-9436
Nia,Li,+44 458-892-3699
Wei,Bianchi,+86 992-609-1903
Wei,Garcia,+7 240-574-6903
Kwame,Ivanov,+7 966-617-6068
Sophia,Ivanov,+34 791-638-2112
Sakura,Novak,+34 343-716-4511
Lorenzo,Popescu,+81 830-704-6435
Sofia,Li,+81 538-982-5086
Liam,Rossi,+81 233-910-3502
Olga,Patel,+33 599-924-1490
Emma,Johnson,+39 975-671-6918
Samuel,Abebe,+27 973-790-7644
Liam,Williams,+91 702-952-2893
Emma,Abebe,+33 852-803-9946
Ahmed,Rossi,+81 918-823-2422
Noah,Li,+91 469-850-2221
Jean,Murphy,+86 538-568-2034
Mia,Petrov,+7 365-116-2625
Priya,Hernandez,+81 784-572-2992
Ava,Bianchi,+49 381-306-6757
Léa,Ivanov,+44 681-117-6231
Ivan,Martinez,+49 270-532-4901
Sakura,Ibrahim,+33 576-757-7157
Chen,Ibrahim,+81 842-245-9268
Jean,Hernandez,+39 595-182-4001
Samuel,Petrov,+27 999-278-8464
Léa,Novak,+86 799-298-2297
Lorenzo,Kim,+7 615-348-6516
Oliver,Popescu,+33 413-799-2340
Yuki,Rossi,+39 482-862-4012
Carlos,Williams,+33 876-600-1239
Ivan,Petrov,+33 194-899-9291
Sakura,Kim,+33 840-325-7971
Jean,Smith,+39 660-993-4630
Chen,Nguyen,+34 673-612-8561
Carlos,Novak,+34 357-491-7564
Mohammed,Martinez,+34 555-628-7581
Lucia,Jones,+1 125-229-1459
Chloe,Nguyen,+81 376-209-7387
Hiroshi,Costa,+33 975-680-2785
Lorenzo,Li,+34 788-876-5869
Yuki,Brown,+86 178-727-9102
Mohammed,Lopez,+86 817-386-1020
Mia,Petrov,+7 431-917-7619
Emma,Williams,+91 234-769-5367
Ahmed,Lopez,+34 642-794-1976
Olga,Johnson,+81 620-481-9093
Oliver,Johnson,+86 111-139-3863
Sofia,Miller,+1 127-102-9574
Ahmed,Abebe,+33 197-546-2288
Oliver,Dubois,+91 460-339-1696
Mia,Singh,+81 801-867-8616
Léa,Bianchi,+81 165-228-2325
Oliver,Johnson,+81 540-646-1712
Mia,Smith,+44 234-377-9339
Ahmed,Rossi,+49 243-143-7093
Aria,Kowalski,+1 378-565-4072
Ananya,Abebe,+7 508-584-3830
Hiroshi,Jones,+91 390-801-7728
Chloe,Abadi,+1 258-671-5291
Mohammed,Lopez,+39 164-682-4207
Jean,Johnson,+86 534-376-7561
Mohammed,Patel,+91 611-392-5755
Fatima,O'Connor,+7 674-991-2549
Nia,Ivanov,+44 481-407-2297
Jean,Popescu,+81 537-354-6908
Liam,Li,+49 703-292-5831
Anastasia,Bianchi,+33 302-359-8673
Ahmed,Dubois,+7 564-402-9526
Wei,Bianchi,+1 233-523-1840
Mateo,Novak,+33 127-779-5555
Priya,Murphy,+7 623-735-7435
Sakura,Okafor,+7 252-329-8814
Hiroshi,Brown,+91 686-574-2553
Sofia,Brown,+34 902-584-6585
Hiroshi,Brown,+44 955-133-4459
Sakura,Kowalski,+44 213-615-1883
Lucia,Kowalski,+44 477-289-5550
Carlos,Kowalski,+33 403-207-1447
Ivan,Johnson,+1 290-669-6232
Ahmed,Williams,+44 444-291-8356
Aria,Lopez,+81 157-650-2865
Sophia,Smith,+49 919-239-8722
Aria,Ivanov,+81 621-746-8899
Giulia,Smith,+86 146-199-3757
Hiroshi,Silva,+34 440-990-9756
Ahmed,Miller,+39 159-121-4237
Sakura,Costa,+33 935-518-5581
Liam,Patel,+33 204-557-3584
Anastasia,Ivanov,+44 631-727-9855
Anastasia,Okafor,+49 479-844-9361
Sofia,Williams,+49 757-983-9280
Nia,Brown,+34 155-820-6416
Aria,Nguyen,+34 189-409-3109
Sakura,O'Connor,+33 101-119-7421
Emma,Brown,+39 924-660-1597
Hiroshi,Nguyen,+86 443-292-8638
Kwame,Lopez,+34 942-735-1641
Sakura,Patel,+39 730-475-8723
Giulia,Popescu,+27 746-558-2096
Sakura,Okafor,+33 831-898-2279
Ava,Garcia,+49 945-561-9086
Carlos,Hernandez,+49 292-224-3522
Chloe,Jones,+91 367-124-2683
Ava,Rossi,+39 478-696-3895
Chloe,Li,+7 359-268-7789
Ahmed,Abadi,+91 815-251-3430
Léa,O'Connor,+91 857-516-2762
Emma,Williams,+91 197-205-6960
Carlos,Rossi,+49 768-854-7245
Mia,Abebe,+7 365-301-6855
Emma,Li,+49 335-230-7409
Emma,Lopez,+91 407-423-6845
Lucia,Patel,+86 384-728-1759
Oliver,Garcia,+86 783-300-3110
Sophia,Kowalski,+27 535-361-1112
Priya,Smith,+44 153-533-2456
Chen,Williams,+27 142-297-7481
Olga,Rossi,+86 263-780-8532
Sophia,Li,+27 106-370-4357
Wei,Kowalski,+86 769-696-6846
Nia,Ibrahim,+44 848-962-9795
Oliver,Williams,+44 123-930-3602
Sofia,Johnson,+7 190-812-7333
Mohammed,Popescu,+33 828-727-6922
Mohammed,Bianchi,+44 820-533-4299
Sofia,Hernandez,+7 846-531-3734
Kwame,Li,+33 223-735-9624
Kwame,Johnson,+81 207-777-7542
Ahmed,Jones,+33 253-885-2649
Aria,Williams,+7 734-552-3950
Lucia,Ivanov,+81 381-937-1113
Emma,Lopez,+86 120-221-8205
Fatima,Ibrahim,+44 245-373-1854
Ava,Johnson,+49 384-157-9867
Emma,Johnson,+44 936-521-8781
Ahmed,Kim,+44 816-458-8300
Mohammed,Abebe,+86 258-871-6766
Ava,Kowalski,+49 680-297-7338
Sofia,Kowalski,+81 338-493-7844
Yuki,Popescu,+81 657-804-6192
Lucia,Li,+34 864-131-2605
Noah,O'Connor,+34 709-472-4783
Priya,Ibrahim,+81 228-270-5666
Ivan,Silva,+27 714-301-3122
Nia,Martinez,+7 390-548-1666
Kwame,Li,+39 630-610-1072
Nia,Garcia,+33 328-722-4007
Noah,Miller,+27 644-157-7844
Nia,Nguyen,+86 356-772-8642
Kwame,Popescu,+86 876-436-5321
Ananya,Smith,+1 615-909-4653
Olga,Garcia,+44 208-732-2552
Giulia,Novak,+91 402-648-4596
Léa,Patel,+39 807-827-3928
Emma,Kowalski,+81 622-670-6191
Ava,Silva,+27 800-153-9504
Nia,Williams,+81 523-328-6505
Chen,Jones,+7 832-126-4409
Lucia,Patel,+27 568-674-6083
Mohammed,Hernandez,+86 864-565-1222
Nia,Miller,+27 557-213-3488
Sofia,Kowalski,+1 684-606-5679
Mia,Popescu,+7 490-709-9493
Giulia,Williams,+33 706-253-8592
Sakura,Abebe,+33 282-472-5368
Priya,Chen,+49 671-912-7020
Carlos,Jones,+39 730-818-9507
Sakura,Rossi,+1 597-360-4477
Wei,Silva,+39 608-595-8227
Fatima,Ibrahim,+33 146-864-5017
Sophia,Dubois,+49 968-171-6053
Emma,Williams,+27 808-943-4931
Carlos,Miller,+81 543-704-6679
Yuki,O'Connor,+86 283-525-3781
Nia,Costa,+49 195-617-7391
Samuel,Nguyen,+33 379-519-7670
Léa,Abebe,+49 899-593-6164
Wei,Popescu,+91 775-884-5580
Sofia,Kim,+44 138-604-5427
Emma,Jones,+86 595-845-6657
Chen,Costa,+39 629-206-6261
Aria,Patel,+39 405-451-7653
Chen,Ibrahim,+86 296-265-9350
Oliver,Hernandez,+86 921-947-6169
Priya,Martinez,+7 459-825-3290
Samuel,Lopez,+49 460-306-7253
Lucia,Costa,+39 472-606-5401
Mateo,Patel,+7 767-614-5710
Ahmed,Li,+86 726-948-8929
Liam,Williams,+91 897-296-4181
Yuki,Dubois,+86 747-679-9144
Lucia,Silva,+7 327-955-8301
Wei,Li,+27 420-921-8648
Fatima,O'Connor,+44 975-882-9610
Nia,Johnson,+91 211-537-9244
Aria,Costa,+49 334-630-6214
Ava,Abadi,+81 673-332-1115
Kwame,Abadi,+1 913-629-3921
Kwame,Brown,+33 678-659-8734
Ivan,Ibrahim,+49 858-896-5083
Sophia,Patel,+27 596-501-1441
Wei,Nguyen,+86 196-605-7178
Samuel,Rossi,+7 961-306-6190
Sophia,Brown,+34 764-491-2813
Ava,Abadi,+34 432-224-3361
Anastasia,Bianchi,+91 917-131-9245
Wei,Johnson,+33 359-347-6549
Ava,Li,+33 182-243-2066
Liam,Singh,+39 808-820-2834
Nia,Chen,+44 892-446-1106
Nia,Hernandez,+1 580-403-2788
Emma,Lopez,+81 375-512-1957
Ivan,Okafor,+34 337-296-1140
Lorenzo,Nguyen,+7 792-146-1106
Sophia,Williams,+44 211-676-7357
Oliver,Miller,+34 693-240-7035
Lorenzo,Abadi,+39 267-244-9865
Yuki,Dubois,+86 885-279-6322
Carlos,Silva,+86 677-741-6810
Fatima,O'Connor,+27 352-854-4228
Yuki,Patel,+86 587-985-2006
Liam,Petrov,+27 106-555-7615
Olga,Murphy,+1 490-317-9429
Samuel,Okafor,+1 860-324-5276
Aria,Smith,+7 101-378-5571
Ivan,Johnson,+34 832-183-3907
Giulia,Murphy,+33 423-421-9942
Mateo,Lopez,+49 649-649-5602
Mateo,Singh,+44 881-567-3619
Liam,Hernandez,+33 873-863-8287
Kwame,Ivanov,+81 911-705-9537
Aria,Abebe,+1 994-692-8539
Anastasia,Brown,+1 206-784-3804
Hiroshi,Jones,+91 182-288-4207
Mia,O'Connor,+91 847-888-1432
Mateo,Popescu,+91 764-508-8794
Lorenzo,Novak,+91 174-102-8905
Emma,Abadi,+1 307-882-3135
Samuel,Dubois,+44 273-810-4328
Ahmed,Chen,+44 206-696-4905
Sophia,O'Connor,+86 509-112-8953
Chen,Dubois,+91 121-310-3734
Samuel,Bianchi,+49 388-677-6954
Léa,Smith,+86 148-876-8549
Lorenzo,Kowalski,+1 846-316-3271
Sakura,Hernandez,+1 674-902-3137
Samuel,Miller,+49 275-420-5019
Priya,Okafor,+44 904-581-4018
Hiroshi,Nguyen,+91 979-401-3973
Oliver,Jones,+44 109-672-3381
Nia,Petrov,+1 929-555-9828
Lorenzo,Patel,+33 144-360-7122
Sakura,Garcia,+91 175-231-8661
Léa,Singh,+81 410-842-3753
Lorenzo,Abebe,+49 408-881-3215
Yuki,Garcia,+34 116-356-9986
Lorenzo,Ibrahim,+7 661-560-3589
Nia,Kim,+34 125-437-7296
Lorenzo,Abebe,+39 281-210-4055
Ananya,Miller,+34 355-175-6150
Liam,Singh,+7 855-206-4182
Anastasia,Li,+34 779-929-6474
Olga,Nguyen,+86 873-993-2237
Sophia,Williams,+49 705-404-2096
Chen,Williams,+39 860-359-9957
Carlos,Williams,+49 736-515-9781
Anastasia,Brown,+49 555-129-1819
Sofia,Miller,+39 609-105-8737
Ananya,Novak,+49 689-849-5693
Lucia,Kowalski,+49 385-138-2088
Hiroshi,Bianchi,+7 750-756-6628
Ahmed,Dubois,+39 902-215-1077
Olga,Costa,+27 774-560-3804
Olga,Abadi,+27 675-255-9350
Yuki,Novak,+34 874-221-3191
Carlos,Okafor,+27 805-103-8098
Yuki,Petrov,+91 338-174-9611
Jean,Bianchi,+49 272-218-9332
Samuel,Rossi,+27 159-995-2674
Sophia,Dubois,+49 545-601-6590
Ananya,O'Connor,+49 105-627-4601
Ananya,Petrov,+44 356-136-5877
Samuel,Nguyen,+34 871-849-8602
Mohammed,Singh,+81 838-876-1697
Léa,Garcia,+49 591-995-7405
Noah,Murphy,+49 794-138-3646
Mateo,Li,+49 116-186-9303
Sophia,Johnson,+34 943-177-3700
Lucia,Jones,+44 627-520-9219
Mohammed,Patel,+34 332-573-3553
Giulia,Popescu,+91 222-870-8478
Fatima,Dubois,+7 129-358-5156
Nia,Williams,+39 585-820-8614
Ava,Brown,+1 864-899-5268
Aria,Ivanov,+34 918-502-1354
Nia,Patel,+1 336-814-5630
Mohammed,Li,+1 789-533-9514
Giulia,Dubois,+1 328-271-3503
Chloe,Martinez,+81 650-856-2676
Fatima,Lopez,+86 588-417-6207
Hiroshi,Rossi,+49 736-449-7361
Jean,Singh,+27 969-759-6992
Ava,Martinez,+27 434-392-4431
Emma,Silva,+7 281-294-4078
Aria,Lopez,+44 513-874-7537
Wei,Miller,+44 317-600-2416
Yuki,Li,+7 406-163-2085
Fatima,Dubois,+34 371-981-4429
Emma,Bianchi,+34 545-573-2947
Lucia,Smith,+39 801-633-4498
Chen,Li,+44 455-487-3496
Sofia,Silva,+34 341-832-5397
Chloe,Silva,+27 618-565-8624
Lorenzo,Jones,+44 834-444-6939
Chen,Smith,+86 339-723-1560
Samuel,Okafor,+7 923-565-5027
Anastasia,Costa,+39 634-591-2591
Jean,Kim,+91 949-242-5483
Noah,Garcia,+33 499-826-6428
Ava,Murphy,+44 245-444-4131
Giulia,Johnson,+81 838-140-3937
Sakura,Martinez,+81 263-236-4265
Lucia,Silva,+81 753-446-7005
Lucia,Bianchi,+91 648-680-5006
Kwame,Williams,+49 435-732-2462
Samuel,Singh,+33 150-638-4286
Emma,Nguyen,+7 778-111-5504
Lorenzo,Johnson,+1 397-470-3054
Nia,Dubois,+7 196-471-3023
Mia,Martinez,+7 366-230-3319
Anastasia,Okafor,+81 734-475-8522
Noah,Williams,+1 220-189-7633
Oliver,Bianchi,+1 161-278-4356
Emma,Miller,+39 298-527-6478
Emma,Okafor,+49 335-252-4326
Yuki,Nguyen,+33 330-770-3657
Lorenzo,Petrov,+44 566-590-9847
Ivan,Brown,+81 889-659-8643
Kwame,Hernandez,+86 197-188-2827
Ahmed,Murphy,+49 721-457-4852
Olga,Brown,+7 468-950-5462
Mohammed,Jones,+81 280-880-9246
Yuki,Dubois,+91 705-155-7244
Ananya,Lopez,+39 828-551-8880
Kwame,Martinez,+33 735-372-4063
Giulia,Garcia,+27 219-307-7961
Lorenzo,Popescu,+39 651-479-4902
Mateo,Dubois,+27 946-486-4694
Liam,Chen,+27 358-211-6695
Oliver,Silva,+1 981-740-2050
Mia,Silva,+33 707-368-9294
Sakura,Silva,+81 781-987-8156
Oliver,Hernandez,+39 183-856-7171
Ananya,Rossi,+39 958-403-5945
Yuki,O'Connor,+27 441-154-2467
Chloe,Ivanov,+34 389-914-9393
Nia,Miller,+33 432-727-8967
Nia,Bianchi,+33 606-180-4607
Mia,Murphy,+86 167-722-2604
Priya,Rossi,+34 885-713-1199
Yuki,Chen,+91 356-571-9653
Aria,Rossi,+1 148-668-2655
Yuki,Petrov,+39 863-114-2999
Lucia,Ibrahim,+81 316-476-6946
Ava,Miller,+91 245-208-4089
Chen,Ivanov,+34 381-777-9897
Yuki,Patel,+7 920-626-9957
Ananya,Dubois,+81 458-795-3569
Kwame,Okafor,+1 777-591-3501
Wei,Dubois,+44 351-664-2741
Ivan,Dubois,+86 901-876-1426
Yuki,Kowalski,+91 820-252-9389
Lorenzo,Ibrahim,+81 383-603-7738
Wei,Abadi,+34 218-384-3283
Lucia,Patel,+34 217-837-8259
Sophia,Popescu,+44 539-502-5413
Sakura,Dubois,+1 613-840-6206
Lucia,Lopez,+1 284-428-4715
Samuel,O'Connor,+7 623-459-5605
Nia,Singh,+33 465-228-2807
Chen,Li,+1 474-992-4890
Jean,Johnson,+34 702-810-5430
Noah,Okafor,+1 371-707-9217
Oliver,Smith,+49 192-694-7325
Ava,Rossi,+44 625-884-8130
Samuel,Johnson,+27 429-205-3633
Giulia,Novak,+81 856-128-2580
Noah,Garcia,+33 559-336-6502
Mateo,Miller,+1 299-864-5115
Ivan,Kim,+1 476-232-7975
Ananya,Johnson,+7 169-672-7882
Chloe,Okafor,+27 394-575-6053
Wei,Williams,+91 506-980-5544
Lucia,Abebe,+27 410-454-3511
Anastasia,Murphy,+81 285-791-8899
Olga,Lopez,+1 464-141-6372
Olga,Costa,+7 446-215-4145
Anastasia,O'Connor,+81 824-424-2726
Mia,Li,+86 989-908-8825
Chloe,Rossi,+44 243-910-2847
Léa,Abadi,+39 194-725-7166
Ananya,Nguyen,+34 827-635-4876
Emma,Williams,+34 501-641-4789
Priya,Silva,+27 811-356-6685
Oliver,Abebe,+1 473-517-1652
Aria,O'Connor,+91 304-969-6851
Nia,Miller,+86 435-448-7547
Nia,Kowalski,+49 267-430-9392
Fatima,Popescu,+81 275-468-1211
Ananya,Abebe,+49 846-466-9275
Hiroshi,Garcia,+44 827-960-5417
Sophia,Williams,+7 947-512-3748
Sophia,Lopez,+91 258-170-1970
Sakura,Costa,+7 657-410-7097
Fatima,Brown,+27 610-165-3386
Sakura,Patel,+1 592-763-1407
Nia,O'Connor,+34 222-587-9511
Giulia,Patel,+33 136-546-2781
Jean,Patel,+1 139-686-6880
Chen,Okafor,+33 763-778-2983
Ivan,O'Connor,+7 861-587-1293
Noah,Kim,+7 328-433-3727
Anastasia,Rossi,+44 357-857-2571
Yuki,Lopez,+86 173-873-8819
Yuki,Singh,+39 239-730-4681
Yuki,Johnson,+86 931-690-7962
Giulia,Costa,+86 145-117-6762
Mohammed,Singh,+91 616-550-6756
Jean,Bianchi,+39 287-858-8004
Carlos,Ibrahim,+1 844-349-7755
Liam,Jones,+44 627-545-5030
Chen,Singh,+27 820-282-9734
Kwame,Li,+7 776-559-8931
Oliver,Johnson,+27 872-344-6455
Liam,Martinez,+44 620-439-1748
Mohammed,Kim,+33 414-736-3417
Chloe,Lopez,+81 611-750-7488
Mateo,Hernandez,+27 416-908-3830
Mohammed,Dubois,+1 804-605-2071
Emma,Chen,+91 593-286-3114
Noah,Abadi,+33 759-135-5506
Yuki,Hernandez,+81 382-979-8900
Chloe,Chen,+34 727-932-5254
Hiroshi,Abebe,+39 770-998-2707
Anastasia,Bianchi,+91 295-469-2608
Mohammed,Williams,+86 961-653-2809
Lucia,Bianchi,+1 445-844-7539
Chen,Williams,+1 793-746-9305
Mohammed,Jones,+33 475-920-1177
Hiroshi,Costa,+44 401-156-8314
Kwame,Novak,+7 294-510-9762
Chen,Okafor,+81 151-447-5749
Sofia,Rossi,+27 748-317-2349
Chloe,Williams,+27 117-769-7271
Anastasia,O'Connor,+49 970-651-3305
Mohammed,O'Connor,+44 246-527-9082
Sofia,Okafor,+1 747-453-1483
Aria,Jones,+33 982-135-6585
Lorenzo,Martinez,+49 547-825-1413
Olga,Singh,+34 388-135-9111
Priya,Johnson,+1 243-906-8658
Olga,Jones,+34 818-201-2337
Sakura,Dubois,+27 946-604-7078
Fatima,Kim,+34 715-689-7076
Sakura,Smith,+86 264-860-4791
Sofia,Abadi,+1 857-593-4584
Noah,Abadi,+39 470-746-6381
Sophia,Martinez,+39 135-624-8508
Oliver,Dubois,+86 420-939-6974
Noah,Li,+1 928-419-8585
Chloe,Martinez,+91 904-104-4828
Samuel,Li,+33 352-183-5251
Jean,Petrov,+44 524-200-4504
Aria,Abebe,+34 313-347-3335
Sofia,Costa,+44 553-411-4777
Olga,Silva,+34 334-467-7960
Mohammed,Kim,+33 876-722-2966
Mohammed,Bianchi,+49 756-621-8822
Anastasia,Bianchi,+33 765-155-7887
Priya,Hernandez,+86 909-867-9061
Mia,Kowalski,+49 984-912-6791
Léa,Novak,+86 580-231-4189
Liam,Jones,+7 492-365-8623
Yuki,Li,+7 891-236-9927
Emma,Silva,+34 821-239-5831
Jean,Kowalski,+91 621-284-7640
Anastasia,Garcia,+33 158-332-5591
Mohammed,Hernandez,+7 453-193-8253
Kwame,Jones,+1 340-244-6020
Noah,Li,+1 788-287-9260
Priya,Silva,+49 562-326-7723
Chloe,Li,+39 976-438-7959
Giulia,Patel,+91 643-562-5421
Chloe,Smith,+27 400-280-2091
Mateo,Martinez,+49 755-962-6795
Aria,Okafor,+49 809-422-6625
Emma,Ivanov,+7 449-414-6833
Sofia,Bianchi,+44 208-577-4144
Noah,Ibrahim,+39 253-190-7922
Lorenzo,Murphy,+34 183-240-1847
Aria,Smith,+81 905-140-6993
Wei,Abebe,+27 882-231-8851
Fatima,Johnson,+81 407-242-9888
Samuel,Hernandez,+81 914-168-1047
Ava,Johnson,+81 912-706-7821
Mateo,Garcia,+39 868-711-3588
Liam,Ibrahim,+33 894-169-5227
Nia,Williams,+49 312-512-4059
Sakura,Martinez,+34 350-294-9168
Carlos,Silva,+44 961-544-2014
Aria,Abebe,+91 841-433-8566
Lucia,Kim,+44 253-560-6839
Ivan,Garcia,+1 700-876-2544
Giulia,Martinez,+91 154-780-9104
Carlos,Bianchi,+27 357-454-7074
Yuki,Costa,+27 958-654-3188
Hiroshi,Murphy,+81 800-525-3080
Oliver,Kowalski,+34 296-997-8725
Anastasia,Kowalski,+44 880-112-5715
Lucia,Smith,+27 310-882-2286
Liam,Li,+81 920-116-4950
Ava,Garcia,+86 640-529-3203
Lorenzo,Ibrahim,+91 845-484-2364
Lucia,Jones,+7 368-431-7475
Lorenzo,Petrov,+86 797-607-6421
Emma,Abebe,+39 875-306-3031
Olga,Brown,+27 877-205-9832
Carlos,Nguyen,+7 692-556-3772
Liam,Li,+33 944-445-7791
Liam,Kowalski,+7 467-150-2429
Ananya,Silva,+86 397-567-2415
Giulia,Ibrahim,+1 873-308-5495
Noah,Williams,+81 393-324-6941
Chloe,Jones,+27 869-762-9606
Mia,Miller,+34 272-991-3167
Sophia,Nguyen,+39 488-738-5702
Samuel,Li,+33 119-488-1949
Sakura,Kim,+7 628-811-1739
Emma,Kowalski,+27 864-345-2906
Olga,O'Connor,+39 861-120-8210
Carlos,Martinez,+81 357-389-7668
Hiroshi,Chen,+44 282-626-3474
Oliver,Chen,+91 833-545-1188
Giulia,Abebe,+39 134-940-2042
Chen,Ivanov,+44 471-764-1145
Mohammed,Smith,+86 847-557-4477
Olga,Kowalski,+33 857-379-5229
Chen,Dubois,+39 804-833-7186
Liam,Rossi,+91 957-810-6135
Carlos,Li,+81 366-591-6880
Samuel,Williams,+49 392-875-8737
Ananya,Brown,+86 404-761-4532
Lorenzo,Miller,+39 880-581-7538
Liam,Johnson,+86 546-290-1482
Giulia,Smith,+86 196-357-3721
Chen,Petrov,+27 656-575-3375
Kwame,Petrov,+44 779-535-5933
Ava,Rossi,+81 412-626-2703
Yuki,O'Connor,+91 453-760-2950
Samuel,Smith,+33 137-885-4943
Sakura,Kim,+7 445-230-6606
Chloe,Johnson,+7 462-264-2818
Yuki,Novak,+1 906-225-4025
Olga,Ivanov,+33 565-405-6689
Priya,Patel,+7 615-224-2055
Aria,Costa,+7 391-155-7470
Chen,Dubois,+91 681-738-7389
Oliver,Patel,+86 603-429-7470
Sakura,Petrov,+7 670-338-4046
Mohammed,Johnson,+34 274-554-1880
Ivan,Bianchi,+86 589-390-1879
Lorenzo,Miller,+44 844-836-1221
Liam,Johnson,+34 866-205-8939
Kwame,Brown,+34 468-248-5436
Yuki,Jones,+1 667-112-6964
Olga,Silva,+7 131-753-9325
Sakura,Miller,+34 117-649-4693
Mia,Costa,+33 861-454-2787
Chen,Johnson,+49 818-612-9246
Olga,Patel,+34 561-313-1429
Chen,Chen,+81 336-567-5496
Jean,Nguyen,+1 739-873-6161
Carlos,Brown,+1 564-466-4449
Sophia,Nguyen,+1 740-569-8964
Lorenzo,Costa,+33 349-359-9616
Ahmed,Kowalski,+1 953-877-3352
Sakura,Hernandez,+7 961-626-3551
Ivan,Rossi,+44 921-221-9744
Carlos,Chen,+81 278-844-1779
Sophia,Silva,+7 832-262-1891
Liam,Rossi,+34 562-480-9867
Wei,Kowalski,+34 233-954-9332
Samuel,Miller,+91 104-986-4205
Fatima,Miller,+86 513-200-5814
Ananya,Dubois,+81 380-726-3778
Mohammed,Kowalski,+81 974-224-4931
Nia,Petrov,+34 725-688-7636
Sophia,Rossi,+1 501-714-9262
Lorenzo,Novak,+81 602-456-9382
Ava,Miller,+44 162-618-3447
Olga,Silva,+91 929-927-2648
Ivan,Kowalski,+39 402-123-5978
Ananya,Miller,+44 528-443-2306
Sofia,Okafor,+81 340-744-9181
Ananya,Lopez,+1 666-682-8853
Hiroshi,Smith,+81 874-924-5535
Kwame,Dubois,+91 285-708-7764
Sophia,Ivanov,+91 685-888-1572
Emma,Williams,+1 609-293-9746
Wei,Ivanov,+49 896-191-1143
Jean,Kim,+7 536-345-1545
Lucia,Miller,+44 276-623-4569
Liam,Li,+44 743-457-2485
Olga,Patel,+39 136-745-1691
Giulia,Jones,+34 748-987-8545
Yuki,Johnson,+27 791-905-1188
Noah,Johnson,+91 574-178-1149
Oliver,Popescu,+44 132-410-2930
Carlos,Smith,+86 830-456-7998
Jean,Abebe,+86 793-253-8529
Ava,Ivanov,+33 377-171-5838
Hiroshi,Chen,+34 307-191-9241
Liam,Chen,+39 809-267-4756
Ahmed,Costa,+27 299-339-2322
Ananya,Novak,+34 682-692-6567
Mohammed,Smith,+34 205-489-7691
Hiroshi,Chen,+49 969-175-9540
Mia,Novak,+49 855-743-1929
Lucia,Silva,+1 628-485-8817
Samuel,Costa,+49 101-442-3129
Wei,Jones,+81 749-607-6089
Olga,Kim,+27 904-458-4350
Anastasia,Kim,+44 902-513-3965
Lucia,Petrov,+39 566-967-8186
Chloe,Dubois,+27 295-763-9354
Yuki,Brown,+81 154-647-5079
Noah,Ivanov,+33 716-381-1870
Noah,Hernandez,+81 103-737-3565
Ava,Chen,+27 292-786-9736
Lorenzo,Ivanov,+44 760-374-1806
Emma,Williams,+33 954-362-7241
Mohammed,Singh,+7 336-411-5109
Aria,Miller,+33 300-738-1624
Sofia,Okafor,+39 161-570-7487
Hiroshi,Smith,+91 985-459-2473
Samuel,Okafor,+33 660-574-8446
Mia,Abadi,+91 571-223-9929
Giulia,Novak,+34 157-650-1738
Priya,Dubois,+1 234-978-1696
Sofia,Johnson,+7 101-857-4485
Anastasia,Martinez,+7 313-141-7736
Olga,Kim,+49 711-688-3854
Ava,Miller,+39 560-264-8540
Chen,Bianchi,+27 803-967-8644
Sakura,Chen,+86 390-995-6729
Yuki,Dubois,+7 208-974-5035
Mohammed,Chen,+86 799-508-2728
Ava,Bianchi,+91 131-996-1785
Ahmed,Li,+86 323-382-5815
Ivan,Garcia,+27 133-267-9747
Mohammed,Petrov,+7 380-939-7656
Sakura,Rossi,+44 488-886-9455
Ahmed,Singh,+34 533-246-3676
Nia,Williams,+49 796-343-3971
Aria,Ivanov,+34 361-238-5604
Noah,Petrov,+33 362-390-9727
Lucia,Dubois,+27 860-575-2660
Jean,Bianchi,+34 986-942-2324
Priya,Dubois,+1 613-951-9917
Yuki,Williams,+91 346-551-2085
Liam,Miller,+81 849-480-2543
Giulia,Silva,+33 811-213-3463
Sakura,Hernandez,+27 691-760-1455
Chen,Williams,+34 331-300-7811
Yuki,Silva,+34 110-350-2290
Sakura,Smith,+49 286-434-1358
Chloe,Garcia,+1 904-563-2026
Mia,Lopez,+49 854-503-4989
Mia,Novak,+49 737-223-8309
Ahmed,Dubois,+39 593-652-4658
Emma,Li,+39 775-970-5142
Lucia,Murphy,+33 114-718-6728
Wei,Miller,+91 679-787-3541
Yuki,Smith,+27 611-750-4627
Giulia,Lopez,+34 271-792-1873
Chloe,Novak,+49 416-964-6346
Kwame,Abebe,+81 816-595-7502
Lucia,Nguyen,+86 424-156-9793
Wei,Okafor,+81 457-512-6233
Oliver,Okafor,+1 562-870-4687
Oliver,Kim,+33 234-418-6942
Sakura,Hernandez,+81 606-622-3797
Ivan,Dubois,+44 862-428-1301
Carlos,Jones,+86 102-598-4376
Sakura,Ivanov,+33 870-551-8738
Mateo,Martinez,+33 922-555-1069
Sofia,Abebe,+1 436-139-5744
Mohammed,Nguyen,+7 129-558-6846
Yuki,Hernandez,+91 240-212-8109
Mohammed,Smith,+33 457-526-2563
Chen,Nguyen,+86 772-421-7778
Ivan,Petrov,+1 537-213-7731
Nia,Abebe,+44 914-379-3370
Ananya,Singh,+81 698-647-5033
Jean,Nguyen,+34 709-468-5041
Carlos,Okafor,+39 839-823-6327
Lucia,Dubois,+27 400-120-4521
Ahmed,Smith,+34 856-696-9317
Aria,Silva,+39 353-891-3901
Fatima,Ivanov,+91 630-377-6592
Oliver,Li,+1 602-427-4404
Kwame,Nguyen,+44 900-509-8474
Ananya,Hernandez,+81 871-351-3494
Fatima,Rossi,+39 917-880-6191
Oliver,Costa,+1 571-496-3590
Ava,Kim,+7 357-558-6811
Lorenzo,Kim,+39 110-914-5400
Nia,Brown,+49 955-310-6996
Mohammed,Chen,+86 162-220-8282
Samuel,Smith,+1 505-967-4735
Léa,Bianchi,+39 417-566-4069
Ananya,Hernandez,+1 789-802-4089
Emma,Smith,+7 325-658-7517
Ava,Li,+44 681-764-5304
Chloe,Abadi,+49 919-280-3829
Sophia,O'Connor,+91 117-731-6202
Liam,Silva,+7 479-727-4205
Sakura,O'Connor,+34 288-804-3651
Mateo,Nguyen,+27 903-139-9992
Ahmed,Nguyen,+49 792-799-5121
Jean,Singh,+86 433-182-1734
Samuel,Patel,+91 348-631-6721
Wei,Smith,+1 250-976-6312
Fatima,Kowalski,+44 159-856-7904
Ahmed,Costa,+27 128-729-7259
Wei,Ibrahim,+39 256-810-2898
Carlos,Patel,+27 429-974-1373
Chloe,Ibrahim,+27 926-572-6169
Liam,Singh,+49 393-758-4780
Mia,Hernandez,+49 501-540-4342
Mohammed,Okafor,+1 604-464-9063
Lucia,Chen,+86 262-126-5547
Chen,Costa,+27 559-233-3356
Mia,Singh,+27 348-849-8634
Ava,Ibrahim,+44 298-740-9881
Lucia,Petrov,+91 437-248-4985
Sakura,Novak,+33 898-139-2687
Lucia,O'Connor,+39 358-931-9098
Ananya,Miller,+27 518-853-1415
Samuel,Singh,+39 364-994-8735
Liam,Li,+33 198-460-3887
Liam,Jones,+33 441-618-3907
Sophia,Lopez,+7 506-588-9390
Noah,Hernandez,+33 381-744-1248
Olga,Ivanov,+1 525-716-6560
Mohammed,Bianchi,+86 670-464-6975
Kwame,Silva,+44 599-485-6985
Léa,Kim,+33 241-945-8576
Ava,Singh,+44 433-494-4602
Kwame,Okafor,+27 751-500-1857
Carlos,Johnson,+7 715-257-2920
Nia,Dubois,+86 934-657-6511
Sofia,Abebe,+86 664-146-4717
Carlos,Williams,+33 817-682-6900
Sakura,Jones,+39 379-516-9587
Hiroshi,Singh,+91 625-798-6703
Hiroshi,Abadi,+91 405-892-8860
Kwame,Abadi,+1 430-206-9594
Kwame,Smith,+91 313-996-3250
Mateo,Petrov,+7 415-297-4354
Mia,Hernandez,+39 169-203-6095
Samuel,Dubois,+91 732-262-4772
Noah,Bianchi,+33 911-982-2968
Chloe,Abebe,+33 388-508-2881
Emma,O'Connor,+81 495-666-5732
Sophia,Novak,+81 975-207-3597
Kwame,Nguyen,+86 212-609-8060
Lorenzo,Ibrahim,+1 816-717-6561
Chen,Bianchi,+81 362-510-2779
Wei,Okafor,+34 236-829-7017
Lorenzo,Kowalski,+49 678-437-3818
Giulia,Kim,+49 502-281-2052
Ivan,Rossi,+7 502-154-5383
Nia,Abebe,+39 511-588-7115
Ahmed,Bianchi,+1 408-503-1986
Emma,Dubois,+1 462-149-1915
Aria,Abebe,+81 850-941-5292
Carlos,Novak,+27 574-277-5704
Léa,Nguyen,+86 925-487-3660
Olga,Costa,+91 956-715-6867
Nia,Singh,+81 980-977-1851
Chloe,Jones,+27 846-693-4941
Jean,Jones,+91 414-702-5629
Fatima,Ibrahim,+49 988-253-1388
Lucia,Brown,+49 916-540-8953
Olga,Murphy,+27 978-599-1532
Kwame,Lopez,+44 319-565-2541
Emma,Ivanov,+34 868-351-9812
Samuel,Brown,+33 481-903-4930
Liam,Chen,+34 564-635-3370
Lorenzo,Abadi,+34 776-311-3451
Liam,Martinez,+27 682-490-7300
Anastasia,Novak,+49 689-300-7678
Ava,Singh,+44 159-766-1675
Wei,Bianchi,+7 570-309-7626
Priya,Chen,+44 991-171-8009
Giulia,Okafor,+27 469-648-8813
Lorenzo,Popescu,+81 102-636-3836
Léa,Okafor,+39 955-575-6373
Mia,Patel,+7 534-599-1574
Anastasia,Martinez,+86 638-197-5831
Liam,Chen,+39 463-643-8442
Ananya,Novak,+1 193-887-7249
Nia,Williams,+91 283-191-5458
Aria,Hernandez,+27 146-197-4142
Ava,Patel,+81 209-181-2727
Giulia,Petrov,+49 328-364-8870
Aria,Garcia,+86 349-274-4231
Ahmed,Smith,+86 690-718-3796
Ahmed,Silva,+7 567-637-8963
Chloe,Dubois,+39 530-996-2876
Ava,Abadi,+27 779-185-3705
Lorenzo,Costa,+1 223-448-7457
Sophia,Ibrahim,+27 286-788-3209
Ananya,Petrov,+33 922-508-4677
Ananya,Brown,+27 930-568-7262
Nia,Dubois,+44 425-259-6023
Léa,Nguyen,+1 483-826-4810
Sophia,Novak,+91 931-828-2855
Nia,Singh,+91 364-991-8737
Chen,Brown,+1 990-426-7379
Emma,Kowalski,+33 245-457-5622
Lorenzo,Williams,+81 848-248-1061
Lorenzo,Ivanov,+34 820-436-5235
Mohammed,Li,+91 146-794-8530
Sofia,Petrov,+86 191-842-3039
Mateo,Nguyen,+34 663-356-5203
Mateo,Jones,+39 496-121-1821
Wei,Li,+44 391-813-2855
Ananya,Ivanov,+91 825-540-2396
Sofia,Murphy,+91 586-705-7515
Hiroshi,Singh,+39 659-831-1404
Jean,Brown,+49 665-608-4779
Ava,Costa,+27 344-328-2222
Oliver,Lopez,+34 436-981-9714
Nia,Bianchi,+49 218-550-5229
Ivan,Petrov,+44 723-505-9719
Emma,Martinez,+39 618-926-4477
Priya,Nguyen,+44 194-713-4457
Nia,Garcia,+44 576-275-4946
Carlos,Jones,+81 132-436-4525
Mohammed,Hernandez,+27 444-356-2625
Ivan,Ibrahim,+1 756-987-7501
Sophia,Ivanov,+27 436-488-3918
Wei,Kowalski,+44 507-766-3828
Fatima,Rossi,+86 867-559-3698
Samuel,Miller,+34 141-808-4998
Lucia,Smith,+44 386-935-8406
Priya,Lopez,+34 638-704-6556
Samuel,Kowalski,+27 778-313-2147
Kwame,Hernandez,+33 424-883-9466
Yuki,Garcia,+49 924-410-4032
Sakura,Ibrahim,+44 208-540-4693
Carlos,Johnson,+7 301-199-7095
Noah,Silva,+86 823-878-8294
Ahmed,Singh,+49 846-831-1147
Olga,Patel,+91 846-535-1175
Jean,Costa,+44 721-963-3759
Mateo,Okafor,+91 113-882-9755
Olga,Novak,+49 769-136-7442
Sofia,Williams,+39 145-732-8407
Hiroshi,Brown,+49 595-929-2065
Carlos,Williams,+34 378-978-4303
Sakura,Nguyen,+1 254-466-7343
Carlos,Johnson,+34 707-766-6126
Kwame,Rossi,+39 425-715-2924
Fatima,Abadi,+33 625-839-1406
Kwame,Ibrahim,+33 761-714-4332
Sakura,Smith,+27 287-619-2588
Ava,Petrov,+49 848-193-5977
Chloe,Dubois,+81 232-650-5905
Oliver,Abadi,+1 317-338-7690
Sofia,Bianchi,+1 144-875-5322
Hiroshi,O'Connor,+27 468-704-6670
Mateo,Bianchi,+33 738-802-9159
Nia,Li,+33 177-707-5731
Hiroshi,Abadi,+34 324-794-7282
Nia,Smith,+49 802-812-3926
Ahmed,Nguyen,+44 385-888-9235
Mohammed,Chen,+81 962-801-5906
Mia,Miller,+27 986-717-4462
Ivan,Smith,+49 310-335-9674
Nia,O'Connor,+34 754-328-9715
Lucia,Petrov,+39 142-779-2323
Léa,Dubois,+27 480-689-2755
Olga,Nguyen,+49 914-272-5699
Jean,Bianchi,+81 433-627-2431
Lucia,Silva,+7 731-845-9596
Olga,Nguyen,+39 167-256-8436
Léa,Jones,+34 829-720-4118
Aria,Kim,+7 618-148-5095
Ananya,Petrov,+91 350-271-3599
Jean,Nguyen,+81 861-573-5853
Oliver,Smith,+81 213-181-2265
Aria,Dubois,+1 915-840-3550
Samuel,Kim,+1 442-639-9936
Mateo,Abebe,+39 242-152-1628
Mateo,Smith,+1 183-986-4446
Priya,Singh,+91 161-504-7825
Mia,Ivanov,+34 297-492-7982
Ananya,Ibrahim,+91 602-121-7256
Lucia,Hernandez,+39 798-904-8531
Fatima,Petrov,+81 879-994-9963
Mohammed,Nguyen,+49 978-268-6737
Ivan,Martinez,+44 728-473-9057
Wei,Garcia,+27 313-345-2697
Ahmed,Hernandez,+27 784-124-2021
Sofia,O'Connor,+1 918-986-5107
Mohammed,Abadi,+91 675-817-5382
Carlos,Kowalski,+44 963-220-1560
Kwame,Popescu,+33 163-859-8474
Léa,Chen,+39 100-202-1497
Olga,Lopez,+1 609-953-7762
Yuki,Li,+44 951-306-3932
Samuel,Rossi,+49 642-197-6168
Fatima,Lopez,+86 129-255-8498
Chen,Chen,+39 725-472-4468
Ahmed,Costa,+7 974-797-1833
Emma,Johnson,+7 541-691-8842
Olga,Novak,+44 342-497-7385
Hiroshi,Lopez,+1 424-206-2706
Liam,Martinez,+7 191-909-9495
Mohammed,Popescu,+34 466-982-7848
Olga,Novak,+27 716-397-8737
Léa,Williams,+34 768-522-1136
Mateo,Williams,+39 776-847-2847
Lorenzo,Nguyen,+1 232-722-7332
Ivan,Abebe,+39 872-949-5551
Yuki,Rossi,+27 355-297-7521
Oliver,Miller,+1 777-926-6004
Carlos,Lopez,+44 101-808-2935
Liam,Silva,+44 293-955-3312
Emma,Bianchi,+1 976-181-7846
Lorenzo,Chen,+33 562-485-3811
Ivan,Ivanov,+27 907-220-7780
Wei,Lopez,+86 509-372-2283
Chen,Jones,+81 223-879-3368
Anastasia,Ibrahim,+91 745-349-9082
Samuel,Nguyen,+39 166-770-8894
Yuki,Singh,+1 445-913-7646
Sakura,Nguyen,+39 687-543-8552
Chen,Chen,+39 281-637-2788
Noah,Patel,+44 438-725-4987
Mia,Dubois,+27 379-423-1739
Ivan,Smith,+86 465-633-8466
Mohammed,Costa,+81 218-511-7055
Samuel,Garcia,+81 902-708-3128
Mateo,Jones,+34 632-780-3425
Aria,Costa,+7 624-953-3980
Ananya,Hernandez,+39 283-386-3118
Olga,Abadi,+91 263-170-6880
Hiroshi,Costa,+34 137-826-5593
Oliver,Novak,+34 805-250-6109
Chen,Dubois,+81 121-872-2647
Nia,Jones,+34 369-371-3379
Fatima,Patel,+34 922-486-5033
Sofia,Petrov,+44 942-975-6435
Giulia,Lopez,+44 482-903-6261
Carlos,Kowalski,+27 611-226-8144
Noah,Garcia,+34 850-350-6513
Emma,Singh,+27 493-244-1406
Ananya,Dubois,+1 923-796-7963
Giulia,Kowalski,+34 910-330-7649
Aria,Smith,+7 112-269-2298
Jean,Singh,+81 459-628-3988
Mateo,Petrov,+86 972-873-6313
Mateo,Singh,+44 467-937-4874
Fatima,O'Connor,+1 339-628-4365
Sofia,Bianchi,+49 743-688-5517
Mateo,Kim,+27 564-764-8934
Mateo,Abebe,+7 975-699-7100
Mia,Ivanov,+91 585-269-1997
Mateo,Smith,+7 146-323-3808
Sakura,Singh,+1 966-318-1375
Yuki,Jones,+1 230-504-2727
Chloe,Silva,+81 456-185-5328
Hiroshi,Garcia,+81 169-923-4713
Wei,Singh,+49 803-757-3960
Emma,Costa,+7 799-787-7471
Olga,Novak,+44 839-368-8298
Mia,Smith,+86 630-571-2701
Mohammed,Jones,+7 655-927-1567
Oliver,Dubois,+49 702-697-8385
Chloe,Martinez,+91 168-306-3655
Ahmed,Garcia,+7 817-334-1129
Lorenzo,Okafor,+86 640-627-5011
Yuki,Lopez,+39 418-404-7837
Lorenzo,Ibrahim,+91 940-620-6966
Anastasia,Ivanov,+34 221-933-2029
Hiroshi,Li,+33 441-854-4152
Fatima,Lopez,+33 782-380-4327
Kwame,Bianchi,+81 226-581-2689
Wei,O'Connor,+39 896-904-9537
Wei,Costa,+49 726-970-1612
Chloe,O'Connor,+49 182-572-6869
Jean,Smith,+33 893-519-8856
Oliver,Ivanov,+49 780-123-7782
Nia,Hernandez,+81 426-580-3366
Ahmed,Brown,+33 333-730-6012
Samuel,Kim,+7 772-892-8664
Fatima,O'Connor,+33 747-654-2201
Léa,Petrov,+34 956-157-1227
Ahmed,Jones,+86 653-291-4044
Sofia,Singh,+27 521-217-7443
Chen,Nguyen,+44 753-484-1598
Giulia,Chen,+49 835-742-7799
Olga,Singh,+86 579-943-2526
Emma,Patel,+27 506-786-9627
Ahmed,Abadi,+7 343-158-8208
Yuki,Murphy,+44 672-110-9214
Giulia,Miller,+91 920-629-1816
Hiroshi,Ibrahim,+33 439-724-7974
Sophia,Garcia,+44 751-854-6384
Sofia,Chen,+27 101-166-3637
Chen,Novak,+1 449-940-5457
Oliver,Silva,+81 749-156-9363
Lucia,Jones,+1 209-400-2700
Ivan,Popescu,+86 490-978-6066
Chloe,Nguyen,+39 547-617-2490
Mia,Singh,+7 175-913-6583
Liam,Hernandez,+49 915-368-3625
Olga,Kowalski,+1 259-830-6235
Ahmed,Kowalski,+44 685-710-8429
Anastasia,Rossi,+49 584-816-9167
Giulia,O'Connor,+81 621-986-1973
Sophia,Rossi,+91 373-947-4513
Sofia,Ibrahim,+91 402-959-6795
Oliver,Garcia,+39 399-178-8765
Ahmed,Miller,+91 666-833-6101
Mateo,Popescu,+7 656-342-2012
Wei,Bianchi,+34 294-186-7110
Ahmed,Abebe,+27 455-205-3678
Emma,Petrov,+39 904-696-5225
Lucia,Popescu,+86 125-462-8298
Oliver,Hernandez,+49 361-172-3362
Ahmed,Williams,+86 447-753-4784
Aria,Williams,+27 807-302-7728
Samuel,Kowalski,+1 944-374-9826
Chloe,Martinez,+91 878-569-4562
Lorenzo,Jones,+49 984-262-7852
Samuel,Smith,+27 131-560-7076
Carlos,Smith,+39 636-381-7204
Nia,Singh,+44 193-682-1954
Mia,Okafor,+49 732-511-7944
Carlos,Novak,+39 357-390-5552
Mateo,Chen,+44 809-663-7967
Giulia,Brown,+91 856-553-3264
Chen,Ibrahim,+44 134-619-2095
Ananya,Petrov,+81 104-876-5316
Mia,Brown,+7 464-861-4309
Anastasia,Silva,+7 778-622-4574
Yuki,Johnson,+39 897-799-8881
Lucia,Okafor,+81 784-945-7849
Wei,Brown,+34 638-983-9943
Mateo,Costa,+86 597-405-1401
Mohammed,Miller,+34 702-489-7542
Lucia,Garcia,+81 718-147-4654
Mohammed,Ibrahim,+34 922-447-3254
Oliver,Kim,+44 469-436-1998
Kwame,Johnson,+34 159-595-2086
Chen,Kim,+86 454-619-5534
Emma,Johnson,+7 158-699-4986
Olga,Ibrahim,+81 602-142-8608
Priya,O'Connor,+81 221-463-6960
Kwame,Garcia,+33 527-292-4889
Sofia,Nguyen,+34 288-388-4013
Olga,Brown,+81 984-843-5284
Fatima,Dubois,+33 329-126-2991
Hiroshi,Miller,+86 695-227-4467
Lucia,Costa,+44 500-909-2466
Chloe,Rossi,+34 481-351-1521
Chen,Silva,+44 517-823-4860
Fatima,Williams,+81 148-254-4459
Yuki,O'Connor,+49 282-744-3026
Samuel,Petrov,+7 175-927-5588
Priya,Johnson,+49 835-481-9446
Priya,Abebe,+33 185-801-2524
Ahmed,Miller,+33 550-329-4881
Sophia,Petrov,+33 693-977-4255
Carlos,Garcia,+27 488-494-9996
Lorenzo,Miller,+1 155-198-9606
Nia,Costa,+39 748-465-7826
Chloe,Jones,+7 993-441-6184
Fatima,Hernandez,+49 884-571-6642
Anastasia,Bianchi,+44 913-708-4104
Olga,Jones,+7 750-283-1648
Sofia,Garcia,+49 274-475-6575
Samuel,Murphy,+34 130-695-8697
Nia,Popescu,+86 458-615-2746
Mateo,Lopez,+39 497-727-4162
Fatima,Jones,+33 153-180-3735
Lorenzo,Abebe,+49 380-178-6009
Noah,Li,+33 889-203-9314
Liam,Bianchi,+81 931-277-7300
Emma,Murphy,+49 435-928-4560
Noah,Brown,+91 817-676-9986
Liam,Martinez,+91 845-999-1166
Aria,Martinez,+39 736-603-1364
Sofia,Johnson,+34 214-422-3374
Noah,Bianchi,+33 143-569-7193
Yuki,Lopez,+34 538-473-5015
Sofia,Williams,+86 377-403-8741
Kwame,Li,+27 587-218-7735
Wei,Silva,+44 763-961-6062
Lucia,Chen,+44 975-452-3995
Ivan,Singh,+27 344-253-7381
Olga,Nguyen,+33 771-785-8260
Yuki,Garcia,+39 554-699-5225
Jean,Kim,+91 851-390-4589
Mateo,Silva,+39 716-419-9764
Aria,Rossi,+91 596-774-4397
Carlos,Garcia,+49 132-683-3491
Mia,Johnson,+34 618-720-2545
Sofia,Nguyen,+86 522-433-4526
Oliver,Petrov,+1 409-188-8566
Lorenzo,Lopez,+39 872-386-1614
Nia,Lopez,+34 830-849-5991
Anastasia,Williams,+1 751-507-6355
Lucia,Kim,+49 216-652-8615
Ivan,Rossi,+49 654-231-4681
Anastasia,Bianchi,+44 607-369-7073
Ananya,Novak,+7 433-457-6660
Chloe,Singh,+49 769-833-1439
Ivan,Nguyen,+34 893-178-1373
Hiroshi,Okafor,+33 954-151-5195
Jean,Okafor,+27 914-332-8863
Chloe,Abebe,+49 880-156-9454
Oliver,Williams,+86 598-496-9644
Liam,Jones,+7 366-497-1757
Carlos,Miller,+34 179-476-5718
Aria,Martinez,+44 537-945-6688
Ananya,Smith,+49 907-286-4812
Liam,Abadi,+34 298-497-3042
Emma,Kowalski,+81 897-576-4015
Noah,Okafor,+49 241-910-1521
Liam,Kim,+86 466-832-4331
Léa,Murphy,+81 238-574-3204
Mia,Popescu,+34 399-829-5985
Carlos,Costa,+49 553-834-2981
Mia,Ibrahim,+86 264-168-3150
Noah,Nguyen,+34 983-958-6344
Sakura,Silva,+7 107-437-5936
Ivan,Costa,+44 875-494-2111
Mia,Ibrahim,+91 288-978-6243
Ava,Abebe,+39 914-471-4327
Olga,Smith,+49 899-601-9312
Jean,Miller,+86 929-796-9552
Olga,Brown,+49 927-973-6942
Léa,Johnson,+86 590-612-8075
Priya,Patel,+27 889-237-5092
Oliver,Kowalski,+1 966-672-2322
Carlos,Smith,+27 424-882-9876
Hiroshi,Martinez,+1 786-898-1792
Nia,Garcia,+44 274-597-4570
Kwame,Abebe,+44 153-920-1096
Lorenzo,Patel,+34 474-384-3338
Aria,Abebe,+44 787-123-3428
Fatima,Abebe,+1 619-593-4879
Yuki,Novak,+7 118-162-7714
Ananya,Ivanov,+39 485-408-2177
Ivan,Jones,+81 786-612-6933
Mohammed,Okafor,+39 857-736-9044
Nia,Singh,+27 765-451-9750
Hiroshi,Abebe,+33 694-535-7106
Fatima,Costa,+27 902-578-3046
Ava,Bianchi,+33 872-164-7649
Fatima,Patel,+81 142-545-1320
Nia,Brown,+34 325-243-4509
Emma,Martinez,+27 145-155-7757
Emma,Ibrahim,+91 203-527-4096
Sofia,Singh,+39 171-506-3538
Sophia,Bianchi,+33 928-450-7832
Ava,Ibrahim,+33 129-158-6974
Ananya,Costa,+27 321-496-7105
Hiroshi,Hernandez,+39 254-979-4090
Ahmed,Kowalski,+91 611-344-9033
Léa,Rossi,+33 610-615-8391
Mohammed,Lopez,+1 618-650-3403
Noah,Chen,+86 101-690-6363
Chen,Garcia,+34 183-890-1235
Chen,Martinez,+86 839-557-4409
Samuel,Dubois,+33 809-333-8172
Yuki,Lopez,+81 598-279-4302
Hiroshi,Lopez,+91 525-736-7865
Wei,Ivanov,+44 818-728-5354
Samuel,Murphy,+91 863-277-3196
Sophia,Smith,+49 381-661-6459
Kwame,Brown,+34 653-860-8823
Fatima,Hernandez,+33 799-969-5255
Priya,O'Connor,+7 640-693-4480
Oliver,Miller,+44 435-215-4444
Mohammed,Smith,+39 470-768-8266
Priya,Smith,+33 776-202-1326
Ivan,Nguyen,+39 117-169-4249
Mateo,Silva,+27 353-372-6570
Mohammed,Kim,+1 114-466-2845
Nia,Dubois,+39 283-917-5800
Jean,Singh,+86 184-809-1915
Chloe,Rossi,+86 332-523-9288
Kwame,O'Connor,+49 787-819-6163
Nia,Chen,+39 391-567-4370
Mateo,Miller,+27 256-201-1949
Chen,Ivanov,+7 547-966-3473
Liam,Dubois,+44 703-234-5890
Oliver,Kim,+86 480-632-6891
Emma,Okafor,+39 976-181-7361
Kwame,Johnson,+1 100-765-8294
Mateo,Martinez,+39 110-599-1187
Aria,Lopez,+34 761-675-8004
Oliver,Chen,+86 605-742-3013
Liam,Petrov,+86 292-566-9409
Mohammed,Kim,+49 701-791-8979
Lucia,Li,+81 874-932-5435
Priya,Chen,+34 827-239-5184
Hiroshi,O'Connor,+1 910-724-7141
Fatima,Garcia,+91 894-745-3382
Giulia,Nguyen,+7 402-983-6176
Mateo,Abadi,+39 617-350-9861
Fatima,Miller,+1 892-792-9822
Jean,Abadi,+7 579-233-4599
Chen,Patel,+1 188-432-3376
Sofia,Ivanov,+49 488-394-5550
Emma,Petrov,+44 745-600-9907
Liam,Ibrahim,+34 733-216-8253
Kwame,Bianchi,+49 862-994-8194
Yuki,Ivanov,+44 171-369-5254
Mia,Ivanov,+44 374-546-4922
Sakura,Dubois,+7 713-856-4421
Emma,Ivanov,+91 266-407-9204
Sakura,Kim,+49 136-843-9859
Wei,Lopez,+86 558-242-7474
Olga,Williams,+34 350-790-4497
Mohammed,Petrov,+44 968-319-5167
Ava,Lopez,+44 602-561-1068
Ava,Bianchi,+39 971-918-2645
Noah,Ibrahim,+81 479-323-9525
Mohammed,Silva,+1 250-629-1195
Sofia,Lopez,+7 299-757-7426
Priya,Li,+27 856-606-9988
Ahmed,Ibrahim,+1 438-754-2177
Lorenzo,Williams,+39 577-119-9909
Jean,Rossi,+27 413-280-2283
Liam,Singh,+86 295-729-4746
Carlos,Jones,+49 189-648-1368
Kwame,Hernandez,+91 719-630-9790
Chen,Petrov,+81 755-822-5254
Hiroshi,Singh,+39 260-751-8158
Sophia,Nguyen,+86 278-615-1839
Léa,O'Connor,+27 978-501-7351
Sofia,Bianchi,+27 993-280-4395
Ananya,Ivanov,+34 866-162-6165
Kwame,Ibrahim,+91 145-621-4702
Liam,Kowalski,+39 485-376-1063
Giulia,Abebe,+49 222-174-1757
Anastasia,Ibrahim,+81 510-770-2886
Chloe,Miller,+81 300-949-2007
Noah,Okafor,+27 316-232-9740
Oliver,Johnson,+49 285-770-4840
Emma,Ibrahim,+44 975-448-8438
Chen,Lopez,+86 557-610-7292
Kwame,Johnson,+7 149-385-8127
Emma,Abadi,+91 415-892-5733
Ananya,Hernandez,+49 202-373-6789
Noah,Abadi,+33 645-109-7999
Carlos,Garcia,+86 101-679-5838
Anastasia,O'Connor,+27 263-746-1220
Samuel,Smith,+86 655-659-2558
Chen,Abebe,+33 799-148-7643
Anastasia,Garcia,+33 201-755-9711
Giulia,Ibrahim,+39 464-519-3844
Yuki,Dubois,+44 739-900-2065
Chloe,Jones,+49 263-475-8751
Chloe,Williams,+91 653-248-1834
Ananya,Kowalski,+33 226-611-2076
Giulia,Kowalski,+1 307-528-1698
Sofia,O'Connor,+34 787-367-8290
Kwame,Williams,+7 108-576-4380
Chloe,Garcia,+1 898-975-8634
Yuki,Okafor,+44 760-908-2517
Sofia,Kowalski,+33 189-395-8586
Priya,Abebe,+44 805-930-2758
Anastasia,Brown,+49 172-658-2630
Yuki,Popescu,+81 560-160-7113
Carlos,Abadi,+27 129-437-1911
Chloe,Garcia,+49 869-821-3554
Nia,Kim,+33 612-753-3322
Kwame,Johnson,+91 384-640-3347
Noah,O'Connor,+81 192-459-7823
Ava,Williams,+33 840-329-7324
Liam,Costa,+1 737-409-5575
Oliver,Martinez,+44 317-555-4853
Olga,Martinez,+33 607-256-7601
Giulia,Okafor,+39 287-273-9886
Chloe,Williams,+33 308-980-6483
Mateo,Jones,+39 789-405-9299
Fatima,Ibrahim,+1 283-514-5339
Mia,Costa,+7 326-312-3085
Anastasia,Bianchi,+27 961-425-6920
Samuel,Silva,+34 663-658-7813
Ahmed,Silva,+86 358-325-5752
Ahmed,Abadi,+91 344-303-7667
Chen,O'Connor,+91 534-292-6127
Ivan,Ivanov,+34 295-561-5803
Giulia,Jones,+44 327-611-6869
Lorenzo,Brown,+91 115-814-6220
Mateo,Hernandez,+34 289-854-6170
Hiroshi,Jones,+91 575-589-2687
Hiroshi,Novak,+34 555-586-2366
Priya,Li,+33 755-528-5360
Lorenzo,Williams,+33 910-999-3141
Mohammed,Abadi,+86 497-531-8303
Kwame,Ivanov,+91 483-527-5689
Wei,Silva,+81 853-385-9915
Carlos,Hernandez,+91 687-771-7963
Emma,Chen,+34 249-394-4996
Mateo,Lopez,+91 727-132-3618
Carlos,Chen,+49 924-809-4664
Olga,Johnson,+81 808-368-3184
Mohammed,Popescu,+7 267-916-3539
Ananya,Smith,+81 342-356-6579
Mohammed,Hernandez,+39 444-697-8940
Anastasia,Singh,+34 514-902-8619
Giulia,Okafor,+39 524-259-2230
Nia,Garcia,+81 397-788-6314
Kwame,Bianchi,+34 390-713-4871
Nia,Abadi,+1 685-727-5410
Nia,Singh,+34 309-881-6246
Fatima,Li,+27 417-771-3669
Lucia,Nguyen,+86 150-554-9684
Ananya,Lopez,+1 928-358-7550
Carlos,O'Connor,+27 260-766-4029
Léa,Abebe,+81 517-321-8744
Kwame,Silva,+27 696-890-9731
Samuel,Murphy,+49 180-819-9310
Oliver,Dubois,+49 967-285-6189
Samuel,Kim,+91 389-367-3397
Liam,Popescu,+49 209-347-6742
Anastasia,Okafor,+27 792-133-4205
Wei,Li,+91 895-440-5453
Nia,Singh,+34 241-170-7252
Kwame,Lopez,+81 649-556-6605
Olga,O'Connor,+86 527-511-8629
Ananya,Williams,+33 958-277-5865
Hiroshi,Dubois,+44 383-203-4934
Fatima,Johnson,+81 508-774-5114
Ava,Dubois,+86 975-598-6196
Chloe,Novak,+44 763-776-3521
Anastasia,Murphy,+91 687-815-7335
Oliver,Lopez,+1 598-103-1100
Kwame,Jones,+81 826-826-7668
Fatima,Dubois,+44 966-836-7097
Yuki,Popescu,+34 114-250-8284
Priya,Silva,+44 534-665-8101
Giulia,Hernandez,+81 665-919-8439
Yuki,Patel,+27 722-470-3786
Kwame,Bianchi,+81 864-886-7343
Chloe,Garcia,+39 410-758-2432
Lucia,Ibrahim,+49 996-659-6155
Mohammed,Williams,+7 745-646-6243
Mateo,Smith,+1 781-496-1472
Wei,Jones,+91 927-761-5359
Lucia,Chen,+39 148-534-9877
Giulia,Ivanov,+34 939-539-1807
Lorenzo,Williams,+86 263-330-5439
Sakura,Smith,+44 428-848-6320
Noah,Ivanov,+39 997-101-2494
Giulia,Miller,+44 569-111-8767
Priya,Murphy,+7 796-828-7686
Fatima,Miller,+81 106-870-4598
Sofia,O'Connor,+27 853-237-1216
Hiroshi,Bianchi,+33 654-572-6923
Noah,Hernandez,+81 529-149-5661
Fatima,Hernandez,+34 338-363-8554
Chen,Silva,+44 828-921-8468
Oliver,Okafor,+81 597-734-2088
Jean,Williams,+39 465-119-4252
Noah,Patel,+1 251-822-1507
Sakura,Hernandez,+7 354-833-8486
Wei,Chen,+49 766-511-4182
Sakura,Ibrahim,+34 283-456-2772
Emma,Abadi,+91 522-917-4938
Chen,Singh,+34 954-601-9750
Jean,Johnson,+34 218-443-3329
Ananya,Singh,+7 156-495-2148
Olga,Ibrahim,+91 440-152-7263
Nia,O'Connor,+34 762-197-8778
Nia,Novak,+7 182-403-2704
Liam,Chen,+34 806-410-6638
Oliver,Rossi,+34 523-537-7621
Léa,O'Connor,+33 177-487-6900
Mia,Ivanov,+86 737-285-8705
Fatima,Dubois,+81 760-666-6036
Fatima,Abebe,+44 521-652-3062
Hiroshi,Rossi,+49 489-536-9956
Kwame,Nguyen,+7 926-515-6748
Sakura,Dubois,+1 380-605-2974
Lucia,Nguyen,+86 758-387-9331
Ava,Jones,+39 589-945-1276
Carlos,Kim,+34 401-284-3939
Kwame,Martinez,+81 324-911-5757
Priya,Smith,+7 165-678-8992
Lucia,Abadi,+1 480-377-8529
Lucia,Rossi,+81 856-389-4071
Olga,Novak,+91 134-919-9300
Fatima,Martinez,+81 207-734-3509
Lucia,Williams,+1 595-831-7057
Sofia,Popescu,+39 370-406-7752
Chen,Silva,+7 285-468-5629
Jean,Ivanov,+86 103-983-4982
Léa,Okafor,+81 892-576-6713
Giulia,Hernandez,+27 315-989-8194
Ahmed,Popescu,+7 772-421-3121
Kwame,Popescu,+49 881-803-8616
Liam,Williams,+27 478-901-4014
Samuel,Brown,+34 397-967-6833
Oliver,Garcia,+33 172-405-2262
Sophia,Okafor,+44 905-895-9606
Sakura,Rossi,+33 433-908-2377
Sakura,Jones,+27 794-397-2100
Giulia,Petrov,+44 338-541-1746
Priya,O'Connor,+91 850-603-8749
Anastasia,Abebe,+27 551-234-7318
Chloe,Patel,+34 785-942-2720
Nia,Lopez,+27 356-977-3806
Jean,Lopez,+33 797-762-1809
Yuki,Abebe,+44 993-750-1917
Yuki,Patel,+33 515-201-2772
Anastasia,Miller,+39 877-601-8663
Hiroshi,Ivanov,+44 168-141-6012
Emma,Johnson,+33 752-849-4574
Léa,Dubois,+1 929-474-7943
Hiroshi,Brown,+81 731-794-8395
Chloe,Nguyen,+33 831-791-5181
Wei,Smith,+7 321-610-9253
Nia,Abadi,+91 820-409-6106
Sofia,Jones,+33 618-625-2975
Aria,Garcia,+33 905-741-9188
Liam,O'Connor,+44 374-166-2812
Emma,Singh,+1 101-850-3571
Liam,Patel,+33 600-754-9040
Lorenzo,Dubois,+44 606-934-7015
Carlos,Martinez,+34 214-409-5779
Mohammed,Brown,+81 426-673-4878
Aria,Okafor,+1 965-909-9908
Hiroshi,Murphy,+7 113-301-9287
Carlos,Popescu,+81 608-413-7997
Yuki,Popescu,+44 606-135-1179
Léa,Johnson,+34 285-378-9468
Kwame,Kowalski,+7 861-978-8500
Liam,Ibrahim,+86 888-449-5503
Nia,Novak,+39 504-100-1002
Anastasia,Petrov,+7 759-860-6602
Emma,Abebe,+44 964-525-9279
Sofia,Johnson,+86 174-612-2192
Ahmed,Chen,+1 322-317-8338
Sophia,Murphy,+34 152-112-3545
Léa,O'Connor,+86 505-886-7632
Jean,Smith,+91 602-436-3993
Samuel,Okafor,+86 860-709-8216
Oliver,O'Connor,+91 251-992-9037
Nia,Chen,+39 271-339-4372
Yuki,Nguyen,+81 919-396-4778
Wei,Lopez,+39 370-899-3074
Giulia,Li,+27 766-568-6847
Sofia,Popescu,+27 109-612-1242
Carlos,Jones,+7 527-861-6215
Giulia,Dubois,+34 300-747-9967
Olga,Ibrahim,+27 283-935-6815
Sakura,Johnson,+86 527-706-3188
Sophia,Williams,+86 520-609-8603
Oliver,Singh,+81 575-475-6794
Lorenzo,Brown,+39 337-888-4784
Nia,Miller,+49 402-336-1787
Sakura,Li,+81 427-325-7656
Lucia,Singh,+49 317-166-3201
Olga,Silva,+86 422-332-4479
Anastasia,Chen,+49 287-681-9179
Sakura,Nguyen,+1 396-220-1961
Jean,Johnson,+1 915-140-5302
Carlos,Okafor,+33 869-572-8224
Emma,Garcia,+34 414-613-6724
Samuel,Kim,+49 737-282-2687
Samuel,Costa,+27 273-485-2013
Hiroshi,Abadi,+44 130-918-4309
Nia,Ivanov,+1 766-479-8385
Chen,Kim,+81 561-777-4538
Fatima,Dubois,+1 343-875-2918
Lucia,Patel,+81 363-645-7196
Ava,Costa,+39 335-347-8673
Ahmed,Petrov,+86 106-195-1832
Emma,Nguyen,+81 317-415-8426
Fatima,O'Connor,+27 893-637-3976
Carlos,Li,+86 276-630-3016
Nia,Singh,+27 889-683-9305
Priya,Singh,+33 789-808-9651
Nia,Ivanov,+81 585-338-6928
Nia,Abebe,+33 712-940-3648
Carlos,Ibrahim,+34 662-712-3535
Liam,Okafor,+27 284-968-6451
Jean,Petrov,+86 995-357-7637
Ivan,Martinez,+91 500-823-2570
Priya,Brown,+49 120-552-6492
Samuel,Bianchi,+33 372-820-9309
Fatima,Abebe,+49 336-904-5264
Ananya,Costa,+86 707-674-9826
Hiroshi,Williams,+7 429-784-4437
Jean,Novak,+34 500-791-1467
Hiroshi,Smith,+44 957-473-1929
Kwame,Murphy,+81 246-321-9608
Ananya,O'Connor,+44 546-627-3224
Mateo,Dubois,+91 383-863-1230
Ivan,Ivanov,+91 951-962-2682
Sofia,Okafor,+86 297-942-7411
Noah,Silva,+39 571-786-1592
Ananya,Ibrahim,+7 459-437-6992
Sakura,Singh,+1 617-185-2692
Oliver,O'Connor,+27 676-382-4937
Mia,Kowalski,+34 905-627-6720
Jean,Murphy,+1 632-349-3422
Ahmed,Bianchi,+39 599-216-9945
Mia,Smith,+7 734-455-7248
Yuki,Abadi,+49 878-838-9882
Chen,Rossi,+44 734-554-9535
Mohammed,Patel,+86 460-683-4822
Kwame,Bianchi,+1 540-704-3807
Carlos,Garcia,+33 472-351-3429
Liam,Williams,+91 639-722-3143
Yuki,Smith,+34 920-776-5860
Oliver,Patel,+1 960-116-5770
Ananya,Nguyen,+7 425-481-6122
Ananya,Garcia,+7 748-753-4794
Yuki,Ivanov,+7 378-236-2671
Giulia,Brown,+34 156-157-6183
Lucia,Ivanov,+49 281-673-6503
Wei,Popescu,+33 137-991-8651
Sakura,Chen,+33 130-793-3885
Lucia,Abadi,+91 334-918-4658
Sofia,Kim,+81 662-738-9792
Sofia,Ivanov,+81 924-411-4270
Ivan,Abebe,+33 342-403-9767
Anastasia,Nguyen,+81 580-766-3868
Léa,Singh,+1 699-372-7298
Anastasia,Abebe,+91 104-618-5199
Anastasia,Popescu,+86 720-970-6530
Lorenzo,Kim,+27 657-934-6036
Wei,Novak,+34 972-862-5634
Ananya,Novak,+34 609-543-5597
Mohammed,Singh,+1 623-974-6349
Wei,Martinez,+34 729-800-7524
Wei,Hernandez,+81 739-703-6440
Mateo,Hernandez,+91 426-129-7390
Mohammed,Chen,+1 559-175-2866
Nia,Patel,+7 200-153-9105
Olga,Costa,+39 651-808-6711
Sakura,Nguyen,+7 457-403-3333
Ananya,Martinez,+7 357-205-4244
Lorenzo,Popescu,+81 356-245-9347
Léa,Jones,+86 934-148-3240
Lucia,Williams,+86 776-736-9877
Chen,Smith,+91 630-430-6519
Hiroshi,Smith,+33 412-607-4614
Ava,Abadi,+81 116-891-2701
Ananya,Bianchi,+7 334-862-8963
Lorenzo,Okafor,+86 570-921-5742
Mateo,Novak,+91 249-545-8400
Giulia,Williams,+91 461-895-1702
Giulia,Ivanov,+34 507-959-9354
Sakura,Murphy,+86 131-920-6388
Noah,Ibrahim,+91 786-454-3852
Léa,Patel,+27 310-313-1670
Chen,Ibrahim,+39 311-810-4196
Giulia,Chen,+34 271-927-9879
Lorenzo,Rossi,+34 841-830-4252
Nia,Okafor,+44 933-552-5999
Lorenzo,Li,+7 683-528-3521
Ahmed,Ivanov,+7 462-112-3137
Yuki,Murphy,+49 342-805-5250
Priya,Nguyen,+39 144-324-1946
Samuel,Smith,+44 769-105-4151
Lorenzo,Okafor,+81 130-152-5659
Yuki,Kowalski,+39 705-520-5468
Chen,Okafor,+33 588-552-1907
Sakura,Costa,+39 850-626-9696
Ava,Nguyen,+49 456-855-7050
Carlos,Hernandez,+39 880-381-6645
Mohammed,Kim,+7 202-434-3221
Oliver,Garcia,+91 519-215-8859
Ava,Williams,+27 259-644-1342
Ava,Rossi,+33 711-513-6996
Léa,Novak,+81 276-750-2895
Ananya,Abebe,+34 992-574-6819
Lucia,Silva,+44 852-497-9215
Fatima,Novak,+27 331-294-7636
Sofia,Silva,+91 443-846-4612
Carlos,Okafor,+91 594-413-4806
Carlos,Smith,+7 972-923-6486
Mateo,Abadi,+34 770-578-7814
Olga,Okafor,+49 957-191-3771
Samuel,Brown,+91 533-313-2539
Anastasia,Singh,+7 881-341-8324
Ava,Singh,+86 922-709-9987
Léa,Hernandez,+33 145-549-2080
Kwame,Lopez,+49 255-185-6198
Kwame,Brown,+44 696-655-6209
Aria,Dubois,+1 561-740-5469
Noah,Novak,+81 285-732-7363
Giulia,Ibrahim,+1 812-888-4052
Jean,Okafor,+1 982-964-1211
Chen,Lopez,+7 368-657-9145
Fatima,Popescu,+7 484-515-8175
Priya,O'Connor,+49 786-428-6803
Mohammed,Kowalski,+39 814-574-4343
Oliver,Okafor,+39 173-680-6347
Priya,Patel,+7 604-231-8388
Jean,Patel,+33 365-428-1982
Chloe,Singh,+81 816-854-2165
Emma,Smith,+33 173-901-6923
Priya,O'Connor,+27 738-973-8646
Anastasia,Abadi,+27 913-916-6715
Ananya,Popescu,+91 560-370-3699
Anastasia,Nguyen,+44 623-735-4309
Liam,Lopez,+33 167-839-6104
Ava,Dubois,+1 320-215-1390
Mia,Novak,+1 536-265-6232
Samuel,Bianchi,+49 681-882-3854
Carlos,Bianchi,+86 683-959-8623
Liam,Nguyen,+33 729-192-7223
Fatima,Okafor,+49 381-668-5806
Noah,Petrov,+1 269-432-9569
Anastasia,Abebe,+49 612-869-5442
Ananya,Nguyen,+33 431-628-8339
Chloe,Miller,+7 302-224-3970
Sofia,Novak,+39 120-785-9940
Giulia,Costa,+27 126-189-2924
Ivan,Silva,+91 603-407-4672
Jean,Murphy,+34 686-970-6985
Yuki,Martinez,+49 800-136-7200
Liam,Okafor,+44 885-365-5230
Wei,Rossi,+86 441-697-4423
Samuel,Abebe,+34 675-276-2919
Mateo,Rossi,+86 605-328-6122
Priya,Jones,+33 952-742-2317
Noah,Rossi,+1 561-445-8511
Ananya,Okafor,+39 928-872-8213
Samuel,Jones,+44 815-905-8354
Carlos,Bianchi,+7 410-552-3999
Olga,Smith,+34 136-177-6156
Mohammed,Jones,+33 984-190-9975
Chloe,Johnson,+7 177-832-4325
Giulia,Kowalski,+7 798-636-3814
Ava,Martinez,+33 579-985-5510
Fatima,Singh,+39 453-160-6143
Oliver,Kim,+33 165-493-3542
Mohammed,Popescu,+7 641-292-5713
Aria,Rossi,+7 449-630-7335
Emma,Williams,+86 454-107-1080
Lorenzo,Abebe,+1 850-385-7763
Ava,Novak,+91 729-729-7796
Hiroshi,Brown,+86 736-348-3492
Olga,Ivanov,+86 433-151-8690
Sakura,Nguyen,+49 610-732-7401
Chen,Ivanov,+81 316-601-5408
Ava,Abebe,+44 920-196-4384
Fatima,Hernandez,+44 798-261-9954
Hiroshi,Williams,+27 976-788-3428
Priya,Costa,+27 602-187-9919
Olga,Lopez,+27 858-500-1998
Fatima,Miller,+33 626-795-3178
Chloe,Singh,+44 641-885-2650
Noah,Garcia,+91 924-242-4705
Anastasia,Murphy,+49 109-800-4742
Liam,Jones,+1 997-951-9149
Sakura,Bianchi,+7 480-828-1455
Wei,Abadi,+34 801-903-1476
Ananya,Kowalski,+7 269-691-7456
Ahmed,Brown,+39 678-496-1106
Sophia,Jones,+49 311-778-6603
Carlos,Nguyen,+34 716-280-8852
Lorenzo,Silva,+49 578-938-6797
Olga,Petrov,+81 186-846-1629
Wei,Costa,+49 644-566-9746
Chloe,Okafor,+44 885-113-2183
Ivan,Dubois,+1 659-956-5827
Lorenzo,Popescu,+86 807-953-6198
Ahmed,Nguyen,+49 209-548-7293
Olga,Silva,+34 389-481-5152
Anastasia,Nguyen,+81 581-831-4083
Hiroshi,Smith,+1 316-504-4745
Wei,Petrov,+33 148-852-5308
Sakura,Silva,+33 782-208-5698
Wei,Dubois,+81 263-596-8215
Ananya,Murphy,+39 647-219-9660
Mateo,Ivanov,+91 595-281-4822
Nia,Lopez,+49 400-279-5611
Liam,Smith,+91 426-523-3198
Oliver,Smith,+34 104-976-3393
Samuel,Li,+27 753-781-4154
Ananya,Chen,+34 783-186-7473
Oliver,Rossi,+7 292-361-1839
Mateo,Williams,+1 613-913-7384
Samuel,Kim,+49 598-110-8159
Priya,Garcia,+27 297-563-7467
Ahmed,Silva,+91 270-176-9867
Ananya,Murphy,+39 489-809-8127
Priya,Brown,+7 633-183-8566
Chen,Okafor,+34 883-250-7355
Priya,Hernandez,+34 302-495-6763
Léa,Johnson,+34 821-287-8310
Kwame,Petrov,+81 465-938-5214
Ahmed,Dubois,+86 917-601-7110
Liam,Ibrahim,+44 446-189-9899
Ava,Murphy,+86 862-782-1880
Sakura,Williams,+27 232-891-6177
Kwame,Silva,+81 683-864-2711
Nia,Bianchi,+81 350-544-1503
Sakura,Rossi,+86 802-134-3644
Ivan,Rossi,+1 663-134-2468
Léa,Ivanov,+49 504-631-4911
Chen,Petrov,+34 691-659-2841
Lucia,Hernandez,+39 994-740-9977
Anastasia,Lopez,+7 404-480-4321
Lorenzo,Silva,+81 662-352-9823
Mohammed,Kowalski,+44 503-315-6934
Kwame,Johnson,+44 199-538-7960
Mia,Hernandez,+27 138-907-1789
Carlos,Bianchi,+81 534-313-4163
Sophia,Novak,+91 941-984-3007
Yuki,Bianchi,+33 761-131-6529
Priya,Nguyen,+81 311-626-2798
Mia,Petrov,+27 509-125-9333
Wei,Miller,+7 405-746-2756
Ava,Brown,+44 464-706-6333
Ivan,Bianchi,+7 504-331-3346
Priya,Rossi,+1 561-600-9340
Chloe,Kowalski,+1 907-763-5777
Hiroshi,Patel,+34 609-577-2707
Mia,Petrov,+91 199-585-9041
Fatima,Johnson,+7 807-975-9402
Sakura,Kowalski,+86 541-502-4349
Giulia,Dubois,+33 864-183-6178
Chen,Martinez,+33 738-285-3491
Anastasia,Silva,+34 834-407-3214
Yuki,Petrov,+86 939-309-9556
Olga,Dubois,+7 289-300-1077
Emma,Chen,+34 884-833-9681
Sophia,Singh,+91 876-278-3553
Ivan,Miller,+91 450-940-4826
Lorenzo,Martinez,+7 220-733-7234
Yuki,Li,+39 759-961-7461
Mia,Williams,+91 344-734-6897
Noah,Garcia,+91 719-578-6934
Ahmed,Williams,+44 670-132-1039
Sofia,Li,+33 751-847-6866
Hiroshi,Abebe,+44 701-841-5937
Liam,Hernandez,+86 706-841-2586
Carlos,Brown,+34 649-860-1690
Liam,Abebe,+1 895-237-3576
Jean,Martinez,+49 359-114-5412
Sofia,Lopez,+34 538-873-1761
Olga,Li,+34 206-492-6346
Carlos,Lopez,+7 539-467-9275
Hiroshi,Silva,+81 612-271-5986
Nia,Kim,+27 797-407-2666
Oliver,Okafor,+44 478-333-7631
Carlos,Patel,+33 384-244-1353
Lorenzo,Kim,+39 162-449-4051
Hiroshi,Kowalski,+49 109-507-8059
Sofia,Kim,+49 356-126-1700
Lorenzo,Murphy,+1 647-428-4652
Lorenzo,Kowalski,+49 873-950-2778
Hiroshi,Martinez,+91 445-815-2709
Sofia,Lopez,+91 517-967-9177
Emma,Li,+7 216-679-2892
Anastasia,Okafor,+27 773-629-4081
Olga,Silva,+44 900-785-1359
Emma,Abadi,+33 218-211-9768
Hiroshi,Ivanov,+34 138-284-7181
Aria,Dubois,+86 828-329-1405
Kwame,Okafor,+33 167-987-7372
Olga,Rossi,+1 891-555-1538
Liam,Li,+81 377-252-4886
Wei,Smith,+81 553-148-1684
Oliver,Li,+86 261-697-2417
Ananya,Garcia,+44 267-972-5060
Jean,Abebe,+1 524-930-8225
Lucia,Garcia,+49 695-327-5418
Emma,Nguyen,+1 124-244-7356
Samuel,Singh,+81 469-243-8691
Sophia,Johnson,+33 494-894-1585
Lorenzo,O'Connor,+44 527-496-5086
Hiroshi,Ibrahim,+39 892-856-1357
Oliver,Singh,+39 859-702-2776
Léa,Rossi,+49 310-453-1551
Priya,Jones,+81 787-734-7057
Sakura,Nguyen,+1 632-260-8207
Emma,Bianchi,+81 935-692-6359
Sakura,Dubois,+39 747-104-5312
Oliver,Petrov,+86 965-333-7622
Olga,Miller,+33 135-367-7929
Fatima,Ibrahim,+1 972-796-4585
Fatima,Murphy,+33 984-130-9548
Ava,Jones,+34 191-129-9032
Ananya,Patel,+34 607-975-9518
Aria,Silva,+86 834-405-9023
Mohammed,Novak,+1 431-932-6387
Yuki,Smith,+27 529-216-3071
Ananya,Rossi,+91 208-830-2407
Mia,Silva,+86 275-189-9369
Mia,Silva,+7 144-368-4041
Mia,Miller,+44 836-129-9276
Giulia,Abadi,+44 305-394-9130
Fatima,Patel,+44 625-980-2358
Aria,Brown,+7 110-784-6435
Oliver,Murphy,+86 676-678-4361
Giulia,Patel,+27 960-562-3644
Sofia,Garcia,+49 202-788-2653
Mateo,O'Connor,+49 921-333-4051
Anastasia,Kim,+34 661-748-9726
Ananya,Ibrahim,+91 427-615-9728
Nia,Williams,+49 289-698-2700
Sofia,Rossi,+91 893-959-5785
Samuel,Petrov,+49 894-565-5024
Sakura,Singh,+27 591-583-6582
Samuel,Brown,+39 612-257-6152
Anastasia,Brown,+44 784-556-2190
Mohammed,Okafor,+1 725-667-8812
Ivan,Patel,+49 372-803-7371
Kwame,Li,+44 529-266-3061
Aria,Garcia,+7 728-824-2101
Jean,Petrov,+91 213-642-7084
Chen,Dubois,+1 785-249-9684
Sakura,Johnson,+7 834-510-5398
Sakura,Novak,+27 892-497-3016
Lorenzo,Bianchi,+91 289-771-3555
Priya,Costa,+81 917-797-6982
Lucia,O'Connor,+27 511-829-1552
Wei,Silva,+49 519-912-7715
Ava,Martinez,+49 824-320-3326
Ahmed,Novak,+91 895-877-4530
Kwame,Ibrahim,+27 291-173-8219
Anastasia,Ibrahim,+34 884-964-6398
Ava,Silva,+39 949-628-5848
Nia,Brown,+7 618-147-1273
Kwame,Abadi,+81 884-904-7857
Aria,Bianchi,+81 511-509-3200
Nia,Miller,+1 346-989-4505
Lorenzo,Ibrahim,+49 956-717-9943
Emma,Jones,+1 716-255-3120
Olga,Kowalski,+91 800-437-2678
Jean,Ivanov,+39 862-640-5462
Yuki,Kowalski,+1 223-547-1544
Anastasia,Abebe,+86 798-392-2179
Emma,Novak,+7 286-777-2113
Liam,Dubois,+34 936-840-1088
Léa,Kim,+44 305-749-3221
Léa,Singh,+1 530-129-6890
Aria,Li,+7 594-455-3879
Liam,Kim,+44 441-749-4291
Léa,Martinez,+1 749-490-3568
Sakura,Petrov,+34 877-528-6902
Aria,Li,+49 797-381-4367
Carlos,Martinez,+49 808-184-9705
Mateo,Smith,+86 843-506-3077
Olga,Abadi,+33 267-314-5802
Sofia,Singh,+91 493-581-7166
Sakura,Murphy,+27 741-330-4614
Ahmed,Okafor,+34 446-221-6677
Chloe,Lopez,+86 754-454-5503
Léa,Patel,+49 354-981-2443
Hiroshi,Dubois,+27 623-315-7579
Mohammed,Lopez,+1 486-205-4833
Sakura,Novak,+44 414-649-8891
Aria,Li,+7 725-415-1346
Mateo,Bianchi,+44 732-874-3188
Samuel,Martinez,+39 206-539-3929
Noah,Brown,+44 189-233-8827
Lorenzo,Lopez,+44 628-617-4108
Ananya,Smith,+39 274-914-9620
Lucia,Chen,+33 832-241-8278
Léa,Murphy,+1 209-765-7426
Lucia,Jones,+33 885-307-6926
Liam,Dubois,+34 633-621-1393
Noah,Chen,+81 278-836-8877
Chen,Brown,+34 795-151-4704
Ananya,Okafor,+39 390-610-4120
Yuki,Silva,+91 250-274-4562
Sakura,Popescu,+81 845-597-3222
Sakura,Novak,+34 945-843-4702
Priya,Johnson,+44 125-728-8761
Mateo,Garcia,+49 889-472-7083
Léa,Chen,+81 751-213-9967
Léa,Brown,+44 749-867-6905
Mia,Johnson,+49 331-987-9605
Anastasia,Okafor,+33 161-723-1994
Anastasia,Murphy,+27 159-175-7948
Kwame,Chen,+34 889-204-8830
Hiroshi,Brown,+86 603-692-2117
Ahmed,Kim,+81 370-235-5961
Ivan,Singh,+33 883-384-7040
Priya,Ivanov,+39 206-840-1738
Mia,Abebe,+81 505-691-3756
Wei,Williams,+81 622-496-9483
Liam,Smith,+1 920-867-4633
Nia,Martinez,+91 587-588-3319
Priya,Murphy,+81 490-832-7873
Mateo,Jones,+27 185-265-1436
Mateo,Silva,+49 203-830-6761
Aria,O'Connor,+34 858-961-5091
Sophia,Rossi,+91 694-510-4288
Priya,Silva,+91 281-603-7610
Giulia,Ibrahim,+34 206-334-1346
Wei,Abadi,+33 324-135-6678
Kwame,Lopez,+49 917-603-4261
Giulia,Nguyen,+1 934-472-6567
Oliver,Silva,+27 870-707-3721
Mohammed,Rossi,+44 373-117-3843
Mia,Martinez,+49 924-945-4747
Kwame,Hernandez,+49 471-135-1433
Chloe,Abebe,+81 158-749-9947
Liam,Martinez,+81 571-340-8311
Anastasia,Ibrahim,+49 148-351-4629
Oliver,Kowalski,+1 643-162-4515
Léa,Jones,+39 382-793-2710
Lorenzo,Dubois,+86 109-290-6449
Ahmed,Jones,+1 492-447-5609
Chloe,Novak,+49 663-287-4864
Noah,Ivanov,+34 408-461-8973
Chen,Novak,+44 434-356-4373
Samuel,Jones,+49 606-828-9962
Mateo,Jones,+81 363-262-5813
Sakura,Rossi,+1 715-726-5971
Oliver,O'Connor,+39 705-703-1676
Ivan,Popescu,+91 755-699-7494
Sophia,Williams,+7 484-720-9202
Anastasia,Johnson,+33 832-356-8294
Ivan,Novak,+34 457-768-2082
Mateo,Popescu,+39 329-343-7173
Sophia,Abebe,+27 164-236-2910
Carlos,Lopez,+1 948-625-5187
Liam,O'Connor,+44 997-224-8280
Giulia,Nguyen,+81 154-254-4845
Yuki,Okafor,+1 909-143-9790
Lorenzo,O'Connor,+7 777-345-4816
Ivan,Bianchi,+34 792-340-5085
Ava,Kowalski,+7 603-839-4862
Sakura,Li,+91 887-840-7851
Carlos,Li,+86 416-126-3270
Wei,Hernandez,+39 603-119-7813
Fatima,Bianchi,+1 944-305-8789
Sakura,Ibrahim,+33 122-751-9472
Carlos,Dubois,+34 671-292-2410
Mia,Abadi,+34 161-222-2597
Ananya,Abadi,+7 440-535-4390
Giulia,Singh,+49 360-840-1360
Chen,Kowalski,+7 754-942-6134
Giulia,Chen,+44 356-528-8679
Ananya,Kim,+81 607-303-5155
Léa,Williams,+27 616-441-4322
Noah,Kim,+1 116-945-4103
Yuki,Rossi,+86 823-783-5654
Mia,Novak,+49 803-787-4240
Sakura,Brown,+49 865-227-9771
Mateo,O'Connor,+27 503-403-6757
Liam,Costa,+34 728-938-5083
Priya,Novak,+39 407-248-7356
Anastasia,Kim,+49 964-597-4184
Ivan,O'Connor,+7 861-174-6335
Léa,Dubois,+1 876-512-1794
Lucia,Williams,+33 676-600-2473
Ava,Popescu,+33 694-374-9772
Wei,Okafor,+34 554-323-7700
Chen,Popescu,+49 959-619-8678
Olga,Silva,+7 342-468-8337
Liam,Hernandez,+44 214-280-2338
Yuki,Williams,+81 583-166-1811
Samuel,Singh,+27 977-996-3320
Chen,Jones,+39 653-296-1175
Emma,Ibrahim,+49 447-717-2623
Ivan,Nguyen,+34 305-374-6037
Sofia,Murphy,+86 229-896-9019
Sophia,Novak,+86 952-537-6831
Yuki,O'Connor,+33 636-604-3559
Fatima,Rossi,+39 228-447-7044
Ananya,Garcia,+7 139-281-9193
Giulia,Kim,+49 945-890-3792
Mohammed,Williams,+34 784-335-6800
Sofia,Singh,+34 825-937-4515
Ananya,Brown,+91 125-898-7823
Sakura,Garcia,+81 845-824-5260
Carlos,Patel,+86 815-388-8947
Lorenzo,Dubois,+91 437-173-4213
Priya,Murphy,+33 881-335-4922
Samuel,Abadi,+86 750-574-1974
Sophia,Kowalski,+44 620-185-6261
Mia,Chen,+27 183-162-3563
Ava,Novak,+1 930-566-7122
Emma,Chen,+49 494-936-8663
Yuki,Ivanov,+33 871-406-1777
Sakura,Brown,+1 455-212-6390
Sophia,Williams,+91 217-673-5325
Wei,Abebe,+34 750-491-7657
Mateo,Costa,+34 153-733-5104
Ananya,Patel,+33 231-314-6335
Sofia,Abadi,+27 919-758-3482
Samuel,Johnson,+81 116-265-6627
Mohammed,Costa,+1 906-423-2125
Ananya,Novak,+27 326-525-7790
Lucia,Garcia,+1 543-879-9402
Ananya,Murphy,+34 498-331-1306
Noah,Abadi,+86 733-265-7634
Chen,Rossi,+27 774-372-7694
Wei,Williams,+81 296-942-8978
Kwame,Williams,+27 871-418-3812
Ananya,O'Connor,+91 251-324-4418
Lorenzo,Kowalski,+91 955-681-9525
Ahmed,Murphy,+1 351-287-6861
Sakura,Okafor,+1 959-455-1858
Samuel,Dubois,+34 564-373-5035
Ava,Kim,+27 944-641-4804
Wei,Martinez,+34 631-344-9345
Léa,Novak,+7 192-589-6990
Chen,Garcia,+1 603-290-7602
Jean,Martinez,+1 741-657-8888
Mia,Dubois,+49 157-969-7211
Samuel,Abadi,+1 400-706-2163
Léa,Jones,+1 376-926-7115
Fatima,Singh,+49 835-891-9600
Noah,Patel,+86 317-387-1570
Olga,Abebe,+1 702-830-8082
Fatima,Kim,+86 283-484-5447
Giulia,Dubois,+7 182-266-8736
Priya,Abebe,+39 202-470-8115
Mohammed,Dubois,+91 425-977-8835
Lucia,O'Connor,+44 631-485-1909
Sophia,Kim,+86 942-505-5374
Carlos,Popescu,+81 433-113-2112
Sophia,Bianchi,+49 683-552-9204
Ananya,Lopez,+91 716-186-4089
Emma,O'Connor,+49 395-122-2205
Anastasia,Williams,+7 482-855-9597
Priya,Novak,+7 962-450-9775
Ahmed,Hernandez,+33 561-441-4169
Mateo,Ibrahim,+7 867-181-5598
Ahmed,Kim,+49 864-485-7010
Léa,Lopez,+81 972-447-4270
Aria,Rossi,+34 628-536-9511
Mateo,Miller,+34 746-839-5552
Emma,Patel,+27 593-818-6926
Chloe,Hernandez,+86 783-833-4602
Yuki,Okafor,+1 751-470-3041
Hiroshi,Popescu,+1 997-510-1744
Priya,Li,+91 329-778-7113
Sophia,Silva,+34 897-897-2980
Ananya,Lopez,+44 542-365-1339
Liam,O'Connor,+86 553-149-9503
Chloe,Hernandez,+49 399-101-1166
Chen,Dubois,+7 631-372-4512
Lorenzo,Abadi,+49 188-999-7594
Ananya,Jones,+86 226-293-2145
Wei,Williams,+7 214-777-9405
Noah,Brown,+39 232-609-2072
Oliver,Brown,+33 123-598-8792
Jean,Miller,+1 553-123-3013
Oliver,Li,+33 488-935-8572
Nia,Williams,+86 170-282-6579
Jean,Martinez,+33 995-673-1135
Olga,Johnson,+7 654-622-8522
Olga,Petrov,+91 915-820-8532
Sophia,Martinez,+86 740-389-6939
Chloe,O'Connor,+39 467-689-6446
Priya,Chen,+39 871-890-5779
Mateo,Patel,+27 157-139-8538
Lucia,Hernandez,+91 207-751-3029
Fatima,Murphy,+39 935-763-5770
Priya,Kim,+34 801-921-2396
Wei,Kim,+86 761-591-6794
Chloe,Williams,+91 610-208-1723
Sakura,Silva,+86 159-803-6101
Emma,Abadi,+34 598-751-1738
Giulia,Kim,+34 599-144-1466
Sophia,Garcia,+27 826-558-5342
Kwame,Okafor,+1 973-534-6709
Sophia,Martinez,+91 292-736-3461
Samuel,Okafor,+91 406-480-5515
Samuel,Nguyen,+33 798-415-2536
Chen,Jones,+1 304-289-8683
Lorenzo,Murphy,+1 123-698-2554
Jean,Kim,+1 572-458-4034
Ava,Bianchi,+44 810-876-2402
Ahmed,Chen,+7 462-609-7980
Olga,Miller,+34 564-114-1952
Mohammed,Li,+39 436-985-8614
Priya,O'Connor,+1 781-704-2645
Hiroshi,Murphy,+33 343-925-7305
Ahmed,Lopez,+34 168-686-7446
Kwame,Novak,+81 148-251-8003
Chloe,Lopez,+49 759-601-5121
Mia,Li,+91 982-614-4968
Chen,Abebe,+86 893-868-9380
Jean,Smith,+7 550-814-9149
Mia,Li,+7 767-558-1384
Hiroshi,Williams,+86 747-873-1046
Ahmed,Ibrahim,+39 322-505-4832
Yuki,Li,+44 828-909-1181
Liam,Kowalski,+33 901-766-5357
Mohammed,Martinez,+34 892-599-3795
Jean,Brown,+49 396-329-1053
Noah,Bianchi,+1 184-443-7568
Aria,Abadi,+27 979-422-5579
Mohammed,Popescu,+7 423-319-2934
Ananya,Miller,+33 539-514-9248
Sakura,Costa,+1 622-864-7479
Nia,Abadi,+33 517-434-1369
Chen,Abebe,+86 660-327-9506
Kwame,Kim,+39 406-915-4181
Noah,Li,+27 563-111-6635
Sophia,Dubois,+44 363-763-3194
Léa,Kowalski,+91 915-129-4527
Kwame,Abebe,+33 572-157-9800
Priya,Miller,+39 563-542-1423
Ivan,Li,+44 956-367-7302
Fatima,Ibrahim,+39 781-219-5058
Carlos,Martinez,+44 918-413-1886
Giulia,Hernandez,+81 751-272-8334
Mohammed,Abebe,+27 605-330-9459
Ananya,Lopez,+49 506-834-1942
Samuel,Lopez,+34 741-150-1489
Ava,Martinez,+81 578-738-5800
Noah,Petrov,+34 791-602-3259
Carlos,Li,+86 758-602-7146
Sakura,Nguyen,+39 139-459-8349
Jean,Miller,+81 530-539-5550
Ivan,Novak,+27 318-202-4162
Sofia,Okafor,+49 176-628-5619
Mateo,Ibrahim,+86 543-603-3268
Olga,Smith,+34 365-603-2649
Lucia,Jones,+34 190-148-8233
Mohammed,Dubois,+34 570-879-4824
Fatima,Lopez,+33 854-590-8510
Anastasia,Smith,+49 841-708-2050
Ivan,Lopez,+44 498-539-4122
Wei,Petrov,+1 757-944-4332
Lorenzo,Singh,+86 468-826-1452
Sophia,Petrov,+86 213-231-2872
Léa,Hernandez,+7 614-174-1332
Léa,Li,+33 916-550-7029
Ananya,Novak,+86 514-748-2749
Sakura,Petrov,+7 368-498-2036
Aria,Dubois,+39 728-623-5391
Chen,Singh,+33 933-192-5211
Sophia,Kowalski,+44 380-531-2559
Emma,Jones,+27 249-582-8513
Sofia,Silva,+33 227-652-8846
Hiroshi,O'Connor,+39 746-101-7927
Ivan,Ibrahim,+91 813-447-9160
Nia,Popescu,+7 469-886-9219
Ava,Brown,+81 664-997-8313
Lucia,Williams,+86 244-727-2251
Nia,Ibrahim,+39 444-734-2599
Yuki,Johnson,+1 812-995-9505
Jean,Kowalski,+49 882-681-4725
Samuel,Bianchi,+1 233-458-3679
Jean,Bianchi,+44 214-609-7580
Hiroshi,Petrov,+39 182-769-7443
Sophia,Popescu,+27 353-554-6371
Carlos,Miller,+81 274-907-9117
Hiroshi,Jones,+7 258-322-6427
Chen,Miller,+81 648-884-7132
Mia,Dubois,+7 195-470-4810
Lucia,Bianchi,+81 252-409-6190
Emma,Rossi,+44 743-555-8831
Lucia,Costa,+33 380-958-9855
Mohammed,Murphy,+27 335-553-5950
Fatima,Miller,+27 526-399-3106
Nia,Okafor,+1 484-616-2290
Hiroshi,Williams,+33 745-613-4551
Noah,Smith,+81 681-760-8181
Liam,Williams,+86 550-479-8015
Mohammed,Dubois,+39 186-148-6785
Hiroshi,Murphy,+86 907-363-5291
Ivan,Williams,+7 692-721-5292
Ava,O'Connor,+81 677-331-9369
Chloe,Ivanov,+39 198-452-3616
Carlos,Smith,+86 816-615-2416
Noah,Petrov,+7 684-898-4297
Emma,Ibrahim,+39 945-250-9395
Mohammed,Singh,+81 581-283-2766
Oliver,Costa,+27 405-508-6468
Liam,Smith,+39 662-349-6006
Jean,Kowalski,+86 663-801-3148
Samuel,Patel,+91 103-116-8654
Chloe,Singh,+33 135-521-1119
Wei,O'Connor,+7 556-409-5455
Sakura,Hernandez,+81 944-769-8480
Liam,Hernandez,+91 734-525-7905
Fatima,Li,+34 470-261-6259
Yuki,Miller,+27 894-961-8234
Sophia,Novak,+7 948-453-8561
Olga,Kim,+49 904-432-1446
Noah,Li,+7 565-558-2716
Ananya,Abadi,+49 741-135-8869
Anastasia,Chen,+34 655-148-5698
Noah,Lopez,+44 205-167-1194
Mohammed,Hernandez,+1 263-845-7250
Giulia,O'Connor,+34 263-410-4305
Liam,Smith,+81 538-865-8341
Sakura,Lopez,+33 489-590-7084
Nia,Johnson,+39 735-998-2517
Sofia,Patel,+33 856-455-7743
Oliver,Kim,+33 669-358-3834
Giulia,Ivanov,+39 671-531-5377
Léa,Brown,+1 190-208-4103
Lorenzo,Williams,+81 970-317-2189
Yuki,Johnson,+33 179-951-4295
Olga,Petrov,+86 726-568-4507
Mateo,Kowalski,+44 104-485-3200
Léa,Petrov,+86 946-516-4869
Sakura,Novak,+33 847-240-3289
Wei,Li,+39 470-579-3294
Oliver,Okafor,+86 979-542-6199
Ivan,Smith,+39 227-496-7889
Olga,Silva,+44 264-526-8986
Anastasia,Abebe,+34 332-319-8513
Chen,Ivanov,+81 787-788-7815
Léa,Novak,+44 602-925-1386
Aria,Kowalski,+7 858-548-5821
Léa,Ibrahim,+49 316-243-7442
Léa,Nguyen,+49 933-645-6400
Liam,Patel,+91 997-539-7330
Giulia,Jones,+7 289-884-1378
Hiroshi,Kim,+81 657-863-6311
Wei,Patel,+27 742-954-7457
Ananya,Martinez,+49 838-795-3354
Liam,Jones,+86 958-861-2572
Aria,Singh,+7 724-773-2461
Sophia,Silva,+7 571-313-7576
Giulia,Hernandez,+81 225-236-3460
Lorenzo,Novak,+34 515-849-4316
Ahmed,Garcia,+33 117-228-7079
Chen,Novak,+39 600-925-5044
Wei,Chen,+1 834-228-4447
Ava,Smith,+7 733-553-8203
Ivan,Miller,+1 991-329-2809
Kwame,Abadi,+7 971-816-8975
Oliver,Ibrahim,+33 155-448-7714
Chloe,Costa,+81 900-632-4825
Lucia,Lopez,+49 143-153-7870
Liam,Brown,+91 380-171-3832
Priya,Okafor,+49 997-762-5678
Hiroshi,Garcia,+49 192-524-3882
Samuel,Kowalski,+33 455-623-3888
Yuki,Ivanov,+27 370-549-2706
Olga,Ibrahim,+7 273-582-7522
Chloe,Li,+91 366-365-3727
Ivan,Ivanov,+86 402-769-8125
Chloe,Chen,+86 718-888-2465
Sofia,Hernandez,+81 159-903-9783
Liam,Lopez,+34 282-982-9801
Sofia,Rossi,+44 720-462-3892
Sakura,Ivanov,+86 529-603-3071
Sophia,Kim,+39 420-464-4472
Oliver,Williams,+33 924-630-4660
Chloe,Rossi,+44 259-627-4632
Jean,Lopez,+81 586-711-3983
Ava,Abadi,+86 989-447-8420
Ananya,Dubois,+7 977-144-4460
Emma,Johnson,+44 475-627-9691
Sofia,Silva,+1 967-706-2725
Chloe,Kowalski,+34 979-498-2812
Mateo,Brown,+7 163-630-9620
Ahmed,Costa,+91 798-867-5427
Ahmed,Okafor,+27 604-625-6508
Priya,Murphy,+49 463-180-3137
Olga,Ibrahim,+39 147-758-3557
Hiroshi,Miller,+34 310-921-2774
Priya,Nguyen,+34 618-269-5372
Sophia,Williams,+1 846-819-9148
Mohammed,Silva,+91 927-300-9374
Mia,Ibrahim,+39 427-636-8343
Wei,Abadi,+44 246-447-9677
Ananya,Silva,+7 391-574-8825
Ava,Garcia,+91 934-304-1626
Sophia,Ibrahim,+1 954-140-1683
Carlos,Chen,+44 966-272-7227
Chen,Silva,+86 940-484-9195
Ava,Singh,+33 527-666-8559
Kwame,Smith,+39 777-619-8702
Aria,O'Connor,+7 663-363-2104
Fatima,Abebe,+39 964-620-6431
Mia,Hernandez,+44 975-215-5585
Mateo,Patel,+49 681-475-3095
Priya,Williams,+27 644-827-6915
Mateo,Chen,+81 264-812-5480
Samuel,Smith,+39 774-233-3706
Anastasia,Singh,+86 688-466-2666
Mateo,Silva,+86 169-773-2773
Aria,Williams,+86 510-135-6785
Giulia,Smith,+27 348-555-7444
Aria,Garcia,+27 113-829-7419
Chloe,Miller,+81 735-741-2118
Oliver,Nguyen,+81 100-986-1532
Lucia,Rossi,+44 808-654-3356
Liam,Petrov,+33 950-932-7762
Ahmed,Singh,+91 417-870-9325
Kwame,Novak,+34 201-461-3819
Emma,Singh,+49 920-986-8327
Mia,Popescu,+39 472-259-5929
Noah,Murphy,+86 444-131-8237
Lorenzo,Chen,+27 676-500-8517
Chen,Kim,+91 896-719-7564
Mohammed,Martinez,+7 707-251-2428
Anastasia,Chen,+33 141-311-2120
Mohammed,Miller,+1 667-206-2686
Ivan,Ibrahim,+91 977-584-7151
Mateo,Brown,+44 149-662-5177
Carlos,Ivanov,+27 600-546-9923
Giulia,Abebe,+33 974-720-7766
Oliver,Garcia,+49 552-337-7064
Ananya,Novak,+81 377-400-6752
Anastasia,Miller,+7 788-607-2925
Ahmed,Patel,+86 723-466-6533
Yuki,Patel,+81 963-575-6453
Ahmed,Silva,+27 448-706-3382
Chloe,Lopez,+81 471-429-7518
Aria,Silva,+49 450-133-2315
Sakura,Abebe,+34 697-346-7658
Emma,Abebe,+49 434-117-8653
Liam,Miller,+49 370-824-9950
Léa,Kim,+27 595-922-5623
Chen,O'Connor,+44 744-488-8827
Ivan,Singh,+49 802-323-7356
Sophia,Kowalski,+81 587-418-1353
Emma,Miller,+39 857-153-7218
Giulia,Smith,+91 141-127-1719
Priya,O'Connor,+86 123-989-9336
Fatima,Li,+34 857-257-9998
Wei,Kim,+7 100-108-1964
Emma,Jones,+33 389-446-2236
Giulia,Novak,+81 779-196-6137
Mateo,Petrov,+34 569-757-8898
Oliver,Martinez,+86 834-562-8859
Fatima,Kim,+1 842-417-1254
Hiroshi,Li,+27 778-385-6931
Emma,Miller,+7 637-652-4349
Jean,Murphy,+33 323-870-6114
Oliver,Miller,+33 835-330-2105
Oliver,Abadi,+44 765-447-3523
Chloe,Hernandez,+34 299-160-9648
Giulia,Dubois,+33 983-429-3720
Mateo,Rossi,+7 681-551-9767
Carlos,Rossi,+7 623-236-5781
Hiroshi,Johnson,+44 343-475-8119
Priya,Costa,+1 336-903-9548
Ava,Jones,+44 116-176-6826
Ava,Nguyen,+86 107-153-1909
Sakura,Novak,+34 787-184-7403
Aria,Okafor,+81 512-986-2746
Chloe,Singh,+49 775-314-6252
Priya,Abebe,+1 972-812-2092
Chen,Novak,+39 919-897-7345
Mia,Dubois,+81 201-239-4999
Samuel,Novak,+34 426-973-2739
Mateo,Hernandez,+34 645-899-3075
Ananya,Hernandez,+7 494-637-6431
Lorenzo,Costa,+86 870-185-7224
Carlos,Costa,+91 285-375-8957
Yuki,Silva,+49 670-648-9258
Lorenzo,O'Connor,+49 497-781-2102
Léa,Silva,+49 376-539-2008
Fatima,Kim,+1 629-445-8886
Samuel,Popescu,+39 535-479-2293
Nia,O'Connor,+7 157-424-7036
Aria,Abadi,+1 342-631-8996
Mateo,Hernandez,+44 646-993-3539
Wei,Hernandez,+33 345-571-4329
Mia,Hernandez,+81 622-742-9644
Mohammed,Kim,+1 671-557-2917
Aria,Miller,+27 555-425-6129
Sakura,Singh,+49 930-111-4654
Wei,Hernandez,+27 893-775-3114
Samuel,Hernandez,+33 659-471-1074
Liam,Singh,+81 465-938-1371
Carlos,Kim,+39 615-911-5264
Jean,Costa,+27 807-721-2589
Fatima,Martinez,+81 131-756-3495
Sofia,Silva,+81 819-341-8535
Olga,Martinez,+7 404-531-5501
Léa,Silva,+7 321-211-8780
Léa,Kowalski,+33 228-583-9231
Mohammed,Brown,+1 844-416-7481
Wei,Ibrahim,+44 228-971-5527
Fatima,Hernandez,+34 737-878-5098
Lorenzo,Novak,+34 941-120-4135
Mia,Popescu,+39 251-879-6168
Mohammed,Costa,+1 710-602-4080
Lucia,Williams,+34 678-847-2272
Giulia,Singh,+33 127-863-9108
Kwame,Costa,+34 253-288-5430
Sofia,Chen,+49 828-489-6694
Léa,Li,+27 584-647-3434
Aria,Martinez,+33 631-385-8724
Nia,Nguyen,+34 642-387-2583
Fatima,Hernandez,+44 257-341-4600
Chen,Garcia,+49 867-430-9264
Sakura,Ivanov,+39 390-639-4613
Sophia,Rossi,+49 686-898-4843
Ava,Rossi,+49 552-207-5735
Yuki,Smith,+1 209-735-4122
Mohammed,Abebe,+39 599-944-9470
Mateo,Rossi,+7 437-922-2842
Samuel,Okafor,+7 778-794-2909
Mateo,Garcia,+81 448-274-6551
Mohammed,Silva,+86 596-966-6502
Jean,Murphy,+81 469-246-9230
Priya,Costa,+33 211-177-4557
Giulia,Abebe,+49 707-562-7869
Ava,Dubois,+91 266-488-9437
Ivan,O'Connor,+39 152-746-6760
Sofia,Smith,+7 790-953-6828
Mia,Brown,+81 275-166-7689
Samuel,Ivanov,+91 879-377-7938
Léa,Williams,+27 218-226-9275
Mia,Murphy,+49 480-145-7579
Chloe,O'Connor,+39 993-956-4870
Noah,Martinez,+49 388-602-1860
Liam,Singh,+86 825-516-6734
Yuki,Smith,+91 579-641-4073
Lucia,Smith,+44 138-287-4842
Mohammed,Kowalski,+91 765-837-3067
Fatima,Abebe,+86 437-593-4130
Lucia,Silva,+86 904-807-8418
Sophia,Dubois,+39 664-725-5381
Ahmed,Abebe,+33 811-189-8388
Mohammed,Williams,+81 756-971-5793
Wei,Jones,+44 729-435-7776
Oliver,Popescu,+34 632-872-2564
Kwame,Miller,+49 550-999-5939
Mateo,Costa,+34 819-217-9387
Anastasia,Miller,+44 134-787-6731
Mateo,Novak,+81 300-451-4403
Jean,Murphy,+33 983-907-8274
Priya,Miller,+1 136-911-9656
Léa,Ivanov,+81 396-241-2887
Lorenzo,Abebe,+81 314-399-3845
Lorenzo,Ibrahim,+39 537-727-1259
Sofia,Dubois,+1 651-813-7010
Mia,Li,+34 844-782-4294
Fatima,Costa,+27 245-233-3850
Chen,Williams,+91 578-596-4993
Hiroshi,Singh,+44 582-331-3802
Ananya,Miller,+33 669-986-3644
Emma,Patel,+27 126-166-3857
Giulia,Hernandez,+27 538-783-6506
Wei,Ivanov,+34 647-606-4903
Priya,Williams,+81 655-680-4712
Sophia,Nguyen,+39 938-965-4446
Lorenzo,Novak,+49 380-700-6915
Lorenzo,O'Connor,+1 521-440-5558
Aria,Kim,+49 717-557-9632
Fatima,Chen,+39 845-312-9824
Noah,Rossi,+7 620-208-3551
Lucia,Miller,+86 312-119-1961
Chloe,Brown,+86 735-224-5790
Oliver,Ibrahim,+33 771-221-9873
Aria,Li,+39 628-790-7899
Hiroshi,Costa,+34 790-859-5321
Ivan,Rossi,+86 207-417-9089
Fatima,Li,+27 115-732-8661
Yuki,Miller,+33 782-976-9870
Sophia,Silva,+33 316-957-2008
Chen,Bianchi,+1 716-735-2713
Mia,Bianchi,+27 535-835-1481
Fatima,Li,+33 633-486-3414
Carlos,Garcia,+81 794-940-1325
Lucia,Jones,+86 510-645-8058
Liam,Nguyen,+44 999-262-4242
Lucia,Singh,+1 761-243-3354
Anastasia,Smith,+39 174-726-6644
Olga,Silva,+49 367-301-4665
Ananya,Jones,+91 430-552-2997
Mohammed,Bianchi,+27 866-698-6035
Oliver,Nguyen,+91 184-561-4976
Ananya,Costa,+7 705-964-2560
Sophia,Novak,+34 205-415-3280
Chen,Ibrahim,+86 857-691-6001
Ava,Kim,+1 818-525-6207
Kwame,Abadi,+34 463-589-1645
Hiroshi,Abadi,+34 447-818-4011
Ava,Williams,+91 821-326-7792
Mateo,Popescu,+81 571-341-7347
Jean,Singh,+7 548-152-4587
Mateo,Miller,+7 831-935-4001
Chloe,Popescu,+7 436-511-5185
Priya,Brown,+7 377-914-2061
Sakura,Okafor,+44 695-299-3130
Noah,Hernandez,+49 139-307-9589
Anastasia,Petrov,+44 341-901-9562
Kwame,Miller,+1 986-181-8622
Noah,Costa,+7 488-576-2790
Olga,Ivanov,+27 996-366-8523
Kwame,Abebe,+44 344-320-4085
Kwame,Costa,+91 719-421-2623
Liam,Ivanov,+81 973-411-2466
Liam,Ivanov,+33 896-385-4155
Lucia,Costa,+34 868-178-7020
Mia,Ibrahim,+39 938-503-7091
Anastasia,Okafor,+81 221-769-6909
Giulia,Brown,+27 412-843-8349
Ahmed,Jones,+1 518-294-9904
Emma,Abebe,+91 844-357-4244
Samuel,Singh,+1 452-706-4984
Priya,Garcia,+7 592-927-7241
Samuel,Kim,+81 636-642-7843
Jean,Miller,+7 345-229-1900
Oliver,Brown,+91 390-148-2231
Chloe,Abadi,+44 818-984-1174
Lucia,Jones,+34 179-693-3955
Hiroshi,Okafor,+91 563-566-6907
Nia,Murphy,+44 935-875-8874
Nia,Petrov,+39 642-890-2465
Chen,Ibrahim,+39 604-534-9061
Ananya,Novak,+7 259-257-4577
Yuki,Garcia,+7 191-303-1588
Kwame,Murphy,+7 745-144-8863
Ava,Jones,+86 141-999-4777
Giulia,Bianchi,+49 120-886-9318
Mia,Garcia,+86 194-712-2007
Giulia,Kowalski,+27 907-772-6053
Carlos,Nguyen,+34 960-119-3346
Ava,Johnson,+86 778-601-1371
Fatima,Li,+91 685-524-6697
Oliver,Abadi,+7 440-914-5160
Chen,Petrov,+49 532-345-6512
Ahmed,Smith,+27 249-370-5028
Chen,Dubois,+39 770-483-5018
Hiroshi,Garcia,+7 966-951-7164
Kwame,Miller,+44 114-695-7772
Fatima,Bianchi,+27 526-121-4130
Mateo,Dubois,+7 318-955-2582
Noah,Costa,+33 105-459-4784
Léa,Silva,+86 333-226-8096
Hiroshi,Williams,+7 404-875-6568
Mateo,Jones,+86 654-967-4490
Noah,Li,+49 600-368-1192
Sakura,Ibrahim,+49 208-958-2326
Lucia,Ivanov,+81 646-737-4843
Yuki,Ibrahim,+7 254-227-6928
Ahmed,Kim,+27 198-627-2637
Wei,O'Connor,+39 689-939-2753
Ananya,Popescu,+7 396-899-5006
Sofia,Martinez,+1 834-661-9560
Yuki,Li,+39 989-305-3493
Noah,Ivanov,+91 824-406-3535
Nia,Lopez,+44 441-211-5787
Nia,Bianchi,+91 411-234-1074
Jean,Silva,+1 374-994-5698
Yuki,Kim,+49 681-559-5914
Emma,Rossi,+49 113-941-2066
Wei,Johnson,+91 513-798-9839
Hiroshi,Lopez,+81 290-386-6556
Aria,Murphy,+34 726-197-3887
Noah,Singh,+7 485-158-5385
Olga,Petrov,+39 770-947-8933
Yuki,Petrov,+39 627-184-2805
Nia,Johnson,+81 359-898-7194
Fatima,Okafor,+33 950-987-2276
Samuel,Jones,+1 615-179-8126
Kwame,Patel,+39 487-175-8467
Hiroshi,Brown,+33 486-123-3325
Liam,Singh,+1 945-110-1928
Olga,Ivanov,+34 256-188-6807
Sofia,Singh,+39 805-474-1210
Kwame,Chen,+39 258-376-3105
Emma,Dubois,+33 193-523-2958
Ahmed,Martinez,+33 836-308-5315
Jean,Williams,+1 336-275-7775
Yuki,Brown,+27 834-980-2216
Emma,Rossi,+33 824-311-2617
Jean,Costa,+44 209-337-9589
Chloe,Kim,+7 138-176-4359
Yuki,Li,+33 373-664-8678
Mia,Ivanov,+86 810-197-2958
Hiroshi,Costa,+27 265-468-6559
Oliver,Nguyen,+33 892-422-8963
Liam,Singh,+81 559-745-5157
Fatima,Silva,+34 376-857-1761
Wei,Hernandez,+81 901-515-2649
Lucia,Costa,+33 806-874-7985
Mohammed,Novak,+44 767-785-5436
Carlos,Petrov,+44 752-705-1357
Fatima,Brown,+7 191-882-6801
Ivan,Kowalski,+91 605-483-5495
Chloe,Rossi,+91 415-673-4003
Olga,Ibrahim,+39 791-866-9946
Lorenzo,Silva,+7 720-123-4415
Mia,Smith,+81 165-702-7644
Lucia,Smith,+44 977-187-2627
Samuel,Lopez,+33 498-796-2513
Yuki,Chen,+34 640-212-9549
Anastasia,Johnson,+39 964-705-5658
Mohammed,Miller,+86 339-996-4350
Liam,Ivanov,+81 654-532-9614
Priya,Johnson,+44 505-620-2406
Samuel,Novak,+39 704-547-2799
Wei,Novak,+39 603-479-8285
Wei,Dubois,+91 600-797-6257
Sofia,Martinez,+27 548-336-7640
Yuki,Jones,+27 701-602-6830
Liam,Bianchi,+49 390-707-6250
Hiroshi,Abebe,+86 972-922-4505
Ivan,Williams,+34 781-400-8564
Lucia,Costa,+49 822-328-7506
Hiroshi,Rossi,+7 431-433-5444
Mateo,Petrov,+44 348-268-7959
Oliver,Abebe,+34 254-358-3230
Priya,Smith,+39 794-942-2408
Giulia,Hernandez,+86 797-382-7289
Samuel,Kim,+33 646-444-9739
Chen,Williams,+1 827-223-3227
Lucia,Johnson,+86 971-205-7093
Lorenzo,Chen,+27 778-626-5363
Léa,Hernandez,+7 979-190-3679
Sakura,Garcia,+7 887-720-7930
Léa,Bianchi,+33 281-955-7171
Priya,Rossi,+33 257-197-4711
Aria,Smith,+91 194-197-1643
Wei,Costa,+49 395-782-1201
Mateo,Kim,+7 496-313-8429
Lorenzo,Hernandez,+44 854-476-3089
Emma,Okafor,+81 727-740-5559
Chloe,Garcia,+86 779-291-2010
Nia,Williams,+27 570-950-3060
Jean,Williams,+27 543-902-5707
Yuki,Rossi,+44 863-843-8381
Liam,O'Connor,+91 405-221-2886
Olga,Novak,+81 149-960-4880
Aria,Ivanov,+49 789-639-3264
Sofia,Abadi,+33 521-779-3292
Yuki,Novak,+91 775-376-6597
Sophia,Ibrahim,+7 165-869-2849
Jean,Costa,+91 951-645-5324
Sophia,Kim,+91 729-791-5483
Chen,Jones,+34 410-627-5101
Ahmed,Garcia,+27 415-192-1642
Ahmed,Novak,+81 948-840-2045
Léa,Hernandez,+7 803-506-9020
Chloe,Ivanov,+44 119-937-1344
Liam,Lopez,+91 438-713-2077
Giulia,Petrov,+27 463-467-7300
Olga,Rossi,+33 533-581-1570
Mia,Costa,+39 731-701-7093
Chen,Hernandez,+49 202-507-4268
Priya,O'Connor,+1 493-671-5304
Mohammed,Smith,+86 846-611-5590
Oliver,Murphy,+81 462-299-8874
Ananya,Kowalski,+81 548-788-8388
Sophia,Kim,+27 279-896-7476
Ahmed,Ivanov,+44 658-203-5172
Kwame,Ibrahim,+33 222-636-3597
Hiroshi,Silva,+27 749-359-9530
Wei,Martinez,+1 926-634-9854
Mia,Garcia,+44 917-667-6632
Chen,Rossi,+27 492-977-8641
Yuki,O'Connor,+86 734-907-6379
Noah,Popescu,+86 301-955-3249
Chen,Nguyen,+33 465-685-5701
Sophia,Abadi,+86 967-387-8880
Emma,O'Connor,+91 436-304-8464
Ananya,Abebe,+49 159-953-9624
Yuki,Singh,+34 872-237-8418
Sakura,O'Connor,+1 980-434-7682
Yuki,Nguyen,+39 385-576-2197
Hiroshi,Rossi,+81 688-713-4364
Jean,Dubois,+49 879-399-5819
Anastasia,Kim,+86 375-951-1222
Samuel,Johnson,+34 372-121-9256
Chen,Abadi,+27 324-850-3177
Aria,Garcia,+81 832-218-8204
Sakura,Martinez,+27 835-324-7255
Ananya,Dubois,+81 470-659-5560
Nia,Costa,+7 595-289-3903
Sakura,Bianchi,+34 363-880-4445
Jean,Murphy,+27 775-334-7426
Emma,Abadi,+44 347-997-5558
Chloe,Miller,+1 467-815-9365
Sakura,Nguyen,+86 258-258-3903
Priya,Popescu,+1 963-229-2909
Oliver,Chen,+44 370-706-3362
Léa,Lopez,+81 495-639-5674
Olga,Popescu,+81 516-147-9492
Wei,Murphy,+7 636-660-5675
Kwame,Smith,+7 635-548-7803
Giulia,Novak,+27 429-374-2932
Ava,Rossi,+1 588-828-3272
Chen,Brown,+1 751-468-5025
Ahmed,Costa,+86 468-844-7464
Ivan,Costa,+44 293-436-4322
Kwame,Ivanov,+27 329-243-9891
Samuel,Novak,+91 279-219-5526
Ivan,Okafor,+86 830-886-8562
Aria,Jones,+49 882-825-9045
Emma,Murphy,+1 534-508-6346
Hiroshi,Murphy,+39 231-822-2239
Yuki,Okafor,+91 758-739-3698
Mateo,Murphy,+34 163-951-3211
Carlos,Miller,+81 722-725-6057
Mateo,Miller,+81 149-619-2967
Chloe,Petrov,+44 838-523-4807
Lucia,Popescu,+91 186-472-4683
Liam,Kim,+1 311-112-1453
Yuki,Garcia,+1 222-367-7814
Liam,Bianchi,+81 631-970-8323
Giulia,Singh,+34 328-814-2399
Priya,Hernandez,+86 102-366-5871
Ananya,Nguyen,+91 377-493-5600
Olga,Kowalski,+33 184-866-8613
Hiroshi,Costa,+81 719-355-1689
Ahmed,Jones,+7 397-978-1191
Yuki,Hernandez,+34 716-842-4391
Mohammed,Costa,+1 276-405-6070
Léa,Johnson,+1 986-795-1350
Ivan,Miller,+39 925-885-6224
Emma,Singh,+49 509-166-6835
Emma,Chen,+49 575-326-6911
Nia,Chen,+81 266-528-5408
Noah,Hernandez,+7 166-730-6093
Léa,Ibrahim,+1 654-137-9991
Mateo,Chen,+33 846-603-1790
Emma,Li,+44 310-997-7494
Noah,Garcia,+27 490-185-9983
Kwame,Bianchi,+49 874-542-1584
Wei,Patel,+27 162-414-1987
Chen,Costa,+33 887-778-8643
Liam,Lopez,+1 649-213-4135
Léa,Novak,+44 913-445-3631
Carlos,Costa,+39 754-438-6769
Anastasia,Murphy,+34 516-205-4369
Samuel,Murphy,+49 204-723-9140
Sakura,Abebe,+7 350-661-3550
Sofia,Patel,+34 142-297-2666
Anastasia,Abebe,+27 336-959-1338
Léa,Patel,+1 951-133-7990
Carlos,Abebe,+86 698-756-6004
Nia,Kowalski,+44 103-942-8178
Ananya,Li,+44 769-295-6548
Fatima,Hernandez,+1 705-776-8759
Ahmed,Garcia,+44 668-172-1478
Yuki,Garcia,+1 861-990-7216
Nia,Ibrahim,+91 170-884-1255
Yuki,Chen,+1 748-660-4822
Chloe,Hernandez,+49 246-899-4762
Anastasia,Jones,+49 429-627-4627
Hiroshi,Lopez,+44 743-429-2033
Sophia,Miller,+81 147-555-7515
Noah,Martinez,+86 766-329-6616
Sophia,Dubois,+86 296-268-6925
Samuel,Nguyen,+33 100-480-5707
Mateo,Ivanov,+91 927-807-7723
Mateo,Murphy,+1 266-135-9765
Carlos,Ivanov,+39 436-778-7739
Sofia,Hernandez,+39 497-200-9833
Noah,Rossi,+1 299-775-2370
Samuel,Miller,+91 591-884-2976
Liam,Jones,+1 280-934-5508
Lorenzo,Ivanov,+39 811-541-1382
Carlos,Silva,+34 503-751-7265
Jean,Petrov,+39 541-218-3771
Liam,Smith,+44 296-813-3314
Mohammed,Li,+7 498-779-2744
Yuki,Garcia,+1 844-405-7442
Ava,Ivanov,+7 892-714-1521
Mateo,Lopez,+7 675-606-1000
Chloe,Rossi,+44 521-201-7544
Anastasia,Garcia,+81 754-788-8699
Fatima,O'Connor,+86 200-705-2066
Emma,Hernandez,+33 369-568-2596
Mia,Singh,+39 973-748-4675
Aria,Singh,+91 287-288-2406
Samuel,Kim,+81 793-486-7004
Chen,Garcia,+49 740-663-3773
Léa,Okafor,+1 367-267-3452
Hiroshi,Smith,+34 414-237-9198
Sakura,Abebe,+33 533-322-6414
Olga,Murphy,+34 469-870-2328
Aria,Miller,+81 550-526-6508
Oliver,Singh,+33 240-797-3118
Mohammed,Abadi,+91 336-524-3142
Anastasia,Martinez,+27 376-816-6417
Priya,Rossi,+81 851-451-2182
Ivan,Garcia,+49 263-210-3189
Sophia,Singh,+49 514-847-7600
Liam,Dubois,+33 235-392-2453
Sophia,Ibrahim,+33 667-895-4745
Kwame,Kim,+49 526-861-3526
Wei,Abadi,+33 232-961-9975
Aria,Singh,+34 802-178-7431
Oliver,Popescu,+39 991-771-9809
Sofia,Chen,+34 717-659-4523
Mia,Miller,+86 364-867-7947
Ivan,Abadi,+39 219-822-2652
Sophia,Petrov,+49 929-112-1141
Olga,Novak,+81 967-206-9799
Olga,Okafor,+86 132-784-6346
Mia,Garcia,+34 120-146-7015
Chloe,Li,+86 986-603-4389
Giulia,Brown,+49 505-278-2584
Léa,Garcia,+34 427-363-5277
Fatima,Kowalski,+81 530-952-5630
Wei,Kim,+7 931-251-1103
Ahmed,Singh,+34 850-502-6420
Lucia,Okafor,+39 567-685-9580
Olga,Novak,+33 697-137-4103
Jean,Singh,+1 379-531-9952
Wei,Murphy,+49 482-702-6671
Chloe,Abadi,+1 667-111-1779
Sophia,Rossi,+44 578-919-2494
Wei,Patel,+44 170-293-1777
Priya,Abebe,+81 387-408-5878
Chen,Brown,+91 285-840-2232
Ananya,Okafor,+39 190-354-2512
Ivan,Kowalski,+81 148-617-5245
Kwame,Brown,+81 611-681-5319
Mateo,Lopez,+39 744-353-6794
Hiroshi,Johnson,+49 603-936-6627
Yuki,Brown,+49 240-379-3780
Sophia,Lopez,+33 285-537-9271
Kwame,Nguyen,+86 473-959-2127
Emma,Ibrahim,+81 639-100-8109
Ivan,Lopez,+1 399-887-9789
Chen,Popescu,+39 699-507-2503
Anastasia,O'Connor,+1 513-573-9536
Anastasia,Nguyen,+86 305-552-8486
Samuel,Bianchi,+7 158-734-7018
Jean,Silva,+27 848-348-8191
Giulia,Okafor,+1 839-967-5095
Lorenzo,Li,+33 199-509-2233
Sofia,Nguyen,+1 330-923-3837
Fatima,Okafor,+27 290-588-5176
Ananya,Martinez,+34 534-831-5038
Ahmed,Ibrahim,+91 711-342-7091
Mateo,Nguyen,+27 670-472-7558
Giulia,Bianchi,+34 748-455-1537
Ahmed,Ivanov,+34 525-357-9875
Aria,Li,+34 273-980-3202
Chen,Murphy,+44 744-383-7552
Nia,Martinez,+27 761-996-1110
Liam,Popescu,+7 488-630-3463
Ahmed,Okafor,+49 513-217-6586
Giulia,Li,+1 239-752-8425
Ananya,Williams,+1 937-417-7002
Emma,Martinez,+86 344-548-2874
Mateo,Johnson,+27 905-281-6750
Giulia,Lopez,+44 469-983-3612
Olga,Novak,+1 334-848-3370
Aria,Chen,+86 510-968-6996
Samuel,Abadi,+49 797-135-9344
Oliver,Kim,+34 325-239-3586
Wei,Smith,+33 616-998-6723
Chloe,Ibrahim,+7 827-716-2332
Lucia,Costa,+1 251-770-4226
Carlos,Kim,+1 934-701-7000
Léa,Johnson,+7 163-738-5734
Aria,Garcia,+39 252-331-9579
Wei,Petrov,+1 744-862-8292
Mohammed,Popescu,+44 419-430-9753
Sofia,Miller,+1 977-181-9876
Yuki,Patel,+27 624-586-1480
Sofia,Johnson,+33 753-106-4215
Sophia,Smith,+44 978-972-3734
Sakura,Li,+7 527-729-5692
Sophia,Williams,+86 737-859-3169
Emma,Petrov,+33 462-246-9713
Mateo,Chen,+81 112-223-8960
Lorenzo,Hernandez,+27 340-178-1351
Yuki,Lopez,+81 825-335-2591
Priya,Johnson,+1 673-475-7520
Kwame,Abadi,+1 364-241-9224
Sakura,Hernandez,+33 864-420-2638
Ahmed,Brown,+49 147-981-3241
Yuki,Williams,+81 656-240-2116
Ananya,Abadi,+34 443-291-7441
Giulia,Lopez,+44 122-588-2777
Chen,Chen,+27 136-401-3904
Wei,Bianchi,+39 770-666-2647
Priya,Singh,+86 931-329-6027
Ananya,Li,+86 606-148-6911
Wei,Brown,+7 878-627-3876
Emma,Murphy,+49 169-644-9427
Nia,Johnson,+34 452-977-1494
Sofia,Chen,+39 576-882-8625
Fatima,Brown,+49 129-946-1534
Nia,Popescu,+49 631-419-5996
Lorenzo,Bianchi,+34 150-117-5680
Anastasia,O'Connor,+1 309-415-2243
Nia,Murphy,+1 407-125-8472
Samuel,Silva,+86 856-658-6603
Nia,Okafor,+39 385-604-2552
Léa,Chen,+33 613-232-7131
Lorenzo,Smith,+44 318-868-3154
Aria,Chen,+81 723-946-1773
Mohammed,Li,+49 784-715-1518
Léa,Li,+81 180-632-8061
Chloe,Williams,+39 461-453-6283
Ava,Ibrahim,+86 338-720-9653
Yuki,Dubois,+44 280-817-5437
Giulia,Chen,+33 980-514-3998
Fatima,Costa,+49 706-803-8099
Léa,Bianchi,+33 439-849-3238
Ivan,Miller,+86 927-758-8408
Giulia,Miller,+44 389-164-6761
Kwame,Ivanov,+34 682-343-3130
Hiroshi,Murphy,+81 258-500-4833
Noah,O'Connor,+81 182-271-2992
Jean,Abadi,+34 196-825-9853
Sakura,Ivanov,+39 624-890-4947
Kwame,Patel,+7 241-331-5740
Oliver,Martinez,+33 490-781-3104
Sofia,Rossi,+81 931-193-8400
Ahmed,Lopez,+34 756-406-2915
Sakura,Silva,+39 902-831-3419
Mateo,Ivanov,+39 701-877-9964
Anastasia,Bianchi,+49 582-546-3543
Ivan,Garcia,+33 585-853-2562
Jean,Brown,+39 327-767-7123
Hiroshi,Garcia,+91 461-137-7754
Yuki,Dubois,+91 885-828-6277
Ava,O'Connor,+44 872-660-2983
Giulia,Williams,+49 149-331-3813
Noah,Silva,+33 742-685-4682
Hiroshi,Jones,+44 788-956-1793
Hiroshi,Brown,+86 577-919-3583
Léa,Ivanov,+39 810-426-5659
Ivan,Silva,+44 503-578-5538
Sakura,Petrov,+33 167-802-3994
Jean,Abebe,+44 794-957-7592
Samuel,Garcia,+86 204-588-7326
Noah,Novak,+33 758-264-3244
Jean,Lopez,+27 723-147-2156
Giulia,O'Connor,+81 477-932-9684
Chen,Patel,+27 449-983-4774
Ivan,Chen,+81 464-282-1195
Chloe,Kim,+7 210-250-7843
Hiroshi,Lopez,+86 103-820-4660
Emma,O'Connor,+49 771-444-3062
Lorenzo,Novak,+91 938-583-3527
Samuel,Li,+34 426-796-9815
Aria,Abebe,+39 647-445-5060
Priya,Kim,+91 543-937-6589
Ava,Petrov,+44 883-895-6486
Ananya,Kim,+33 538-629-6947
Emma,Silva,+86 711-408-4953
Priya,Costa,+7 484-168-8246
Chloe,Costa,+34 553-296-4234
Mohammed,Miller,+1 758-608-1113
Fatima,Lopez,+49 803-442-3872
Liam,Lopez,+91 943-759-2343
Priya,Williams,+91 897-577-9832
Kwame,Singh,+7 491-953-8528
Sakura,Miller,+81 867-412-3592
Sofia,Rossi,+27 148-150-2737
Sakura,Patel,+33 755-879-4119
Fatima,Abadi,+49 783-546-5950
Kwame,Abadi,+34 894-844-6402
Kwame,Novak,+7 730-544-4452
Sophia,Hernandez,+7 237-116-6052
Fatima,Brown,+91 905-337-3632
Priya,Lopez,+27 134-946-5433
Lucia,Okafor,+39 446-381-7471
Aria,Martinez,+34 361-861-2476
Priya,Kim,+81 288-186-9305
Ahmed,Brown,+39 935-996-2045
Ivan,Kim,+49 755-286-2778
Carlos,Kim,+81 531-485-4508
Noah,Novak,+86 397-487-2529
Hiroshi,Jones,+1 230-875-6205
Chen,Popescu,+34 636-681-5050
Sakura,Jones,+49 974-161-1204
Priya,Ivanov,+34 890-428-4211
Ava,Kim,+49 549-668-6674
Carlos,Li,+44 524-934-4091
Ananya,Lopez,+7 325-315-7618
Ivan,Chen,+44 974-980-2655
Léa,Ivanov,+39 327-560-5132
Kwame,Costa,+86 576-700-1311
Oliver,Chen,+44 688-114-5652
Lorenzo,Nguyen,+27 701-505-9573
Ivan,Dubois,+86 966-234-9117
Ahmed,Martinez,+34 332-497-2560
Fatima,Jones,+33 143-828-2682
Léa,Nguyen,+39 463-738-2736
Mohammed,Ibrahim,+81 173-163-9985
Ava,Johnson,+33 616-489-4080
Lucia,Martinez,+39 652-550-5009
Oliver,Patel,+49 476-846-9256
Ivan,Smith,+7 890-188-9865
Jean,Rossi,+1 805-755-2319
Sakura,Smith,+33 367-799-4373
Kwame,Kowalski,+44 920-722-3919
Kwame,Garcia,+86 832-941-1703
Giulia,Brown,+34 921-735-9980
Wei,Jones,+7 522-723-3489
Chen,Dubois,+7 355-536-6706
Ananya,Smith,+81 244-354-3534
Anastasia,Ibrahim,+44 355-397-7032
Ava,Popescu,+44 211-882-5674
Mia,Patel,+49 763-783-1567
Aria,Singh,+86 218-750-1515
Chloe,Jones,+1 396-848-2360
Jean,Bianchi,+44 123-615-4189
Ahmed,Singh,+1 252-120-1868
Sophia,O'Connor,+49 948-410-9189
Sofia,Petrov,+27 991-443-7900
Anastasia,Chen,+39 909-941-6502
Nia,Ibrahim,+1 466-442-4135
Chloe,Ivanov,+86 322-114-1700
Lorenzo,Singh,+81 197-310-6563
Ananya,Popescu,+1 378-845-9147
Carlos,Abadi,+1 388-422-8129
Chloe,Abebe,+7 131-340-3050
Ava,Silva,+86 366-153-3870
Ava,Miller,+49 573-236-6138
Hiroshi,Johnson,+27 645-713-7195
Mia,Murphy,+1 782-957-5172
Lorenzo,Patel,+81 202-736-3976
Sophia,Hernandez,+86 926-640-2812
Sofia,Lopez,+44 309-696-2590
Aria,Lopez,+33 466-310-9960
Kwame,Rossi,+49 382-730-8976
Anastasia,Bianchi,+49 250-442-5031
Hiroshi,Silva,+33 339-836-9017
Olga,Lopez,+86 323-118-7824
Liam,Lopez,+39 815-944-6080
Samuel,Costa,+27 199-894-4148
Hiroshi,Patel,+81 371-540-4014
Aria,Brown,+44 929-142-1591
Hiroshi,Miller,+39 873-836-8157
Jean,Brown,+1 270-533-4009
Lucia,Patel,+34 594-663-9323
Chen,Costa,+81 626-811-3929
Liam,Smith,+27 812-446-7030
Lucia,Nguyen,+49 500-938-4814
Jean,Ibrahim,+49 204-657-5116
Wei,Williams,+81 985-352-3340
Sakura,Bianchi,+33 654-810-7586
Sophia,Rossi,+33 621-441-1862
Samuel,Novak,+49 725-838-4251
Ava,Popescu,+27 168-927-9675
Hiroshi,Kowalski,+1 233-532-6961
Carlos,Abadi,+34 245-594-9814
Ivan,O'Connor,+86 217-563-3574
Wei,Singh,+91 767-954-1595
Lucia,Popescu,+1 815-875-9054
Ivan,Hernandez,+44 388-112-8979
Anastasia,Silva,+91 715-657-4885
Nia,Singh,+81 485-862-8329
Wei,Williams,+33 842-171-9309
Nia,Ibrahim,+1 512-808-9587
Nia,Singh,+34 577-127-6410
Oliver,Dubois,+39 288-466-7917
Priya,Patel,+49 341-764-4084
Fatima,Singh,+44 762-373-3331
Kwame,Patel,+7 549-410-1199
Wei,Li,+33 425-391-4416
Jean,Ibrahim,+91 414-965-7071
Lorenzo,Kim,+34 406-651-9094
Ananya,Dubois,+34 755-230-6346
Hiroshi,Johnson,+1 769-735-2446
Chloe,Johnson,+1 284-856-9000
Mateo,Hernandez,+49 722-713-5071
Mateo,Costa,+1 897-570-7555
Giulia,Garcia,+27 994-209-9105
Sophia,Silva,+86 796-509-4266
Lucia,Brown,+34 867-602-8360
Sophia,Nguyen,+91 298-690-2278
Samuel,Dubois,+27 590-199-8898
Giulia,Rossi,+27 247-139-6677
Lorenzo,Ibrahim,+27 672-709-7479
Chen,Novak,+39 440-545-7436
Oliver,Abadi,+44 686-209-9612
Mohammed,Ibrahim,+49 594-513-3463
Sakura,Novak,+49 282-943-8151
Sofia,Martinez,+7 352-335-8964
Yuki,Martinez,+1 935-928-1689
Chloe,Lopez,+1 145-690-3550
Nia,Abadi,+27 384-171-3482
Olga,Kim,+91 329-108-7555
Jean,Costa,+86 494-680-4887
Lucia,Nguyen,+27 601-613-6876
Anastasia,Garcia,+49 195-922-9640
Jean,Silva,+86 331-330-7780
Carlos,Dubois,+39 461-985-1974
Aria,Garcia,+33 794-834-4972
Fatima,Brown,+86 898-914-6999
Oliver,Brown,+34 526-352-3108
Carlos,Rossi,+34 188-870-6777
Aria,Okafor,+49 765-672-5911
Chen,Singh,+81 838-888-3097
Mateo,Johnson,+49 552-393-4744
Jean,Silva,+49 754-664-8361
Sofia,Patel,+39 615-515-7954
Sophia,Smith,+49 642-472-3388
Sakura,Chen,+7 554-719-2363
Olga,Smith,+44 602-905-5360
Chloe,Petrov,+34 990-747-5750
Kwame,Patel,+49 112-288-9285
Giulia,Williams,+39 487-824-2971
Sophia,Martinez,+86 964-748-7820
Sophia,Murphy,+33 105-749-4431
Noah,Silva,+7 797-787-4216
Lorenzo,Dubois,+91 843-238-3489
Lucia,Ivanov,+33 394-390-9099
Sophia,Petrov,+49 133-787-1414
Ava,Ibrahim,+91 783-350-7856
Mia,Novak,+7 274-359-3238
Jean,Novak,+1 468-623-4686
Giulia,Singh,+7 397-424-9452
Chloe,Ivanov,+34 414-871-6219
Mohammed,Chen,+1 528-451-1533
Lorenzo,Abebe,+39 969-588-4093
Noah,Hernandez,+39 993-548-5648
Anastasia,Abadi,+1 274-557-7902
Ananya,Petrov,+86 452-566-4723
Noah,Brown,+7 256-210-4290
Noah,Petrov,+33 371-882-7335
Fatima,O'Connor,+1 883-197-3290
Giulia,Hernandez,+39 164-840-7799
Priya,Lopez,+34 368-696-4108
Aria,Jones,+1 174-523-5294
Fatima,Garcia,+27 181-994-9952
Ananya,Novak,+44 120-529-1655
Ava,Petrov,+1 401-713-2991
Chen,Jones,+27 192-553-5104
Hiroshi,Bianchi,+33 560-416-7775
Olga,Abadi,+34 733-933-8936
Ava,Singh,+27 596-355-6903
Oliver,Okafor,+34 700-814-1928
Mohammed,Kim,+44 658-632-9067
Hiroshi,Abebe,+86 619-588-9356
Lorenzo,Petrov,+86 592-780-3905
Mohammed,Ibrahim,+39 250-955-1514
Priya,Petrov,+49 421-636-1234
Anastasia,Dubois,+81 253-763-7711
Noah,Singh,+39 578-471-5105
Mateo,Patel,+44 629-741-3959
Priya,Smith,+27 848-913-4293
Mia,Ivanov,+27 782-213-5014
Chen,Patel,+86 146-410-2620
Giulia,Chen,+91 519-890-4018
Fatima,Rossi,+91 174-248-6519
Kwame,Abebe,+49 964-872-3259
Yuki,Costa,+1 830-703-2349
Léa,Hernandez,+7 724-649-2742
Yuki,Kim,+39 383-818-1708
Emma,Petrov,+91 914-875-2263
Nia,Okafor,+44 511-426-2685
Chloe,Li,+33 941-413-4417
Ivan,Ivanov,+39 477-188-6717
Mateo,Abadi,+91 276-991-8159
Ava,Okafor,+39 692-527-9854
Priya,Abadi,+7 478-577-3576
Jean,Ibrahim,+86 135-755-2783
Emma,Lopez,+91 566-438-5677
Sofia,Okafor,+33 152-534-6680
Nia,Miller,+27 153-622-5998
Giulia,Garcia,+34 386-626-6585
Sophia,O'Connor,+86 502-584-4486
Carlos,Smith,+86 561-641-7253
Aria,Ibrahim,+81 671-581-2758
Fatima,Abadi,+1 897-499-3924
Jean,Garcia,+39 545-873-7331
Mohammed,Abadi,+34 250-257-8365
Ahmed,Bianchi,+33 723-966-8889
Mia,Chen,+27 198-370-8775
Olga,Novak,+1 339-284-1506
Kwame,Ibrahim,+44 583-882-1286
Lorenzo,Lopez,+91 159-583-2580
Anastasia,Bianchi,+86 999-170-4312
Anastasia,Garcia,+44 853-387-2956
Kwame,O'Connor,+49 588-585-4937
Ahmed,Williams,+34 250-911-1029
Mia,Johnson,+34 257-945-6864
Mateo,Jones,+86 809-877-2883
Mateo,Okafor,+91 650-776-1704
Sophia,Chen,+39 199-512-2010
Priya,Lopez,+81 931-954-2066
Ava,Nguyen,+7 419-590-4338
Mohammed,Brown,+7 417-171-5175
Mia,Li,+39 307-967-3665
Giulia,Nguyen,+39 438-643-1546
Jean,Smith,+49 398-314-6153
Sofia,Li,+91 707-849-1856
Emma,Johnson,+86 526-233-9014
Ivan,Johnson,+49 142-187-7798
Kwame,Li,+33 175-717-5676
Liam,Okafor,+39 586-599-6322
Anastasia,Smith,+27 825-690-7167
Noah,Chen,+39 225-537-2606
Jean,Bianchi,+49 201-221-4521
Ava,O'Connor,+1 657-780-6865
Fatima,Lopez,+33 563-578-6462
Mohammed,Brown,+27 200-202-4462
Anastasia,Hernandez,+49 498-419-7317
Ava,Abebe,+86 716-976-2260
Noah,Chen,+1 210-902-8040
Emma,O'Connor,+81 797-822-6616
Chen,Bianchi,+39 428-310-7385
Lorenzo,Popescu,+39 687-617-9165
Carlos,Garcia,+86 993-342-9425
Ananya,Hernandez,+44 931-762-6923
Lorenzo,Nguyen,+7 928-106-3139
Mohammed,Martinez,+33 592-398-6862
Hiroshi,Silva,+33 786-314-6539
Anastasia,Hernandez,+7 770-565-3466
Aria,Garcia,+49 919-623-2895
Aria,Smith,+86 957-971-6850
Fatima,Williams,+1 359-858-1009
Anastasia,Okafor,+33 198-957-4995
Kwame,Ibrahim,+49 757-580-9598
Hiroshi,Ivanov,+27 107-624-8051
Jean,Kim,+7 461-288-8256
Wei,Silva,+86 999-380-5942
Chen,Williams,+49 439-793-7224
Nia,Martinez,+44 935-274-6764
Chloe,Popescu,+7 353-181-3285
Kwame,Martinez,+34 584-496-7334
Olga,Patel,+1 277-845-2968
Yuki,Martinez,+91 384-722-1876
Ivan,Ivanov,+39 741-554-2679
Liam,Garcia,+34 201-585-9144
Lorenzo,Brown,+7 627-675-9611
Giulia,Kowalski,+7 528-365-9991
Giulia,Hernandez,+34 939-637-2917
Ivan,Chen,+91 100-453-4752
Nia,Kim,+33 250-415-3666
Chen,Ibrahim,+39 393-554-2152
Mia,Hernandez,+34 518-599-1397
Samuel,Abadi,+33 719-892-7780
Mohammed,Petrov,+33 394-943-5101
Priya,Patel,+7 570-468-1170
Anastasia,Nguyen,+39 933-322-4088
Ahmed,Abebe,+86 985-445-8529
Sophia,Rossi,+81 808-743-9526
Lucia,Petrov,+7 272-796-8458
Chloe,Kowalski,+91 277-204-3624
Samuel,Chen,+86 651-838-8767
Olga,Williams,+91 485-654-6066
Kwame,Costa,+44 483-618-4738
Jean,O'Connor,+34 390-968-5943
Noah,Rossi,+34 240-299-8712
Carlos,O'Connor,+91 790-531-5188
Chloe,Abadi,+27 387-228-5323
Noah,Li,+86 597-757-8559
Sophia,Li,+1 523-567-4966
Priya,Martinez,+1 877-200-6059
Fatima,Ibrahim,+39 666-110-6569
Léa,Williams,+1 507-658-5527
Olga,Ivanov,+44 505-394-7717
Chloe,Silva,+34 301-852-8918
Chloe,Li,+91 425-594-3467
Emma,Abebe,+34 176-958-2823
Lorenzo,Lopez,+33 695-393-7812
Sophia,Miller,+91 876-760-8670
Sofia,Lopez,+49 786-591-3739
Nia,Bianchi,+1 695-601-3973
Carlos,Silva,+27 908-480-6924
Ananya,Jones,+44 410-477-7087
Léa,Nguyen,+33 759-332-9842
Giulia,Martinez,+91 654-368-1203
Sophia,Patel,+81 979-908-3669
Sofia,Abebe,+39 795-649-6894
Hiroshi,Costa,+27 646-560-3822
Liam,Ibrahim,+1 629-657-9380
Sofia,Popescu,+1 920-410-7882
Mia,Ibrahim,+91 421-304-3332
Sophia,Li,+39 303-507-1088
Sakura,Murphy,+34 344-539-6994
Samuel,Petrov,+81 756-827-3087
Anastasia,Abebe,+91 731-633-7395
Fatima,Silva,+33 578-334-1567
Nia,Ibrahim,+1 497-493-8046
Yuki,Ibrahim,+34 886-179-5603
Emma,Abadi,+49 248-643-4286
Fatima,Silva,+81 556-760-7630
Ava,Johnson,+33 973-321-2846
Aria,Miller,+33 564-675-3091
Mohammed,Ibrahim,+33 238-935-8986
Oliver,Petrov,+49 109-422-1755
Anastasia,Chen,+91 312-528-1198
Ahmed,Jones,+34 684-723-5341
Carlos,Bianchi,+91 871-336-3831
Léa,Abadi,+27 862-387-8645
Jean,Chen,+81 125-622-4483
Carlos,Okafor,+33 853-451-2753
Carlos,Miller,+27 290-293-3462
Lucia,Garcia,+86 677-578-5813
Mateo,Abadi,+33 377-100-9797
Fatima,Brown,+44 195-748-7146
Anastasia,Petrov,+86 802-947-3431
Mohammed,Dubois,+44 682-412-4617
Sophia,Miller,+49 499-307-6567
Liam,Garcia,+34 697-930-5532
Léa,Petrov,+27 864-103-6696
Mohammed,Silva,+27 992-280-3491
Priya,Silva,+44 411-695-9061
Fatima,Garcia,+81 497-699-9883
Ava,Li,+27 484-655-8626
Chloe,Okafor,+39 643-845-6365
Ahmed,Nguyen,+27 538-717-4039
Wei,Ivanov,+44 412-111-7636
Chloe,Johnson,+33 137-371-1262
Chen,Dubois,+91 657-965-6504
Ava,Novak,+1 532-299-5564
Liam,Miller,+7 281-121-4293
Lorenzo,Kim,+33 720-466-7675
Sophia,Abebe,+81 982-523-3035
Ananya,Garcia,+44 769-651-4795
Yuki,Abadi,+49 435-278-3472
Giulia,Li,+27 571-158-1732
Ava,Abebe,+27 788-353-8671
Oliver,Martinez,+49 174-847-4130
Giulia,Ivanov,+33 391-307-5568
Anastasia,Kowalski,+39 480-322-9014
Fatima,Lopez,+1 290-752-2715
Sofia,Martinez,+39 184-259-3839
Liam,Kim,+49 885-837-2799
Sofia,Li,+44 812-100-8108
Chen,Garcia,+39 841-696-7681
Jean,Kim,+1 442-986-1470
Sofia,Ivanov,+86 633-425-7882
Kwame,Miller,+91 314-925-5510
Mateo,Petrov,+34 432-655-6095
Giulia,Costa,+33 610-853-4671
Priya,Abadi,+1 411-814-2523
Fatima,O'Connor,+49 624-379-8985
Mateo,Abebe,+44 972-502-3701
Lorenzo,Jones,+44 778-141-7976
Mohammed,Williams,+27 574-324-2651
Ananya,Nguyen,+49 208-437-7794
Sakura,Smith,+27 124-312-9796
Sakura,Silva,+86 690-931-3128
Ananya,Abadi,+44 578-800-9984
Jean,Garcia,+86 114-109-8403
Liam,Costa,+1 513-114-2889
Chloe,Singh,+39 379-747-6214
Chloe,Dubois,+49 801-256-1938
Sakura,Jones,+33 780-193-6838
Anastasia,Novak,+33 964-524-9683
Mohammed,Nguyen,+7 253-905-4046
Emma,Ivanov,+39 360-537-8501
Sophia,Li,+33 311-462-8153
Giulia,Costa,+1 340-286-8836
Fatima,Dubois,+49 774-849-9715
Aria,Abadi,+81 852-250-3561
Mia,Abebe,+91 206-596-2640
Giulia,Ibrahim,+27 376-361-7309
Sofia,Abadi,+1 240-188-3372
Sofia,Miller,+49 425-538-2465
Noah,Abebe,+34 721-757-5842
Wei,Popescu,+81 137-534-3354
Mateo,Murphy,+91 741-721-6798
Hiroshi,Bianchi,+86 664-718-2248
Giulia,Miller,+86 812-693-1805
Hiroshi,Singh,+39 494-380-5157
Yuki,Kim,+33 776-484-2428
Yuki,Li,+27 853-215-1536
Sakura,Ivanov,+91 631-328-8131
Fatima,Garcia,+7 972-796-7885
Mohammed,Dubois,+49 596-438-1643
Ahmed,Williams,+86 556-627-8988
Léa,Martinez,+44 108-715-9168
Giulia,Miller,+27 541-488-8450
Giulia,Kim,+34 869-871-1731
Liam,Chen,+49 219-238-8206
Hiroshi,Li,+27 634-650-4660
Ananya,Garcia,+44 472-847-1291
Noah,Rossi,+86 781-777-1956
Anastasia,Abebe,+7 551-115-3872
Fatima,Petrov,+91 993-984-9702
Chen,Miller,+27 376-783-9747
Carlos,Dubois,+39 594-668-3363
Aria,Kim,+39 466-748-7274
Samuel,Costa,+1 405-206-1139
Chloe,Williams,+39 261-247-4429
Lucia,Abadi,+1 371-290-2904
Kwame,Bianchi,+44 327-861-2040
Mateo,Kowalski,+81 398-742-8799
Olga,Novak,+27 893-350-5674
Liam,Lopez,+27 494-415-1057
Hiroshi,Rossi,+81 106-560-4574
Priya,Petrov,+33 479-622-5420
Samuel,Rossi,+33 562-358-4522
Mia,Novak,+1 948-173-2389
Liam,Miller,+33 276-642-6327
Wei,Kim,+27 398-190-4945
Chen,Jones,+27 699-760-3271
Sofia,Abebe,+1 135-467-5590
Kwame,Johnson,+49 718-813-5601
Ananya,Okafor,+49 217-833-5349
Ivan,Singh,+34 935-748-8565
Léa,Popescu,+49 415-365-8159
Chen,Miller,+91 210-264-1728
Fatima,Smith,+33 244-511-9322
Fatima,Smith,+34 186-336-7543
Fatima,Rossi,+49 674-725-4305
Olga,Kowalski,+7 209-788-1494
Jean,Kim,+7 931-261-2112
Yuki,Novak,+44 414-356-1093
Jean,Costa,+86 718-216-6611
Yuki,Okafor,+49 235-427-4197
Sakura,Chen,+7 482-521-6770
Sakura,Smith,+44 176-932-9268
Giulia,Okafor,+81 814-904-8497
Jean,Dubois,+39 850-752-8262
Priya,Garcia,+91 216-899-1937
Carlos,Miller,+27 996-678-3585
Mateo,Williams,+1 135-868-8399
Sofia,Bianchi,+91 252-549-6592
Fatima,Popescu,+81 985-139-5816
Mia,Silva,+7 491-640-6892
Sofia,Bianchi,+7 670-168-4554
Mia,Murphy,+1 249-814-1212
Chen,Abebe,+44 439-312-8685
Anastasia,Singh,+86 148-110-5525
Ivan,Li,+44 245-797-4166
Ava,Hernandez,+7 917-244-6139
Carlos,Abadi,+81 993-646-8621
Ivan,Nguyen,+81 557-887-8364
Noah,Ivanov,+49 515-186-1941
Carlos,Li,+91 423-431-9469
Liam,Abebe,+81 737-671-3518
Liam,Bianchi,+49 696-750-3695
Samuel,Kowalski,+81 539-380-3561
Chloe,Singh,+44 268-243-5864
Lorenzo,Miller,+86 823-894-6476
Chen,Popescu,+86 255-818-4806
Lucia,Smith,+39 526-278-9569
Yuki,Lopez,+7 768-328-8269
Ava,Okafor,+27 124-346-3640
Kwame,Williams,+86 861-248-1416
Lorenzo,Kim,+91 239-863-1543
Giulia,Smith,+33 263-313-1408
Oliver,Novak,+33 967-601-5569
Chloe,Ibrahim,+81 766-432-8294
Carlos,Martinez,+86 828-636-9202
Jean,Patel,+34 725-130-8579
Kwame,Miller,+86 515-498-1222
Yuki,Kowalski,+86 174-107-8808
Fatima,Abadi,+91 175-697-1890
Ahmed,Petrov,+7 716-630-2595
Liam,Dubois,+44 321-224-9510
Chen,Hernandez,+34 140-116-3624
Kwame,Kowalski,+39 650-550-4452
Ava,Ibrahim,+81 530-709-2352
Ananya,Abadi,+91 498-213-1925
Lucia,Miller,+81 471-262-3317
Lorenzo,Chen,+91 929-503-8759
Mia,Brown,+49 631-403-9364
Léa,Miller,+1 909-950-9255
Carlos,Costa,+39 826-626-6324
Ivan,Novak,+34 625-605-8081
Chloe,Smith,+27 229-652-6863
Chen,Smith,+39 551-726-5809
Chen,Johnson,+27 499-446-1494
Lucia,Abebe,+44 857-110-2151
Mateo,Popescu,+91 404-725-5644
Ava,Abadi,+7 413-599-5988
Anastasia,Lopez,+33 114-972-2456
Mateo,Rossi,+86 696-154-5795
Léa,Ibrahim,+7 365-944-9058
Emma,Bianchi,+7 970-798-1140
Oliver,Williams,+34 588-393-1537
Sakura,Dubois,+27 854-431-1218
Léa,Abadi,+49 308-127-1456
Lorenzo,Hernandez,+86 112-742-9433
Sakura,Nguyen,+34 497-957-4724
Giulia,Bianchi,+34 162-660-3895
Noah,Williams,+49 819-121-1084
Kwame,Okafor,+39 875-836-2796
Noah,Abadi,+49 631-489-4894
Anastasia,O'Connor,+86 568-199-3690
Noah,Garcia,+81 513-482-4674
Sofia,O'Connor,+27 552-517-4058
Wei,Okafor,+1 664-479-3023
Lucia,Brown,+1 468-660-5388
Mohammed,Jones,+1 563-369-4856
Wei,Brown,+44 951-526-2097
Ananya,Abebe,+44 188-943-6435
Fatima,Smith,+39 640-153-5022
Sophia,Patel,+39 453-318-9390
Ivan,Li,+27 976-332-5118
Jean,Silva,+86 388-951-4706
Yuki,Lopez,+27 515-839-5296
Lucia,Rossi,+27 525-118-7469
Léa,Brown,+1 403-846-3094
Carlos,Hernandez,+81 658-296-7367
Mia,Johnson,+34 438-822-7569
Ahmed,Rossi,+1 957-344-9058
Lucia,Costa,+49 880-764-8570
Ava,Murphy,+91 636-714-7845
Carlos,Murphy,+44 891-179-3921
Carlos,Martinez,+81 919-536-8026
Yuki,O'Connor,+44 788-199-9773
Fatima,Lopez,+86 923-555-4094
Ahmed,Rossi,+91 709-916-3511
Carlos,Williams,+86 567-238-5371
Wei,Garcia,+7 950-975-3004
Liam,Okafor,+34 912-772-7696
Anastasia,Popescu,+1 949-829-6429
Oliver,Novak,+33 174-233-1362
Sakura,Murphy,+49 439-198-3010
Lucia,Li,+49 714-417-6008
Fatima,Nguyen,+33 323-394-3464
Liam,Kim,+27 311-626-4648
Sophia,Chen,+39 843-979-4586
Sofia,Silva,+44 301-573-8284
Hiroshi,Jones,+1 828-104-8602
Ananya,Patel,+1 716-483-6142
Samuel,Brown,+1 100-894-1826
Hiroshi,Popescu,+34 428-849-2869
Samuel,Abadi,+81 355-603-7739
Fatima,Lopez,+34 940-904-5470
Sophia,Abebe,+44 771-308-4221
Mateo,Hernandez,+27 231-540-8275
Sofia,Nguyen,+33 362-804-6366
Nia,Costa,+49 711-496-3760
Chloe,Silva,+27 987-671-4597
Samuel,Dubois,+33 794-664-5830
Anastasia,Abadi,+27 519-107-4642
Sakura,Singh,+27 754-385-3956
Sakura,Martinez,+81 464-142-1234
Chloe,Jones,+81 630-727-4480
Léa,Kowalski,+33 206-462-1925
Ivan,Murphy,+81 785-534-4607
Sakura,Ivanov,+49 264-247-6770
Olga,Abadi,+27 847-827-5803
Lorenzo,Kim,+39 448-528-1316
Sophia,Ivanov,+7 689-153-1467
Chloe,Popescu,+86 706-173-8848
Aria,Miller,+39 612-951-5344
Ahmed,Smith,+27 225-871-3880
Kwame,Novak,+27 362-795-1741
Oliver,O'Connor,+86 280-479-9922
Mohammed,Nguyen,+91 267-787-8992
Giulia,Li,+39 722-179-4094
Sakura,Novak,+39 941-506-3278
Mohammed,Nguyen,+44 207-911-2101
Jean,Kim,+27 745-708-7002
Ahmed,Nguyen,+1 689-966-9848
Priya,Abebe,+27 838-605-7150
Yuki,Nguyen,+91 567-712-5966
Aria,Garcia,+86 285-231-9500
Carlos,Kowalski,+91 254-306-1684
Kwame,Novak,+44 598-663-7694
Sophia,Abebe,+39 388-364-8806
Carlos,Okafor,+81 862-672-5869
Jean,Abadi,+34 846-427-2637
Samuel,Nguyen,+86 358-195-6453
Giulia,Novak,+81 449-447-8352
Hiroshi,Okafor,+34 716-929-9836
Samuel,Okafor,+81 601-554-6217
Ahmed,Popescu,+34 322-697-2842
Mohammed,Dubois,+27 424-697-7891
Nia,Kowalski,+7 813-879-9825
Kwame,Popescu,+39 374-651-1267
Jean,Patel,+44 209-412-8806
Ananya,Singh,+81 586-908-9680
Léa,Abebe,+39 404-759-1087
Ahmed,Johnson,+91 921-546-8383
Kwame,Popescu,+91 242-839-4103
Mateo,Kim,+33 530-120-6668
Chloe,Bianchi,+34 571-452-2033
Aria,Williams,+39 523-650-7897
Lorenzo,Smith,+91 381-130-6201
Hiroshi,Costa,+33 781-571-2428
Chloe,Jones,+81 212-548-7027
Mateo,Williams,+34 633-113-6768
Yuki,Jones,+27 966-792-5578
Hiroshi,Lopez,+49 943-205-6916
Chloe,Chen,+86 335-794-1865
Léa,Kim,+81 646-588-8969
Anastasia,Kim,+81 515-984-4711
Sophia,Okafor,+44 218-980-2707
Kwame,Martinez,+81 561-864-5951
Chloe,Williams,+81 108-140-6044
Nia,Johnson,+27 686-412-3248
Jean,Costa,+49 915-918-9772
Mohammed,Popescu,+86 609-635-4414
Hiroshi,Dubois,+1 965-679-6090
Ananya,Miller,+81 323-692-6965
Wei,Kowalski,+81 591-985-2108
Sakura,Garcia,+39 805-709-4574
Wei,Popescu,+33 304-465-6654
Liam,Abebe,+44 311-302-8749
Ahmed,Popescu,+86 476-761-1402
Mohammed,Patel,+81 197-956-1276
Chloe,O'Connor,+1 891-731-7804
Mia,Ibrahim,+86 576-853-1955
Léa,Novak,+34 846-586-6547
Léa,Garcia,+7 263-994-1148
Sakura,Costa,+91 857-589-7314
Nia,Okafor,+7 518-204-1128
Noah,Novak,+27 988-624-4457
Liam,Ibrahim,+91 590-344-6215
Olga,Brown,+86 907-955-2922
Sofia,Costa,+34 139-891-6548
Ananya,Silva,+86 504-601-5609
Hiroshi,Kowalski,+1 418-231-5894
Hiroshi,Williams,+33 766-604-2201
Ananya,Abadi,+91 453-838-6166
Jean,Lopez,+91 708-541-8876
Mohammed,Abadi,+44 734-311-2038
Lucia,Okafor,+86 838-516-4956
Chen,Kowalski,+7 517-574-7693
Noah,Popescu,+91 944-271-9790
Nia,Abebe,+81 893-518-5202
Ahmed,Rossi,+33 806-965-1652
Chloe,Okafor,+81 116-828-8195
Lorenzo,Johnson,+44 757-284-7343
Sophia,Johnson,+81 449-871-6434
Lucia,Garcia,+7 340-347-5626
Samuel,Williams,+1 859-606-8361
Noah,Hernandez,+91 654-546-3611
Noah,Lopez,+27 672-843-1991
Fatima,Costa,+49 507-641-1202
Kwame,Ibrahim,+44 967-508-8710
Mateo,Li,+81 219-942-5963
Kwame,Hernandez,+91 137-703-2004
Oliver,Kim,+86 587-131-8356
Liam,Bianchi,+44 132-988-3956
Fatima,Li,+81 417-270-6290
Fatima,Patel,+81 152-748-7852
Mohammed,Miller,+44 642-617-9737
Olga,Singh,+33 798-452-4963
Liam,Okafor,+34 830-818-9466
Olga,Brown,+34 230-639-1309
Ananya,Johnson,+81 393-277-7148
Carlos,Jones,+81 726-959-3541
Fatima,Novak,+33 968-996-7034
Carlos,Novak,+86 442-857-1089
Ava,Patel,+86 398-246-7481
Samuel,Patel,+27 178-152-2645
Sofia,Okafor,+86 191-939-9350
Priya,Li,+1 830-410-9164
Mateo,Kowalski,+1 688-243-2463
Léa,Hernandez,+81 679-682-3964
Ananya,Williams,+1 725-904-7921
Emma,Johnson,+33 271-801-4249
Ava,Miller,+34 299-743-6568
Mia,Okafor,+44 117-320-9617
Yuki,Silva,+34 507-471-1017
Priya,Ibrahim,+1 643-528-3940
Nia,O'Connor,+27 694-946-2565
Ananya,Abadi,+27 383-624-8284
Fatima,O'Connor,+27 910-354-9296
Ivan,Costa,+49 179-367-1337
Wei,Okafor,+34 886-368-7033
Sophia,Popescu,+1 857-456-4300
Priya,Singh,+33 131-826-1137
Emma,Brown,+1 733-460-4805
Mateo,Novak,+91 829-319-2280
Carlos,Nguyen,+44 806-391-2611
Noah,Rossi,+81 771-752-8557
Sakura,Abebe,+27 257-932-7149
Aria,Nguyen,+81 501-737-5567
Ivan,Ivanov,+49 156-198-4071
Hiroshi,Jones,+81 439-669-1513
Ahmed,Ibrahim,+34 310-658-9890
Ananya,Williams,+33 646-876-2967
Kwame,Hernandez,+1 556-529-8924
Aria,Martinez,+27 835-820-5608
Ahmed,Ibrahim,+33 784-655-5519
Fatima,O'Connor,+91 899-135-1382
Samuel,Petrov,+1 234-320-3062
Giulia,Martinez,+33 510-507-7006
Olga,Abebe,+7 379-323-2633
Chen,Novak,+44 545-858-7400
Chen,Lopez,+33 671-718-8694
Mateo,Johnson,+1 810-866-4804
Mohammed,Kowalski,+91 445-678-2877
Giulia,Murphy,+91 798-122-3083
Liam,Novak,+49 545-331-2767
Lucia,Nguyen,+49 296-232-6278
Kwame,Martinez,+34 893-603-6621
Jean,Ibrahim,+81 615-730-2968
Ava,Li,+86 908-408-2983
Oliver,Miller,+39 826-518-4477
Jean,Ibrahim,+49 793-426-5475
Léa,Dubois,+33 468-505-8075
Ahmed,Rossi,+33 960-247-2350
Carlos,Petrov,+44 124-654-2669
Mia,Brown,+49 286-352-9746
Priya,Ibrahim,+86 754-761-3961
Sofia,Ibrahim,+33 206-199-9888
Anastasia,Nguyen,+86 153-129-6397
Noah,Ibrahim,+33 496-896-7345
Hiroshi,Dubois,+33 735-263-3938
Sofia,Martinez,+86 150-535-5487
Emma,Nguyen,+86 572-454-6455
Lorenzo,Williams,+86 216-560-5990
Lorenzo,Novak,+33 791-424-6167
Jean,Nguyen,+44 937-917-3140
Yuki,Abebe,+44 635-299-4885
Hiroshi,Jones,+39 668-265-8987
Ananya,Murphy,+7 791-327-8504
Lucia,Silva,+81 954-858-1290
Ava,Garcia,+27 880-293-4649
Emma,Ivanov,+81 150-622-4659
Ava,Chen,+27 690-756-4046
Liam,Hernandez,+44 394-256-6252
Mohammed,Rossi,+81 275-874-9164
Wei,Ivanov,+49 414-769-9337
Anastasia,Patel,+34 304-461-7694
Noah,Patel,+49 317-992-9938
Priya,Martinez,+7 913-258-6594
Yuki,Rossi,+86 297-157-2569
Hiroshi,Okafor,+1 195-601-3357
Priya,Brown,+86 486-356-4366
Kwame,Miller,+7 722-213-4324
Chen,Brown,+44 376-720-3617
Mateo,Dubois,+33 601-630-7661
Mia,Dubois,+33 827-593-6260
Chen,Novak,+86 763-438-4110
Emma,Miller,+91 764-976-6015
Chen,Petrov,+27 612-318-9231
Nia,Garcia,+49 346-274-1438
Ivan,Chen,+27 572-438-5226
Priya,Brown,+49 223-195-2195
Ava,Petrov,+33 560-283-9119
Fatima,Ivanov,+49 496-108-9360
Jean,Kim,+33 470-930-9631
Anastasia,Abebe,+91 492-792-3681
Samuel,Rossi,+7 419-155-9705
Lorenzo,Costa,+44 316-575-2549
Nia,Li,+1 723-214-3883
Jean,Miller,+33 858-348-2916
Ava,Costa,+81 701-474-1852
Olga,Nguyen,+49 760-555-6927
Fatima,Garcia,+91 333-682-6481
Ahmed,Martinez,+39 291-861-9423
Sofia,Kowalski,+49 755-838-9623
Noah,Singh,+7 993-160-7642
Giulia,Okafor,+33 828-566-7300
Hiroshi,Petrov,+81 162-874-6560
Lorenzo,Kowalski,+7 271-944-1785
Mohammed,Novak,+91 448-964-8147
Mia,Lopez,+34 303-210-2168
Jean,Ibrahim,+81 319-263-1768
Ahmed,Garcia,+81 767-157-9843
Aria,Patel,+44 441-519-3762
Sofia,Jones,+7 346-699-5097
Mia,Nguyen,+33 155-462-6989
Fatima,Costa,+33 959-674-7700
Priya,Jones,+34 686-883-3299
Emma,Kowalski,+27 722-408-6303
Lorenzo,Martinez,+91 738-875-7678
Anastasia,Novak,+44 995-552-7306
Noah,Lopez,+1 109-988-2592
Hiroshi,Murphy,+44 367-389-4016
Mateo,Lopez,+7 643-617-3501
Mateo,Singh,+1 508-305-5269
Samuel,Miller,+34 976-697-3794
Oliver,Martinez,+1 771-115-4836
Léa,Brown,+7 569-571-1993
Sakura,Johnson,+91 848-366-4811
Sofia,Nguyen,+44 932-304-7628
Olga,Petrov,+39 646-472-1905
Liam,Rossi,+34 229-623-3395
Sakura,Patel,+44 604-865-4577
Ananya,Murphy,+33 889-267-5676
Ananya,Bianchi,+81 321-794-7034
Carlos,Singh,+39 114-703-9299
Aria,Abebe,+81 702-862-3419
Ananya,Li,+39 374-396-1231
Noah,Brown,+81 335-328-5165
Hiroshi,Abebe,+34 934-471-6886
Yuki,Silva,+49 293-892-6835
Mia,Ibrahim,+39 742-313-4223
Sofia,Garcia,+81 758-119-1367
Ivan,Silva,+33 195-147-6181
Lorenzo,Ivanov,+44 831-935-1015
Mia,Chen,+49 516-824-8139
Mateo,Kowalski,+1 724-479-6314
Olga,Johnson,+91 439-487-4518
Sofia,Novak,+33 829-490-8159
Anastasia,Jones,+91 619-408-7069
Ivan,Li,+34 272-748-6579
Oliver,Chen,+34 794-533-7447
Aria,Popescu,+33 373-167-7543
Lucia,Martinez,+44 965-755-1915
Jean,Ivanov,+91 224-602-5272
Yuki,Ivanov,+39 522-977-8961
Ahmed,Kowalski,+39 272-433-8503
Léa,Jones,+39 894-780-6420
Aria,Ibrahim,+49 214-767-5467
Noah,Murphy,+7 324-153-8095
Oliver,O'Connor,+34 970-487-6410
Chen,Ivanov,+81 858-987-2958
Liam,O'Connor,+91 246-130-1839
Noah,Lopez,+39 777-604-7813
Noah,Kim,+33 678-415-6750
Mateo,Jones,+44 166-514-9929
Lucia,Novak,+27 976-180-2534
Sophia,Petrov,+7 803-430-8772
Lorenzo,Dubois,+27 205-503-2966
Léa,Popescu,+27 287-474-9876
Hiroshi,Novak,+44 970-451-3514
Priya,Novak,+49 971-383-1756
Fatima,Jones,+34 920-612-4371
Ava,Ivanov,+39 306-854-3412
Nia,Williams,+39 681-654-5938
Aria,Murphy,+81 832-651-3134
Nia,Kowalski,+91 455-643-9878
Lucia,Martinez,+39 704-504-6065
Carlos,Smith,+49 573-208-4624
Lorenzo,Johnson,+86 913-567-2839
Anastasia,Popescu,+86 877-786-8187
Yuki,Jones,+91 499-487-3897
Sophia,Popescu,+34 950-760-2002
Aria,Costa,+1 845-321-9324
Liam,Johnson,+49 572-427-3416
Priya,Hernandez,+91 308-773-2335
Chen,Nguyen,+7 240-255-8706
Yuki,Hernandez,+81 947-294-4347
Jean,Johnson,+49 320-733-3489
Priya,Murphy,+39 427-956-9972
Kwame,Nguyen,+39 674-308-8985
Sophia,Novak,+91 560-665-5317
Mateo,Williams,+27 459-660-8847
Emma,Patel,+49 489-628-9789
Mateo,Nguyen,+81 422-411-6082
Jean,Brown,+86 846-869-7179
Jean,O'Connor,+34 460-691-6403
Emma,Okafor,+39 101-268-3411
Lucia,Johnson,+86 578-517-8621
Aria,Miller,+86 771-723-4195
Lorenzo,Lopez,+27 439-928-1688
Priya,Singh,+44 554-735-4497
Nia,Rossi,+27 252-306-7066
Sophia,Rossi,+81 375-845-8379
Liam,Jones,+86 516-870-4612
Lucia,Li,+91 984-398-8898
Mia,Murphy,+81 963-961-4558
Lorenzo,Abebe,+86 383-338-7646
Noah,Patel,+39 543-336-1649
Sophia,Nguyen,+7 225-897-3846
Nia,Kim,+27 107-745-2595
Sofia,Jones,+81 426-892-4160
Jean,Miller,+86 361-164-2920
Olga,Silva,+27 793-293-6836
Nia,Ibrahim,+27 273-756-4073
Ananya,Murphy,+86 729-326-7807
Oliver,O'Connor,+7 904-819-6180
Carlos,Kowalski,+86 918-778-8291
Chen,Lopez,+49 959-303-9056
Priya,Kowalski,+86 232-311-7720
Aria,Abebe,+49 265-222-5351
Jean,Brown,+39 411-908-1781
Liam,Martinez,+33 291-272-7607
Ahmed,Silva,+86 181-491-5996
Léa,Singh,+44 397-251-7133
Chen,Lopez,+91 769-559-8941
Samuel,Ivanov,+34 842-672-3042
Emma,Ibrahim,+27 184-450-3524
Sophia,Lopez,+91 917-476-5755
Mohammed,Okafor,+1 483-301-1040
Chloe,Jones,+39 633-666-9292
Giulia,Miller,+39 790-965-9550
Noah,Chen,+44 278-402-1321
Carlos,Garcia,+27 613-870-2690
Aria,Singh,+49 665-327-9234
Priya,Abadi,+91 734-999-2136
Aria,Johnson,+39 798-901-2191
Yuki,Miller,+39 254-623-7829
Mateo,Martinez,+39 104-417-7626
Nia,Li,+49 870-722-2019
Kwame,Rossi,+86 770-462-1458
Oliver,Johnson,+34 634-209-7544
Sakura,Garcia,+91 391-947-1271
Mohammed,Singh,+34 124-458-9652
Ivan,Patel,+34 181-447-4648
Ananya,Singh,+33 429-879-7302
Wei,Martinez,+1 683-637-2615
Léa,O'Connor,+81 394-856-3490
Chloe,Bianchi,+39 253-893-1828
Nia,Abadi,+27 318-549-6117
Ava,Johnson,+81 483-860-2328
Samuel,Singh,+7 632-336-7672
Carlos,Martinez,+7 393-148-8076
Ivan,Rossi,+49 270-550-1829
Lorenzo,Petrov,+39 470-186-7227
Lucia,Bianchi,+39 715-486-6776
Fatima,Patel,+39 100-107-8228
Kwame,Kowalski,+7 209-102-6647
Chen,Popescu,+1 389-507-1079
Ahmed,Silva,+34 530-397-8859
Lorenzo,Nguyen,+81 151-944-4060
Wei,Petrov,+39 583-679-8613
Fatima,Singh,+91 481-294-4729
Léa,Abebe,+81 234-222-5783
Wei,Murphy,+91 731-778-8625
Mohammed,Lopez,+7 728-600-1622
Mateo,Jones,+49 756-638-3207
Anastasia,Popescu,+1 439-663-2181
Mateo,Costa,+81 426-385-1314
Liam,Johnson,+1 832-494-9537
Noah,Smith,+91 952-820-9869
Mohammed,Williams,+34 969-958-9714
Oliver,Abebe,+44 924-804-1556
Aria,Abadi,+49 943-860-1134
Priya,Costa,+81 887-283-3349
Léa,Brown,+49 818-490-8891
Léa,Kim,+1 947-537-9293
Ananya,Kim,+81 118-288-6826
Sakura,Garcia,+86 757-691-1413
Mohammed,Smith,+1 320-752-4212
Mohammed,Abebe,+49 376-743-7194
Ananya,Jones,+91 758-965-5049
Giulia,Rossi,+44 374-330-6690
Mia,Costa,+86 413-478-5542
Mateo,Ivanov,+33 341-762-5050
Mohammed,Silva,+33 133-334-7894
Lucia,Williams,+86 583-441-7459
Wei,Abebe,+7 713-736-7356
Olga,Williams,+91 686-621-8380
Giulia,Ivanov,+34 736-410-5136
Lorenzo,Bianchi,+7 349-600-9697
Lorenzo,Ibrahim,+1 284-524-7574
Ananya,Kowalski,+81 782-766-7277
Yuki,Garcia,+44 173-342-9327
Olga,O'Connor,+33 189-544-4447
Wei,Chen,+7 729-994-8339
Olga,Garcia,+86 501-702-4448
Nia,Garcia,+39 332-599-8667
Olga,Costa,+1 691-235-6068
Fatima,Kowalski,+34 485-346-8722
Wei,Novak,+81 869-395-1180
Anastasia,Ibrahim,+91 532-337-9189
Sophia,O'Connor,+33 488-151-1802
Anastasia,Murphy,+91 990-395-3162
Anastasia,Martinez,+27 423-704-8779
Wei,Jones,+34 317-298-8873
Hiroshi,Okafor,+81 236-946-7516
Fatima,O'Connor,+1 704-337-6447
Samuel,Miller,+7 373-124-3200
Sofia,Kowalski,+49 685-713-4194
Wei,Bianchi,+86 930-610-5779
Jean,Martinez,+34 213-725-4923
Liam,Abebe,+1 329-874-3230
Fatima,Lopez,+86 150-912-7704
Nia,Nguyen,+1 280-569-6228
Jean,Brown,+1 542-820-5013
Ava,Abadi,+44 771-117-3473
Sakura,Nguyen,+27 814-399-6550
Kwame,Murphy,+86 833-156-6441
Ava,Costa,+27 300-766-5989
Sophia,Rossi,+39 307-252-5458
Wei,Ivanov,+1 794-189-2908
Nia,Hernandez,+1 711-513-2819
Giulia,Abadi,+39 641-976-5116
Mateo,Li,+33 576-601-6136
Samuel,Okafor,+39 840-716-3259
Ava,Patel,+81 640-524-1001
Oliver,Brown,+33 453-744-6062
Ivan,Petrov,+49 169-395-6185
Liam,Ibrahim,+27 889-467-4318
Noah,O'Connor,+81 995-454-7123
Samuel,Jones,+49 938-740-9761
Noah,Kowalski,+39 423-729-6417
Ananya,Martinez,+39 249-920-9108
Lucia,Abadi,+34 158-293-7237
Priya,Patel,+81 971-287-8102
Noah,Petrov,+27 556-927-3521
Chen,Patel,+44 455-894-2171
Wei,Martinez,+7 950-629-4182
Anastasia,Ibrahim,+91 835-353-2066
Ava,Jones,+34 676-191-1575
Ivan,Rossi,+91 798-671-1044
Lorenzo,Johnson,+39 286-724-3188
Kwame,Dubois,+7 462-497-6775
Yuki,Hernandez,+27 871-534-6622
Yuki,Singh,+91 427-516-8630
Ava,Jones,+27 282-628-6655
Ava,Dubois,+27 544-578-4012
Anastasia,Lopez,+7 583-661-7451
Chen,Li,+1 324-474-6765
Lucia,Li,+39 978-968-4878
Oliver,Singh,+1 467-100-9783
Lucia,Dubois,+39 771-816-6051
Olga,Jones,+86 912-373-2489
Yuki,Popescu,+81 180-230-9509
Giulia,Smith,+1 337-765-8149
Wei,Chen,+86 713-387-8799
Chen,Popescu,+86 722-120-4396
Lorenzo,Costa,+39 248-272-4026
Sophia,Petrov,+44 281-701-2921
Chen,Abadi,+91 431-977-3841
Hiroshi,Kowalski,+39 568-104-4639
Ahmed,Hernandez,+81 779-490-6066
Ananya,Ibrahim,+27 818-798-6408
Yuki,Petrov,+44 794-794-4809
Oliver,Costa,+34 924-216-3076
Wei,Bianchi,+27 427-601-3873
Sophia,Popescu,+44 659-186-5776
Noah,Singh,+49 803-327-5806
Chen,Brown,+49 648-440-5480
Oliver,Brown,+34 513-729-2920
Priya,Bianchi,+33 913-590-2514
Liam,Murphy,+27 565-548-8156
Ivan,Garcia,+49 485-186-3542
Priya,Nguyen,+44 592-463-2775
Priya,Lopez,+39 985-557-5027
Mia,Dubois,+39 163-839-8946
Samuel,Petrov,+81 930-794-3152
Léa,Silva,+33 147-520-3473
Yuki,Ivanov,+86 755-941-3261
Sophia,Kowalski,+44 990-859-2207
Léa,Novak,+91 307-424-6878
Ava,Costa,+91 345-127-8134
Anastasia,Li,+44 988-249-8229
Priya,Miller,+27 904-664-8083
Lorenzo,Rossi,+1 762-106-9661
Ahmed,Murphy,+27 788-346-9005
Chen,Williams,+49 838-275-7772
Noah,Ivanov,+86 672-594-4649
Ananya,Costa,+91 947-716-9247
Lorenzo,Chen,+27 842-884-8991
Jean,Williams,+91 436-858-6310
Lorenzo,Singh,+7 972-148-4596
Ivan,Okafor,+91 426-268-9022
Wei,Miller,+34 562-892-6784
Chloe,Smith,+7 311-866-2093
Jean,Johnson,+44 783-396-7768
Giulia,Chen,+81 360-340-5394
Sophia,Brown,+27 595-357-2744
Chloe,Popescu,+1 963-469-1045
Sofia,O'Connor,+86 334-609-1962
Ananya,O'Connor,+91 665-856-8456
Wei,Patel,+33 555-322-4541
Ananya,Petrov,+33 694-986-7805
Nia,Patel,+34 647-635-4709
Liam,Garcia,+49 220-170-4355
Mohammed,Garcia,+7 964-353-8524
Giulia,Singh,+7 311-212-3886
Mia,Costa,+33 168-825-7143
Ahmed,Singh,+27 340-845-3883
Chloe,Nguyen,+27 159-517-8469
Giulia,Okafor,+86 930-871-9708
Samuel,Murphy,+27 871-232-5261
Olga,Smith,+39 996-892-2650
Mateo,Abadi,+91 427-179-1040
Jean,Garcia,+91 361-839-7253
Jean,Costa,+7 733-617-8609
Jean,Rossi,+39 513-619-4041
Yuki,Nguyen,+33 180-352-5296
Sofia,Brown,+49 160-856-9501
Hiroshi,Bianchi,+81 809-549-5673
Aria,Novak,+86 403-669-5835
Mohammed,O'Connor,+44 414-715-3874
Mohammed,Patel,+33 376-424-6664
Ava,Brown,+44 562-393-6515
Mateo,Ibrahim,+44 572-753-5799
Aria,Martinez,+33 882-418-7778
Ahmed,Silva,+27 967-552-7260
Ivan,Abadi,+27 894-169-5287
Ahmed,Li,+91 104-445-7271
Ava,Petrov,+86 895-496-3042
Sophia,Patel,+1 821-338-2699
Chen,Smith,+86 999-455-9228
Kwame,Okafor,+27 112-364-5168
Kwame,Novak,+1 875-355-5965
Fatima,Li,+7 752-488-1200
Chen,O'Connor,+34 544-471-2871
Ava,Silva,+81 334-308-8056
Wei,Chen,+39 604-190-2211
Aria,Kim,+81 924-979-4434
Sophia,Kim,+86 870-313-4628
Ava,Garcia,+91 387-173-8374
Giulia,Singh,+44 427-480-7735
Nia,Brown,+33 228-306-6451
Noah,Bianchi,+33 734-420-1540
Anastasia,Kim,+39 467-599-5458
Sofia,Singh,+44 404-842-7051
Ahmed,Murphy,+27 183-750-1620
Jean,Nguyen,+33 323-454-4498
Emma,Williams,+39 358-498-6717
Sophia,Jones,+44 955-441-2821
Anastasia,Jones,+34 202-197-2977
Fatima,Garcia,+49 935-112-8460
Mohammed,O'Connor,+1 204-659-3927
Lorenzo,Hernandez,+91 430-115-5875
Sakura,Patel,+44 212-643-7488
Lorenzo,Singh,+33 431-111-8474
Olga,Garcia,+91 908-935-4891
Noah,Ibrahim,+49 689-667-4357
Mohammed,Jones,+86 247-335-5091
Aria,Miller,+39 803-630-8024
Anastasia,Brown,+91 108-891-3447
Ananya,Ivanov,+39 927-232-7646
Mateo,Miller,+44 107-104-8386
Anastasia,Dubois,+81 247-652-2260
Chen,Martinez,+7 223-651-1491
Anastasia,Rossi,+81 487-405-2602
Giulia,Costa,+49 609-974-9774
Emma,Johnson,+34 484-453-7341
Sofia,Silva,+81 911-147-7693
Sophia,O'Connor,+86 262-893-3743
Ava,Kowalski,+86 569-367-2299
Sofia,Smith,+7 303-465-3839
Liam,Dubois,+49 559-665-7667
Anastasia,Popescu,+49 387-180-2995
Oliver,Dubois,+1 369-589-3542
Ivan,Singh,+44 524-976-1582
Mia,Chen,+91 903-124-2767
Ava,Murphy,+27 497-646-7077
Liam,Smith,+81 663-586-9109
Lorenzo,Garcia,+86 541-331-8425
Carlos,Miller,+39 494-845-5421
Mia,Novak,+81 178-467-4758
Aria,Patel,+44 606-179-8820
Kwame,O'Connor,+49 364-940-2646
Lucia,Li,+81 351-573-1019
Olga,O'Connor,+49 246-600-1144
Sophia,Costa,+27 980-337-3606
Sophia,Williams,+1 178-805-6324
Ivan,Brown,+49 645-535-7065
Mateo,Singh,+49 633-422-8267
Lucia,Nguyen,+27 122-630-7244
Wei,Lopez,+1 974-442-9646
Hiroshi,Abebe,+39 476-395-6320
Samuel,Smith,+91 358-729-6108
Kwame,Rossi,+49 635-575-4160
Aria,Abadi,+1 378-501-7573
Mohammed,Li,+7 785-422-8503
Chloe,Okafor,+86 873-171-9001
Mateo,O'Connor,+27 630-591-1473
Mateo,Miller,+34 518-740-7059
Giulia,Jones,+33 400-589-2232
Kwame,Popescu,+27 518-285-1305
Sofia,Brown,+86 816-453-1159
Samuel,Okafor,+49 597-318-2811
Lucia,Brown,+27 426-813-4208
Chen,Kowalski,+39 546-731-5273
Priya,Petrov,+34 716-464-7726
Samuel,Ibrahim,+49 367-608-6802
Chen,Costa,+86 326-890-5396
Mateo,Patel,+86 197-266-1257
Olga,Ibrahim,+27 581-413-2096
Sophia,Okafor,+39 608-851-2149
Ahmed,Ivanov,+7 223-851-2410
Chloe,Abebe,+34 570-805-7155
Nia,Kowalski,+86 232-871-7156
Nia,Nguyen,+33 821-833-4924
Chen,Costa,+34 161-405-4013
Noah,Williams,+7 597-212-1182
Chloe,Kim,+33 780-926-8390
Chen,Jones,+86 431-631-6461
Ivan,Hernandez,+33 285-919-6499
Anastasia,Chen,+81 983-195-1173
Olga,Silva,+7 171-597-7522
Chloe,Singh,+86 429-659-9515
Olga,Smith,+86 431-695-9914
Fatima,Smith,+1 790-194-5954
Lucia,Li,+7 233-897-9719
Lorenzo,Abebe,+86 899-290-5644
Noah,Miller,+91 548-469-5438
Sophia,Smith,+33 882-126-4022
Ivan,Martinez,+81 160-918-1625
Sophia,Petrov,+7 641-538-6217
Mia,Kowalski,+34 651-258-9610
Priya,Brown,+81 331-226-8431
Lucia,Garcia,+44 718-976-3267
Lucia,Dubois,+81 240-469-3035
Yuki,Novak,+1 449-461-2578
Lucia,Murphy,+86 101-555-5082
Kwame,Patel,+1 344-104-6305
Aria,Chen,+39 253-396-5811
Léa,Petrov,+39 657-609-4293
Olga,Silva,+34 673-129-5098
Kwame,Smith,+91 499-124-3961
Liam,Novak,+7 191-108-6754
Wei,Singh,+49 980-367-6770
Léa,Petrov,+81 475-637-2608
Ivan,Patel,+49 540-269-7882
Yuki,Dubois,+86 571-164-3150
Chloe,Kowalski,+1 966-447-9459
Ava,Miller,+44 633-199-7079
Hiroshi,Costa,+7 367-705-5395
Sakura,Rossi,+34 113-345-5415
Mia,Garcia,+91 974-304-9178
Mateo,Novak,+86 558-804-7590
Nia,Costa,+39 513-324-8076
Ivan,Chen,+39 234-129-2049
Chen,Singh,+39 692-457-4420
Chloe,Silva,+7 210-964-8802
Priya,Costa,+39 354-660-4294
Ananya,Lopez,+81 584-468-8933
Sofia,Miller,+44 369-293-7295
Wei,Ivanov,+44 847-505-9535
Oliver,Ivanov,+44 752-778-3690
Aria,Martinez,+1 136-143-5067
Fatima,Novak,+86 207-441-1654
Chen,Okafor,+39 296-669-1077
Lorenzo,Silva,+81 226-820-9150
Nia,Hernandez,+27 236-787-4166
Jean,Ibrahim,+27 854-297-7733
Priya,Williams,+33 239-865-1664
Noah,Hernandez,+86 984-405-8417
Wei,Dubois,+81 283-103-1925
Léa,Martinez,+49 477-620-3260
Lucia,Abebe,+1 895-898-3709
Wei,Popescu,+33 441-193-8984
Léa,Kim,+39 296-828-1506
Emma,Li,+44 852-838-1632
Mateo,Martinez,+49 731-933-9716
Oliver,Hernandez,+91 507-655-4052
Kwame,Petrov,+33 347-482-5260
Hiroshi,Johnson,+27 520-900-2119
Mateo,Okafor,+27 342-415-3423
Jean,Abebe,+86 754-341-2319
Liam,Novak,+81 384-941-4847
Jean,Abadi,+81 988-979-6313
Noah,Abadi,+33 313-838-6958
Olga,Silva,+33 528-758-3318
Carlos,Costa,+34 690-168-2749
Nia,Smith,+44 401-187-4982
Ava,Novak,+1 176-623-8408
Aria,Chen,+39 626-405-7120
Yuki,Lopez,+86 703-647-5692
Sofia,Jones,+49 258-725-8890
Mia,Singh,+86 816-917-1696
Lorenzo,Silva,+34 823-384-6827
Mohammed,Chen,+49 489-872-8218
Ivan,Novak,+34 580-133-8377
Sophia,Ibrahim,+86 507-772-8043
Lorenzo,Patel,+81 886-246-6357
Aria,Abebe,+34 880-647-1382
Ahmed,Patel,+49 188-951-1786
Yuki,Popescu,+81 347-897-5660
Ivan,Patel,+91 652-238-5688
Léa,Nguyen,+86 490-170-7501
Kwame,Li,+86 909-376-8056
Priya,Lopez,+7 515-574-9016
Lorenzo,Murphy,+91 859-945-4216
Priya,Martinez,+91 137-617-7715
Giulia,Singh,+33 346-337-7206
Yuki,Petrov,+34 275-197-5225
Lucia,Murphy,+91 285-632-5057
Anastasia,Murphy,+86 573-353-8471
Wei,Miller,+7 449-700-5762
Hiroshi,Murphy,+44 361-227-8717
Chen,Okafor,+44 344-291-9625
Sakura,Abadi,+86 913-161-4789
Olga,Kowalski,+39 987-547-4970
Carlos,Nguyen,+49 428-762-6811
Léa,Miller,+7 720-247-2693
Ava,Bianchi,+44 678-952-7979
Ananya,Ivanov,+1 232-399-2606
Ananya,Garcia,+49 123-886-9825
Sofia,Silva,+33 169-213-7763
Anastasia,Li,+1 412-704-7032
Léa,Okafor,+7 115-814-1108
Samuel,Williams,+91 158-499-3123
Sakura,Garcia,+34 977-953-3578
Samuel,Singh,+81 427-782-4913
Anastasia,Kim,+81 467-422-2030
Wei,Abebe,+49 288-664-5398
Liam,Smith,+39 611-781-1312
Giulia,Kim,+1 597-933-9337
Wei,Nguyen,+34 715-616-1107
Oliver,Costa,+1 625-401-8048
Sofia,Hernandez,+33 408-348-7470
Chloe,Miller,+34 631-436-8117
Nia,Kowalski,+1 900-134-2444
Carlos,Kim,+7 724-659-6717
Léa,Petrov,+44 883-207-5412
Anastasia,Dubois,+91 244-684-3652
Lucia,Singh,+39 437-703-6916
Chloe,Miller,+33 836-714-2024
Nia,Novak,+34 716-188-5859
Sakura,Kowalski,+49 866-131-3639
Fatima,Patel,+7 680-863-7668
Ivan,Abebe,+49 395-127-8768
Kwame,Popescu,+34 223-653-2794
Chloe,Smith,+81 270-673-6961
Emma,Nguyen,+34 986-525-1124
Oliver,Garcia,+81 795-798-9003
Liam,Jones,+34 258-507-5128
Ananya,Jones,+34 907-596-5457
Olga,Jones,+39 848-428-8631
Emma,Murphy,+7 356-917-4238
Aria,Bianchi,+81 468-676-1058
Anastasia,Smith,+1 797-318-7893
Ivan,Novak,+34 664-925-2980
Aria,Patel,+39 629-865-6231
Anastasia,Garcia,+33 771-601-5730
Sophia,Kim,+81 657-642-6247
Wei,Smith,+91 927-477-3895
Ananya,Garcia,+86 990-307-8727
Emma,Kim,+49 318-655-3535
Aria,Martinez,+34 412-740-8901
Sakura,Murphy,+27 345-948-9012
Mia,Murphy,+33 224-686-7844
Lucia,Lopez,+81 911-163-6884
Sakura,Novak,+39 707-928-4469
Samuel,Bianchi,+49 321-232-2867
Liam,Lopez,+91 257-420-6037
Kwame,Okafor,+7 919-155-7525
Samuel,O'Connor,+33 434-298-2922
Wei,Li,+81 542-342-6620
Lorenzo,Okafor,+7 763-198-1513
Hiroshi,Okafor,+1 530-218-6320
Ananya,Abebe,+7 526-283-5397
Ananya,Costa,+7 911-373-6820
Lucia,Abebe,+27 406-108-3113
Chloe,Nguyen,+91 655-561-1427
Chen,Martinez,+49 651-852-4969
Jean,Silva,+86 572-675-7126
Chen,Kim,+49 716-305-5883
Emma,Dubois,+1 224-250-5795
Oliver,Johnson,+33 566-339-2982
Mateo,Abebe,+33 116-608-9990
Lorenzo,Hernandez,+7 619-106-8678
Chen,Miller,+7 869-383-3192
Lorenzo,Hernandez,+34 383-599-1874
Léa,Okafor,+34 360-153-7702
Priya,Martinez,+27 211-503-9167
Lorenzo,Jones,+44 786-741-8556
Lorenzo,Abadi,+39 363-106-7875
Ananya,Singh,+44 807-828-1541
Kwame,Miller,+1 161-794-2942
Ananya,Okafor,+81 245-195-1046
Sakura,Abadi,+33 971-445-9848
Léa,Abadi,+39 659-509-6928
Lorenzo,Abadi,+81 789-635-1623
Sophia,Johnson,+49 298-957-5469
Priya,Johnson,+81 750-961-9179
Mateo,Smith,+44 643-704-7941
Yuki,Garcia,+1 421-487-7816
Noah,Smith,+44 656-820-6733
Ahmed,Ivanov,+34 608-899-2800
Ananya,Silva,+34 667-153-1607
Aria,Johnson,+86 430-116-5340
Sakura,Chen,+39 216-773-6525
Samuel,Novak,+1 579-658-9456
Emma,Johnson,+7 614-555-8787
Lucia,Novak,+91 687-124-7299
Sophia,Martinez,+81 684-987-7650
Ava,Jones,+34 423-387-6216
Wei,Li,+27 449-536-2881
Anastasia,Petrov,+81 355-505-1595
Wei,Kowalski,+7 429-705-3016
Aria,Nguyen,+39 304-874-7360
Léa,Petrov,+33 498-174-3821
Lucia,O'Connor,+33 334-618-9262
Anastasia,Petrov,+33 951-656-8498
Ananya,Garcia,+1 802-535-6470
Carlos,Ibrahim,+1 556-127-7530
Carlos,Brown,+86 996-140-8757
Sofia,Patel,+1 207-666-9185
Mohammed,Williams,+44 725-525-6912
Wei,Johnson,+1 124-896-3252
Mohammed,Garcia,+33 623-805-5525
Emma,Johnson,+33 767-753-1241
Giulia,Bianchi,+39 469-236-9018
Anastasia,Chen,+33 382-619-6107
Ahmed,Murphy,+39 632-875-1721
Ananya,Li,+81 472-675-6034
Jean,Lopez,+49 130-631-4725
Emma,Abebe,+7 661-279-2395
Priya,Williams,+7 223-207-6395
Yuki,O'Connor,+44 719-934-5002
Nia,Martinez,+33 747-205-7800
Aria,Chen,+7 142-554-1895
Giulia,Martinez,+34 149-674-7130
Priya,O'Connor,+1 563-481-4944
Mohammed,Murphy,+81 893-383-9277
Mateo,Nguyen,+27 308-180-2677
Fatima,Jones,+7 280-715-4023
Olga,Dubois,+44 510-396-5824
Ananya,Jones,+91 291-461-8982
Kwame,Silva,+81 112-295-8099
Noah,Brown,+49 337-951-5569
Wei,Jones,+49 960-415-1501
Chen,Hernandez,+1 492-367-8176
Sakura,Okafor,+44 985-732-3969
Jean,Costa,+1 313-759-2131
Ivan,Ibrahim,+27 928-978-9178
Lorenzo,Nguyen,+27 949-240-3249
Lucia,Ibrahim,+34 705-591-9711
Ananya,Novak,+27 297-109-2234
Olga,Williams,+86 371-115-4714
Jean,Bianchi,+33 721-634-4559
Sakura,Nguyen,+1 509-202-4479
Lorenzo,Rossi,+34 566-568-8130
Noah,Singh,+34 171-704-5484
Jean,Miller,+7 728-362-7450
Sophia,O'Connor,+81 260-797-7246
Chen,Lopez,+7 843-959-2538
Carlos,Lopez,+44 635-977-8255
Giulia,Miller,+39 767-614-6145
Chen,Ivanov,+81 557-700-4945
Hiroshi,Silva,+81 377-179-7890
Chloe,Abebe,+49 677-347-7220
Ava,Garcia,+7 648-251-8239
Olga,Silva,+34 607-931-7980
Nia,Abebe,+49 949-488-1732
Hiroshi,Murphy,+34 444-918-3318
Chen,Jones,+39 693-720-4286
Noah,Hernandez,+91 569-899-1621
Mia,Brown,+33 655-593-1941
Ivan,Abadi,+49 385-395-1571
Fatima,Hernandez,+49 725-428-5374
Carlos,Abadi,+39 353-391-7282
Kwame,Dubois,+34 532-464-6207
Sofia,Dubois,+27 528-583-6679
Ananya,Nguyen,+81 354-378-4636
Liam,Li,+39 457-981-2680
Giulia,Chen,+91 342-493-3422
Emma,Silva,+81 163-943-8905
Sofia,Chen,+91 984-646-4374
Nia,Patel,+33 379-222-7834
Aria,Kim,+49 859-121-8038
Hiroshi,Costa,+34 613-171-7198
Samuel,O'Connor,+81 791-226-8947
Wei,Singh,+44 947-421-2396
Sakura,Patel,+7 136-755-6432
Mohammed,Dubois,+27 316-496-4085
Kwame,Okafor,+44 792-891-6344
Emma,Brown,+33 378-792-4096
Léa,Abebe,+86 655-182-8965
Lucia,Miller,+39 752-448-1193
Kwame,Silva,+39 657-688-8172
Oliver,Okafor,+7 958-394-6953
Fatima,Li,+91 677-514-3160
Ahmed,Nguyen,+7 699-876-4644
Chen,Kowalski,+91 393-193-5269
Liam,Hernandez,+27 447-942-3121
Anastasia,Singh,+7 620-347-5351
Anastasia,Silva,+81 939-559-3094
Mohammed,Patel,+81 112-579-2218
Hiroshi,Johnson,+49 187-284-5496
Chen,Murphy,+49 970-774-2380
Liam,Singh,+7 893-614-8565
Nia,Miller,+86 691-629-7288
Kwame,Brown,+39 143-969-7670
Kwame,Silva,+7 602-881-9656
Lorenzo,Ivanov,+81 619-788-1987
Priya,Silva,+44 731-355-6816
Wei,Patel,+49 789-153-7192
Hiroshi,Silva,+49 341-224-7372
Emma,Abebe,+39 286-390-8295
Mia,Petrov,+44 283-983-4393
Fatima,Nguyen,+91 654-408-7284
Samuel,Nguyen,+27 881-484-7905
Sofia,O'Connor,+34 668-265-9788
Chloe,Lopez,+81 426-852-8277
Kwame,Murphy,+49 887-836-1245
Ivan,Ivanov,+34 697-526-5555
Sakura,Kowalski,+33 852-658-1592
Sophia,Patel,+39 823-947-8781
Nia,Williams,+7 335-672-7017
Yuki,Johnson,+49 831-329-6090
Samuel,Popescu,+49 891-915-6406
Emma,O'Connor,+39 552-494-4251
Emma,Lopez,+1 706-393-1124
Hiroshi,Martinez,+91 421-205-9421
Olga,Ivanov,+91 910-481-5714
Nia,Rossi,+1 329-897-1832
Mohammed,Costa,+39 379-947-4398
Nia,Popescu,+1 991-747-3468
Giulia,Popescu,+7 546-560-1179
Carlos,Brown,+33 215-902-1200
Fatima,Abadi,+7 513-218-2709
Fatima,O'Connor,+33 497-525-4012
Chloe,Dubois,+27 923-364-2690
Mohammed,Patel,+7 931-514-8544
Kwame,Patel,+44 323-705-5908
Ivan,Costa,+34 753-267-2760
Wei,Brown,+81 103-603-9156
Kwame,Ibrahim,+27 783-269-6966
Yuki,Murphy,+27 443-359-4889
Samuel,Murphy,+39 717-950-1805
Ahmed,Rossi,+34 605-984-7487
Oliver,Silva,+1 327-885-5339
Chen,Popescu,+33 174-123-1679
Lucia,Kim,+81 371-715-8896
Mateo,Costa,+86 615-136-8982
Olga,Williams,+91 127-350-6121
Emma,Popescu,+86 957-160-2859
Sofia,Kim,+44 236-929-6696
Jean,Smith,+81 424-176-1066
Ivan,Smith,+81 813-584-1425
Mia,Smith,+7 104-887-8848
Jean,Okafor,+33 934-915-8290
Noah,Costa,+49 798-725-2045
Yuki,Johnson,+44 899-121-6779
Ivan,Smith,+91 475-192-6023
Ahmed,Martinez,+1 622-387-4931
Sophia,Li,+1 649-291-2346
Ananya,Chen,+33 831-653-3485
Chen,Kowalski,+91 787-949-4988
Samuel,Abebe,+1 973-841-4915
Chloe,Rossi,+49 975-121-2758
Aria,Petrov,+81 419-178-2869
Hiroshi,Johnson,+49 987-241-2325
Ananya,Hernandez,+1 350-150-2444
Nia,Murphy,+7 522-845-2254
Noah,Lopez,+27 440-938-5457
Liam,Novak,+34 777-997-9326
Sakura,Abebe,+27 259-650-1020
Aria,Lopez,+39 725-417-2906
Giulia,Williams,+39 425-753-3733
Lucia,Petrov,+39 972-411-4461
Noah,Abebe,+81 221-977-5956
Priya,Kim,+44 126-861-6663
Jean,Hernandez,+34 580-924-1074
Jean,Martinez,+49 549-367-6628
Noah,Li,+81 814-263-4411
Ava,Okafor,+33 812-143-7619
Priya,Singh,+44 856-182-8078
Mia,Lopez,+33 861-127-5549
Mohammed,Patel,+81 684-453-2799
Ava,Miller,+1 528-567-6198
Nia,Jones,+49 296-948-7576
Mateo,Abadi,+81 204-467-8023
Léa,Novak,+81 693-220-6337
Aria,Kowalski,+1 506-565-4691
Mateo,Abebe,+44 812-459-3602
Samuel,Bianchi,+34 356-946-2108
Aria,Kowalski,+39 336-539-1072
Kwame,Kowalski,+27 946-137-6010
Samuel,Ivanov,+27 266-343-1512
Emma,Popescu,+81 405-899-1887
Giulia,Petrov,+39 107-983-8219
Yuki,Lopez,+81 264-885-6362
Liam,Petrov,+81 902-686-2343
Sofia,O'Connor,+27 565-989-9954
Olga,Garcia,+44 935-312-6964
Oliver,Williams,+86 657-699-1146
Emma,Novak,+33 823-945-5758
Mateo,Martinez,+49 705-688-1198
Sakura,Johnson,+81 339-343-9968
Lucia,Ibrahim,+33 366-849-4268
Kwame,Kowalski,+39 663-762-1167
Sophia,Miller,+91 566-249-1949
Ava,Nguyen,+27 669-877-4459
Priya,Lopez,+86 278-431-6732
Mia,Chen,+91 219-605-6856
Oliver,Jones,+44 277-143-4966
Noah,Novak,+39 305-642-1388
Lucia,Miller,+1 175-170-6480
Samuel,Abebe,+44 507-574-9617
Olga,Novak,+1 858-542-1868
Ava,Chen,+49 858-957-7266
Oliver,Ivanov,+39 426-625-8514
Lorenzo,O'Connor,+34 903-999-8934
Priya,Kim,+86 555-531-3691
Fatima,Hernandez,+1 675-766-2561
Liam,Singh,+34 827-995-5804
Kwame,Popescu,+33 561-975-4495
Ahmed,Hernandez,+91 126-594-1257
Wei,Bianchi,+86 177-119-7353
Kwame,Williams,+27 174-695-7094
Ahmed,Hernandez,+44 166-101-1576
Fatima,Kowalski,+39 531-865-6795
Mia,Kim,+1 764-722-3643
Mateo,Okafor,+91 299-602-8589
Yuki,Lopez,+7 446-641-9435
Priya,Patel,+44 367-539-6191
Priya,Miller,+7 928-825-5253
Emma,Singh,+86 916-449-3443
Mohammed,Miller,+1 335-726-2039
Nia,Ibrahim,+34 844-212-5395
Lucia,Costa,+49 207-543-4196
Sakura,Ibrahim,+27 375-404-3530
Liam,Abadi,+86 358-233-8937
Yuki,Abebe,+44 469-423-7875
Léa,Kowalski,+39 267-141-7983
Giulia,Williams,+27 671-673-4666
Lorenzo,Dubois,+81 487-704-9005
Samuel,Patel,+91 483-903-5722
Anastasia,Abebe,+91 430-384-9731
Ahmed,Abadi,+39 160-742-2072
Léa,Patel,+91 810-795-5150
Lorenzo,Costa,+86 898-730-4271
Ananya,Ivanov,+34 682-560-4885
Mia,Martinez,+86 931-527-6871
Oliver,Novak,+91 672-418-9180
Anastasia,Costa,+33 975-821-9920
Carlos,Li,+34 587-744-6934
Ivan,Williams,+7 915-163-4198
Emma,Garcia,+33 585-357-8843
Carlos,Abebe,+49 528-559-3084
Emma,Silva,+44 352-582-6065
Mohammed,Lopez,+1 294-288-9947
Giulia,Rossi,+49 249-124-2387
Sakura,Brown,+91 465-783-4749
Ahmed,Kowalski,+27 167-264-7218
Fatima,Ivanov,+39 377-319-5756
Liam,Okafor,+33 658-805-6199
Lucia,Patel,+81 245-442-2450
Mia,Costa,+1 924-750-7372
Wei,Okafor,+86 495-235-2892
Emma,Singh,+86 832-504-1225
Chen,Murphy,+49 280-232-5087
Liam,Hernandez,+33 692-512-6690
Emma,Ibrahim,+1 337-960-2927
Anastasia,Murphy,+44 843-397-9066
Sophia,Rossi,+86 559-182-4007
Fatima,Miller,+49 931-748-7515
Sophia,Murphy,+86 369-186-7954
Kwame,Hernandez,+33 190-385-9503
Chen,Kowalski,+27 496-538-5377
Hiroshi,Dubois,+27 748-246-1540
Oliver,Li,+1 335-922-7462
Ivan,Ibrahim,+27 838-399-9452
Olga,Brown,+34 635-947-9221
Chloe,Singh,+49 580-360-4375
Oliver,Singh,+7 355-725-8860
Léa,Ibrahim,+91 148-163-6090
Nia,Chen,+86 513-914-8358
Sakura,Garcia,+27 177-748-8247
Samuel,Smith,+34 356-342-9123
Hiroshi,Ibrahim,+33 819-807-7208
Hiroshi,Petrov,+81 531-295-8444
Samuel,Brown,+33 572-741-8804
Mateo,Miller,+1 644-916-2455
Léa,Costa,+1 768-816-1436
Noah,Bianchi,+86 598-171-6658
Kwame,Ibrahim,+33 884-167-9525
Olga,Lopez,+86 811-956-7533
Jean,Ivanov,+27 322-252-7038
Ananya,Miller,+7 204-886-6215
Samuel,Garcia,+81 207-189-3680
Wei,Brown,+27 450-666-3938
Oliver,Rossi,+86 803-111-8132
Léa,Bianchi,+91 173-798-3434
Noah,Smith,+49 917-123-1447
Carlos,Popescu,+44 829-558-5732
Ivan,Novak,+81 490-807-1383
Carlos,Garcia,+1 915-819-1343
Mohammed,Garcia,+81 515-660-8208
Anastasia,Petrov,+86 113-930-7177
Chen,Garcia,+91 864-804-8265
Lucia,Ibrahim,+81 362-224-8289
Priya,Singh,+49 438-955-8553
Nia,Popescu,+1 671-820-6862
Chen,Smith,+7 107-904-2078
Aria,Garcia,+49 197-652-3233
Sophia,Ibrahim,+91 762-840-2444
Giulia,Johnson,+39 581-878-2722
Emma,O'Connor,+27 751-757-9950
Ananya,Costa,+34 588-336-1807
Giulia,Popescu,+86 614-506-5845
Sakura,Li,+49 767-932-6931
Lorenzo,Li,+33 120-200-2172
Olga,Jones,+7 652-697-5282
Yuki,Silva,+91 663-562-3194
Anastasia,Kowalski,+1 682-196-1124
Mohammed,Williams,+86 282-908-7479
Lorenzo,Popescu,+91 502-299-2196
Lucia,Petrov,+1 837-621-8078
Kwame,Silva,+34 458-740-4586
Kwame,Martinez,+33 694-197-7153
Yuki,Abebe,+27 929-362-1531
Sofia,Abebe,+44 416-961-5054
Anastasia,Okafor,+7 472-927-2497
Samuel,O'Connor,+33 904-461-4361
Samuel,Brown,+44 572-366-7598
Wei,Kim,+49 447-774-1369
Chloe,Petrov,+39 652-510-7110
Priya,Okafor,+39 835-772-6133
Sofia,Abadi,+1 573-108-2437
Sakura,Hernandez,+39 227-296-3164
Wei,Miller,+44 575-796-2344
Samuel,Garcia,+86 111-607-3483
Ivan,Dubois,+81 835-569-3599
Carlos,Kim,+34 737-252-8271
Lorenzo,Hernandez,+86 948-558-2275
Sofia,Abadi,+33 770-236-4772
Chen,Popescu,+49 565-558-2590
Kwame,Brown,+49 192-528-4392
Lucia,Kim,+91 454-150-8430
Liam,Singh,+86 282-971-6477
Priya,Patel,+39 684-534-7001
Noah,Nguyen,+44 943-469-9150
Léa,Jones,+91 392-520-9522
Wei,Nguyen,+81 727-152-7100
Giulia,Murphy,+86 423-394-5254
Priya,Abebe,+91 698-213-7820
Liam,Jones,+86 723-530-6089
Lucia,Williams,+34 282-607-9860
Lorenzo,Hernandez,+86 780-285-1494
Nia,Murphy,+81 488-994-2807
Wei,Jones,+49 449-179-9421
Chen,Popescu,+49 996-212-3508
Giulia,Ivanov,+7 297-542-8667
Wei,Li,+91 309-446-9117
Mia,Brown,+39 837-504-1252
Mohammed,Kim,+27 196-676-6955
Mohammed,Garcia,+1 546-451-3699
Anastasia,Ibrahim,+39 305-348-3858
Yuki,Nguyen,+44 804-993-4894
Mohammed,Okafor,+91 849-675-3581
Lucia,Martinez,+81 850-198-6851
Ananya,Singh,+91 566-970-3903
Jean,Okafor,+44 850-479-8191
Kwame,Ivanov,+91 357-794-5855
Ahmed,Okafor,+86 254-944-2789
Samuel,Smith,+81 656-888-1566
Sophia,Bianchi,+86 213-142-9422
Ahmed,Silva,+49 813-371-5656
Wei,Popescu,+27 469-440-1633
Noah,Murphy,+1 704-264-6757
Olga,Abebe,+27 193-637-3645
Mia,Abadi,+33 548-556-5774
Emma,Martinez,+44 316-164-1751
Ava,Okafor,+33 404-283-8004
Kwame,Novak,+27 455-842-2320
Oliver,Okafor,+7 371-207-5759
Oliver,Johnson,+49 666-106-4587
Fatima,Okafor,+39 772-105-1752
Oliver,Miller,+27 520-324-5741
Sofia,Jones,+49 526-463-8210
Sofia,Patel,+81 866-465-9273
Nia,Williams,+44 156-940-3446
Emma,Rossi,+33 861-691-4508
Samuel,Dubois,+33 950-648-2118
Oliver,Kowalski,+49 377-308-9926
Olga,Silva,+49 635-814-2988
Ananya,Brown,+7 257-748-5540
Olga,Brown,+44 205-565-5910
Hiroshi,Novak,+34 184-860-6044
Fatima,Abadi,+39 562-307-2308
Emma,Ivanov,+81 265-579-3887
Mohammed,Abadi,+49 629-716-4151
Liam,Ibrahim,+33 295-985-3741
Aria,Garcia,+91 729-223-5574
Sophia,Rossi,+86 556-369-1366
Mohammed,Dubois,+34 461-956-5755
Yuki,Silva,+86 391-151-2901
Ava,Chen,+34 351-885-2595
Lucia,Dubois,+39 478-214-2258
Priya,Petrov,+27 898-467-3655
Lucia,Hernandez,+91 967-571-3343
Wei,Kim,+7 166-265-4328
Olga,Silva,+81 911-534-6206
Yuki,Kim,+49 344-494-3688
Priya,Silva,+33 605-885-7029
Liam,Li,+86 120-135-4381
Oliver,Brown,+91 213-335-5580
Anastasia,Novak,+39 727-635-6659
Hiroshi,Kim,+27 902-231-6530
Mateo,Martinez,+34 919-179-6027
Yuki,Rossi,+91 601-257-7426
Mateo,Garcia,+49 327-196-2975
Carlos,Abebe,+44 517-767-9230
Léa,Jones,+44 714-698-2227
Liam,Williams,+7 822-144-3481
Wei,Martinez,+86 883-410-1918
Sofia,Garcia,+86 590-960-9699
Fatima,Petrov,+86 960-198-9192
Kwame,Murphy,+39 538-922-7899
Wei,Jones,+81 199-337-6585
Chen,Patel,+34 754-761-8747
Mohammed,Chen,+39 215-783-2351
Noah,Ivanov,+27 845-288-5810
Liam,Murphy,+34 774-386-6904
Ahmed,Silva,+34 615-184-8812
Ananya,Abadi,+44 621-634-5177
Liam,Garcia,+1 836-450-8495
Mateo,Hernandez,+44 484-246-8428
Yuki,Chen,+86 229-143-6758
Samuel,Murphy,+33 538-959-1232
Léa,O'Connor,+91 724-659-2793
Ivan,Miller,+7 153-872-4157
Sakura,Martinez,+27 345-366-3642
Léa,Ivanov,+44 476-419-3583
Emma,Smith,+34 490-448-6790
Anastasia,Okafor,+44 766-970-7455
Wei,Singh,+44 501-856-2023
Fatima,Okafor,+7 475-441-5154
Ananya,Novak,+44 293-951-5960
Wei,Patel,+27 372-639-9610
Chen,Popescu,+34 797-685-2592
Anastasia,Lopez,+39 988-711-7349
Ava,Kim,+49 778-711-7995
Ahmed,Nguyen,+7 467-179-7312
Ananya,Rossi,+7 678-535-2368
Chen,Martinez,+81 866-806-4471
Priya,Silva,+86 658-796-1088
Ahmed,O'Connor,+91 659-530-3378
Sakura,Abadi,+33 103-282-6053
Mohammed,Bianchi,+81 895-269-9692
Carlos,Okafor,+86 419-180-4689
Yuki,Silva,+1 277-824-3071
Chen,Miller,+1 539-410-7410
Olga,Okafor,+34 367-341-7771
Aria,Dubois,+91 518-856-7656
Aria,Nguyen,+39 848-168-3382
Emma,Ivanov,+49 871-657-4454
Giulia,Novak,+7 115-190-4023
Chloe,Nguyen,+49 617-904-8924
Chen,Murphy,+1 734-944-8181
Oliver,Patel,+39 258-755-4695
Giulia,Hernandez,+39 993-819-4231
Samuel,Okafor,+34 513-791-2701
Liam,Okafor,+34 545-621-4238
Mia,Bianchi,+49 525-700-5251
Anastasia,Popescu,+33 467-389-8335
Anastasia,Okafor,+44 919-807-4102
Carlos,Williams,+91 352-322-5823
Samuel,Rossi,+91 314-682-8311
Anastasia,Chen,+7 881-723-3707
Sofia,Bianchi,+44 392-383-8093
Anastasia,Lopez,+33 542-858-6624
Ananya,Brown,+7 734-973-5461
Ahmed,Novak,+39 954-433-5626
Oliver,Garcia,+27 585-600-3120
Nia,Okafor,+39 603-395-4166
Wei,Smith,+81 101-365-9327
Aria,Martinez,+7 958-809-6838
Olga,Smith,+81 909-391-3765
Noah,Patel,+7 611-955-2043
Emma,Lopez,+81 224-287-9359
Sakura,Jones,+86 430-757-9984
Lucia,Ibrahim,+34 966-960-1611
Mohammed,Miller,+7 787-789-4708
Emma,O'Connor,+1 963-881-6393
Hiroshi,Murphy,+91 531-562-2532
Aria,Williams,+33 279-690-1711
Fatima,Kowalski,+44 893-273-8904
Hiroshi,Kowalski,+91 808-258-6478
Noah,O'Connor,+86 637-149-7463
Sofia,Lopez,+27 547-148-5515
Aria,Li,+91 616-772-5113
Sophia,Novak,+91 240-687-8152
Lucia,Bianchi,+7 122-140-4802
Ananya,Li,+86 106-550-7605
Lucia,Popescu,+39 318-444-2080
Liam,Okafor,+86 836-106-5786
Ananya,Li,+81 500-556-9995
Nia,Bianchi,+39 967-145-7126
Chen,Petrov,+7 770-450-9957
Sophia,Ivanov,+44 619-175-3092
Lorenzo,Singh,+86 998-557-5984
Yuki,Lopez,+91 650-149-5371
Noah,Murphy,+39 434-251-7318
Hiroshi,Miller,+44 858-886-9159
Priya,Popescu,+34 561-980-6910
Ava,Ivanov,+81 331-126-6819
Léa,Garcia,+81 956-854-2954
Giulia,Petrov,+1 378-880-2902
Jean,Chen,+1 670-772-9831
Chen,Nguyen,+39 527-495-4827
Nia,Okafor,+33 709-314-6456
Aria,Murphy,+91 657-994-8318
Wei,Kim,+44 427-563-4565
Carlos,O'Connor,+49 206-509-4704
Olga,Bianchi,+81 573-995-4734
Lucia,Williams,+34 336-754-8380
Ava,Abebe,+44 979-826-7056
Liam,Kowalski,+44 448-572-1045
Jean,Silva,+27 576-887-5276
Aria,Williams,+44 488-818-3431
Mohammed,Popescu,+1 475-970-9959
Nia,Nguyen,+33 193-461-7792
Olga,O'Connor,+39 630-726-8847
Oliver,Patel,+39 751-488-8723
Noah,Patel,+27 399-123-9773
Ahmed,Miller,+33 268-378-3187
Sakura,Miller,+91 148-832-7697
Hiroshi,Abadi,+44 791-652-8092
Hiroshi,Murphy,+49 547-829-4691
Mia,Dubois,+1 838-437-7371
Sofia,Singh,+1 526-449-8768
Aria,Chen,+34 382-735-4193
Sakura,Bianchi,+39 804-529-3899
Léa,Abebe,+39 771-209-2187
Sofia,Ivanov,+39 805-506-9010
Carlos,Smith,+1 370-748-1106
Noah,Johnson,+39 456-537-4087
Sophia,Novak,+91 746-297-1060
Mateo,Brown,+44 507-127-6743
Yuki,Williams,+34 467-531-2783
Sophia,Silva,+7 385-981-1617
Mia,Abebe,+39 481-238-1597
Wei,Popescu,+39 923-102-7218
Lucia,Lopez,+34 975-113-7573
Lucia,Hernandez,+1 657-802-6777
Aria,Abebe,+1 452-884-3439
Nia,Nguyen,+39 640-793-6153
Giulia,Brown,+39 662-619-1932
Emma,Dubois,+86 176-132-9964
Priya,Popescu,+27 257-120-8800
Emma,Bianchi,+44 298-664-8609
Ivan,Petrov,+44 272-204-3185
Ananya,Abebe,+91 891-643-5086
Mia,Ibrahim,+44 217-676-2818
Yuki,O'Connor,+27 775-897-7439
Ananya,Chen,+1 793-438-2028
Wei,Ivanov,+7 611-680-5118
Noah,Popescu,+81 427-604-7303
Samuel,Johnson,+7 754-611-6758
Olga,Silva,+49 876-836-3605
Ivan,Abadi,+86 902-225-7285
Giulia,O'Connor,+39 518-119-4408
Oliver,Ibrahim,+49 569-560-2199
Carlos,Smith,+7 767-789-4044
Carlos,Williams,+7 321-749-6136
Sophia,Silva,+39 164-622-7784
Aria,Johnson,+44 245-576-9588
Sofia,Okafor,+1 280-248-6945
Ahmed,Rossi,+91 225-549-3197
Priya,Jones,+44 186-543-2630
Sophia,Miller,+1 924-368-3251
Anastasia,Johnson,+39 264-799-3309
Priya,Kowalski,+39 552-344-7821
Carlos,Chen,+7 433-850-2269
Jean,Popescu,+91 427-779-3821
Emma,Chen,+27 700-181-8324
Mateo,Patel,+39 436-797-7281
Jean,Williams,+33 606-445-2883
Hiroshi,Hernandez,+34 282-185-3736
Yuki,Kim,+27 737-794-1018
Yuki,Lopez,+1 734-242-2998
Sakura,Williams,+39 533-102-5238
Mateo,Jones,+1 882-589-5965
Ivan,Johnson,+33 207-625-5838
Ananya,Petrov,+27 652-487-9962
Wei,Murphy,+1 612-631-7952
Sakura,Bianchi,+39 257-658-9023
Sophia,O'Connor,+49 652-615-4403
Carlos,Okafor,+27 263-969-6355
Noah,O'Connor,+86 861-299-4394
Carlos,Patel,+39 755-519-7726
Sophia,Kowalski,+1 274-994-7570
Kwame,Chen,+81 664-795-9744
Ananya,O'Connor,+49 915-396-1651
Noah,Abebe,+44 704-292-1118
Ahmed,Popescu,+81 179-649-7825
Jean,Petrov,+34 321-654-3767
Mateo,Li,+81 212-721-6259
Carlos,Abebe,+7 370-562-4790
Sofia,Kim,+49 149-947-4121
Ava,Rossi,+27 436-543-1082
Yuki,Patel,+86 381-743-3499
Chloe,Abadi,+44 947-776-6545
Giulia,Ibrahim,+81 918-534-1064
Emma,Nguyen,+86 422-170-2601
Sakura,Murphy,+33 978-319-7787
Giulia,Costa,+33 760-741-6021
Aria,Abebe,+91 218-651-3009
Wei,Ivanov,+34 367-783-8190
Ahmed,Hernandez,+33 399-745-2037
Lorenzo,Patel,+34 458-825-6696
Wei,Williams,+86 477-971-6098
Sakura,Johnson,+7 549-745-5795
Mohammed,Jones,+44 858-502-2060
Sofia,Novak,+34 986-967-7124
Oliver,Patel,+44 294-358-8210
Chen,Miller,+39 963-186-6077
Aria,Silva,+27 802-807-8403
Sofia,Rossi,+7 396-171-4879
Hiroshi,Martinez,+34 653-273-8710
Ahmed,Lopez,+33 671-479-5266
Chloe,Williams,+7 517-557-2850
Fatima,Murphy,+7 787-678-5434
Sofia,Kowalski,+27 737-472-2592
Ahmed,O'Connor,+27 730-122-7390
Chloe,Patel,+81 664-328-5073
Olga,Rossi,+39 206-179-6591
Carlos,O'Connor,+49 107-887-1048
Chloe,Garcia,+49 129-386-2360
Lucia,Novak,+27 279-985-3804
Anastasia,Petrov,+34 377-657-2267
Ananya,Li,+91 668-237-5469
Lucia,Martinez,+81 556-852-2284
Olga,Bianchi,+86 284-770-7032
Léa,Kowalski,+1 522-486-7464
Aria,Abebe,+1 999-867-4307
Giulia,Abadi,+34 315-214-3787
Sophia,Silva,+27 179-135-2685
Jean,Jones,+86 637-150-9492
Ananya,Murphy,+86 980-876-6703
Anastasia,Murphy,+91 687-899-3536
Emma,Lopez,+39 674-900-2740
Chloe,Silva,+86 892-576-7607
Fatima,Rossi,+27 160-123-9324
Mia,Patel,+34 509-235-7511
Jean,Rossi,+49 115-686-8865
Emma,Hernandez,+33 176-870-5022
Hiroshi,Costa,+81 127-121-8584
Yuki,Ibrahim,+49 128-716-9881
Chloe,Brown,+44 776-544-5226
Lorenzo,Martinez,+44 197-598-2525
Lorenzo,Li,+33 962-297-9821
Sophia,Singh,+1 446-985-7789
Priya,Kim,+33 732-602-2977
Lucia,Okafor,+7 773-750-3868
Mateo,Abebe,+34 474-310-6226
Kwame,Petrov,+33 621-614-4702
Samuel,Murphy,+7 858-304-4591
Mohammed,Jones,+33 518-506-1499
Olga,Hernandez,+7 789-979-2262
Emma,Kowalski,+27 716-948-9139
Sakura,Petrov,+27 284-408-5593
Liam,Novak,+81 837-318-3964
Mia,Rossi,+7 994-160-2333
Lorenzo,Okafor,+91 373-467-3819
Mateo,Rossi,+81 893-884-4065
Lorenzo,Hernandez,+27 356-432-7900
Nia,Silva,+33 932-421-7396
Hiroshi,Williams,+91 386-828-5536
Lucia,Johnson,+7 405-613-9130
Fatima,Smith,+44 163-608-3833
Hiroshi,Brown,+33 259-888-4620
Léa,Bianchi,+81 642-861-1021
Kwame,Silva,+44 140-438-4850
Noah,Murphy,+86 190-801-6993
Anastasia,Chen,+91 793-227-1289
Sophia,O'Connor,+49 559-580-6219
Hiroshi,Costa,+44 287-678-6256
Lucia,Hernandez,+39 633-802-2570
Sophia,Martinez,+81 592-318-3455
Mia,Johnson,+81 529-893-5900
Olga,Kowalski,+49 722-274-5371
Giulia,Williams,+27 240-948-2900
Chen,Silva,+81 757-433-5596
Sakura,Smith,+34 933-551-7331
Kwame,Bianchi,+27 511-598-4587
Mohammed,Li,+7 432-954-3004
Sofia,Bianchi,+33 520-189-1504
Sakura,Abadi,+34 468-978-1807
Ava,O'Connor,+91 139-466-9582
Hiroshi,Smith,+1 149-667-5895
Jean,Lopez,+81 162-993-9024
Ava,Brown,+33 135-556-2959
Lucia,Bianchi,+27 800-265-9870
Mohammed,Jones,+39 386-520-5766
Oliver,Williams,+81 965-767-3744
Fatima,Bianchi,+49 167-746-5417
Lorenzo,Patel,+27 992-296-8840
Samuel,Silva,+44 819-428-4499
Wei,Abebe,+91 110-185-4712
Hiroshi,Rossi,+86 421-163-8561
Nia,Johnson,+27 494-580-7656
Sophia,Novak,+7 495-784-7578
Emma,Williams,+81 985-720-3183
Hiroshi,Abadi,+1 222-896-3432
Noah,Okafor,+7 221-342-9952
Chloe,Kowalski,+1 387-485-3933
Ava,Nguyen,+27 319-155-1891
Sophia,Patel,+39 754-272-8651
Yuki,Murphy,+7 521-616-7794
Sakura,Patel,+49 573-180-5797
Fatima,Kowalski,+86 723-818-4475
Ava,Singh,+81 730-366-2332
Fatima,Bianchi,+1 781-839-3307
Liam,Costa,+27 226-183-8536
Ananya,Kim,+44 497-909-6130
Ahmed,Chen,+34 627-600-5362
Yuki,Li,+86 387-261-4438
Fatima,Popescu,+27 359-429-6637
Wei,Johnson,+81 941-553-5271
Chen,Abebe,+7 627-363-3815
Kwame,Chen,+34 826-111-9269
Liam,Johnson,+86 344-589-8832
Fatima,Brown,+33 565-656-9136
Lorenzo,Smith,+91 119-205-6195
Mohammed,Chen,+27 727-382-2751
Anastasia,O'Connor,+7 196-725-6056
Fatima,Johnson,+27 965-496-9437
Hiroshi,Patel,+81 461-618-1858
Samuel,Costa,+34 353-252-4634
Carlos,Kowalski,+7 371-149-8524
Mohammed,Costa,+34 983-826-5173
Kwame,Rossi,+86 746-304-6487
Mateo,Costa,+91 889-577-5207
Sofia,Costa,+86 793-810-5326
Samuel,Dubois,+34 210-777-7559
Sakura,Brown,+91 546-796-3900
Noah,Okafor,+7 833-292-8749
Jean,Miller,+33 833-967-5157
Sofia,Lopez,+33 507-691-7131
Mateo,Jones,+49 595-233-6922
Mateo,Johnson,+33 496-186-3540
Ava,Novak,+86 143-949-4313
Fatima,Smith,+33 791-273-4800
Yuki,Nguyen,+1 818-980-5025
Nia,Miller,+7 198-258-9613
Lorenzo,Singh,+27 448-190-5546
Chloe,Nguyen,+7 935-229-1016
Jean,Rossi,+39 162-115-1999
Yuki,Patel,+44 276-283-9824
Anastasia,Patel,+86 540-123-5418
Emma,Nguyen,+49 993-167-4686
Ahmed,Petrov,+44 605-459-8372
Sakura,Okafor,+1 683-662-9682
Noah,Singh,+7 251-372-3968
Emma,Popescu,+7 710-882-7297
Aria,Murphy,+33 596-130-3433
Nia,Abadi,+44 918-251-2970
Ananya,Rossi,+81 688-483-5343
Noah,Chen,+91 860-534-2553
Nia,Nguyen,+81 702-911-8262
Chen,Smith,+1 598-131-4906
Lorenzo,Garcia,+39 146-748-5842
Noah,Johnson,+91 700-466-1799
Lucia,Williams,+1 464-524-7506
Priya,Martinez,+91 724-175-8156
Mia,Kim,+1 596-983-1207
Mohammed,Lopez,+39 564-344-6929
Léa,Popescu,+81 950-124-7115
Fatima,Garcia,+91 165-918-1819
Chloe,Novak,+44 436-280-1115
Oliver,Patel,+91 376-225-3152
Hiroshi,Novak,+49 915-221-9148
Ahmed,Martinez,+81 618-555-7236
Oliver,Singh,+91 927-409-5626
Liam,Johnson,+27 356-784-2821
Samuel,Abadi,+33 830-498-9142
Mateo,Bianchi,+7 460-739-1857
Aria,Smith,+34 830-214-9727
Yuki,Kim,+81 316-181-1991
Hiroshi,Li,+33 826-780-9341
Sophia,Singh,+91 609-337-8510
Giulia,Novak,+81 723-842-1908
Sophia,Silva,+81 119-622-3984
Carlos,Jones,+81 859-778-8819
Giulia,Dubois,+49 164-951-6773
Priya,Okafor,+7 637-818-3880
Carlos,Costa,+34 832-744-9396
Ananya,Novak,+86 990-160-1082
Liam,Chen,+86 787-606-4172
Oliver,Murphy,+39 245-753-7691
Carlos,Okafor,+91 413-938-3607
Ivan,Nguyen,+49 459-122-9336
Mia,Murphy,+39 564-540-3938
Ivan,Abebe,+27 394-371-4764
Mohammed,Kowalski,+86 515-824-3985
Priya,Patel,+91 378-976-9581
Samuel,Abadi,+1 352-100-6177
Sofia,Popescu,+7 467-972-1275
Wei,Okafor,+81 357-946-7225
Lorenzo,Jones,+34 589-140-1478
Carlos,Johnson,+81 959-472-9151
Sophia,Martinez,+7 551-691-5940
Ahmed,Martinez,+49 936-122-1564
Mateo,Lopez,+49 214-481-7225
Nia,Popescu,+49 475-344-6950
Samuel,Singh,+86 964-498-6472
Priya,Abebe,+86 630-372-8708
Anastasia,Li,+7 516-566-1641
Lucia,Silva,+1 117-832-3056
Sophia,Kowalski,+7 781-859-6830
Sofia,Hernandez,+81 568-838-6805
Ivan,Kowalski,+34 951-223-8341
Yuki,O'Connor,+33 856-784-5701
Lucia,Brown,+34 132-630-5229
Giulia,Chen,+91 960-949-9263
Léa,Ibrahim,+7 114-510-7489
Hiroshi,Silva,+49 362-164-8944
Ava,Garcia,+27 269-773-5827
Ivan,Silva,+39 547-867-1392
Chloe,Nguyen,+27 617-178-7286
Emma,Dubois,+44 869-395-1746
Sofia,Costa,+39 104-576-6790
Ananya,Singh,+39 531-522-3952
Sofia,Murphy,+1 305-232-7349
Carlos,Patel,+81 921-903-3927
Lorenzo,Kowalski,+1 389-281-6722
Carlos,Lopez,+86 165-514-6622
Jean,Ibrahim,+33 962-390-1682
Priya,Okafor,+49 541-768-4750
Jean,Patel,+81 708-796-3646
Hiroshi,Abadi,+81 347-384-7609
Nia,Okafor,+49 751-896-3985
Mohammed,Rossi,+34 481-951-8797
Mohammed,Rossi,+86 875-658-6093
Noah,Okafor,+49 164-552-7077
Fatima,Novak,+33 366-921-9415
Lorenzo,Brown,+27 770-631-2106
Mia,Lopez,+1 843-361-8758
Sofia,Costa,+81 771-709-8422
Aria,Patel,+44 189-835-6419
Mateo,Brown,+39 851-502-7111
Ivan,Ivanov,+7 924-532-5920
Emma,Martinez,+49 363-465-8526
Ahmed,Brown,+27 299-192-5353
Yuki,Kim,+91 343-241-6655
Liam,Johnson,+86 265-863-6416
Lorenzo,Lopez,+27 558-781-8263
Anastasia,Brown,+27 583-378-7077
Lucia,Rossi,+34 650-863-2629
Ivan,Chen,+44 872-995-4486
Aria,Abadi,+7 352-248-3255
Lorenzo,Kowalski,+44 306-140-2128
Léa,Okafor,+1 840-754-2502
Giulia,Rossi,+91 212-616-9378
Ivan,Bianchi,+49 592-926-4076
Lucia,Williams,+39 801-214-1902
Emma,Murphy,+34 817-543-6722
Carlos,Bianchi,+39 527-948-5021
Ananya,Kowalski,+33 882-659-1076
Yuki,Brown,+49 568-601-1547
Ava,Garcia,+1 954-145-6870
Hiroshi,Costa,+33 643-298-5714
Ava,Silva,+44 291-763-7280
Hiroshi,Dubois,+44 393-885-1575
Wei,Abebe,+1 296-413-5993
Mia,Singh,+44 828-998-7470
Priya,Dubois,+34 672-473-8774
Chloe,Smith,+81 143-687-5735
Ahmed,Novak,+1 495-250-5540
Giulia,Murphy,+1 334-103-1257
Fatima,Li,+44 896-981-5932
Ananya,Costa,+91 642-476-9814
Oliver,Chen,+7 459-102-7164
Mohammed,Kowalski,+81 474-314-2680
Sakura,Abebe,+81 603-814-2157
Emma,Popescu,+39 761-396-4989
Sakura,Singh,+81 275-425-3908
Ananya,Silva,+34 391-237-2368
Nia,Abadi,+44 608-910-7786
Aria,Brown,+44 252-213-3091
Mohammed,Kim,+27 873-720-2833
Wei,Abebe,+39 339-997-9980
Lorenzo,Lopez,+44 504-327-4815
Priya,Dubois,+33 591-435-5879
Chloe,Abebe,+34 949-472-4481
Sofia,Costa,+49 835-361-6310
Lucia,Silva,+44 148-964-9730
Liam,Petrov,+34 895-555-2593
Chen,Brown,+1 299-978-5449
Priya,Singh,+33 145-658-2000
Ivan,Ibrahim,+86 600-410-5376
Samuel,Kim,+33 763-960-6038
Jean,Kowalski,+34 883-823-4955
Aria,Brown,+44 159-465-2507
Aria,Johnson,+91 126-440-2998
Oliver,Brown,+49 487-649-8287
Aria,Martinez,+81 788-117-3757
Priya,Martinez,+27 361-135-6097
Priya,Okafor,+39 984-595-4886
Mia,O'Connor,+7 742-800-7144
Emma,Popescu,+34 268-558-5127
Noah,Petrov,+27 997-880-6092
Sakura,Lopez,+34 224-832-3477
Giulia,Rossi,+49 842-712-7921
Olga,Popescu,+27 690-160-8213
Kwame,Bianchi,+1 284-864-6452
Sofia,Abebe,+91 746-571-6446
Lucia,Abebe,+1 788-797-5449
Kwame,Singh,+86 938-781-1680
Mia,Dubois,+1 545-199-6468
Hiroshi,Hernandez,+91 815-850-4230
Aria,Chen,+34 797-351-2790
Léa,Costa,+44 462-685-6274
Léa,Nguyen,+49 480-569-7772
Nia,Singh,+86 395-276-1804
Kwame,Petrov,+34 893-952-5098
Anastasia,Brown,+33 290-408-3707
Aria,Nguyen,+27 454-735-5735
Giulia,Okafor,+33 602-237-7744
Liam,Petrov,+86 201-982-5601
Samuel,Silva,+33 137-291-1477
Sofia,Chen,+7 856-782-4763
Jean,Nguyen,+91 954-551-6338
Chen,Okafor,+91 580-856-6049
Lucia,Hernandez,+86 348-605-7892
Mia,Garcia,+33 745-584-5834
Noah,Nguyen,+44 511-505-8676
Lorenzo,Dubois,+49 539-503-8845
Ananya,Ivanov,+44 535-643-8518
Ahmed,Patel,+1 508-242-9356
Carlos,Dubois,+81 470-960-7722
Mia,Patel,+91 654-833-9664
Chen,Ibrahim,+27 262-988-5287
Lorenzo,Ivanov,+27 205-913-5524
Lucia,Silva,+27 442-716-3784
Anastasia,Okafor,+49 679-875-3092
Lorenzo,Hernandez,+86 814-780-4211
Giulia,Hernandez,+44 805-916-6302
Samuel,Brown,+49 272-928-5804
Mohammed,Murphy,+7 675-799-3234
Nia,Singh,+91 397-164-5344
Sakura,Jones,+33 399-372-6595
Lucia,Ibrahim,+27 115-306-9387
Ananya,Williams,+44 102-417-7686
Oliver,Johnson,+7 588-371-4169
Kwame,Murphy,+86 116-371-3574
Nia,Kim,+34 343-357-7587
Chen,Kim,+44 396-800-6485
Sophia,Petrov,+34 836-968-4998
Ahmed,Smith,+34 474-388-3801
Kwame,Lopez,+86 838-100-6371
Fatima,Johnson,+7 333-860-1005
Sakura,Ivanov,+86 572-601-5870
Sophia,Jones,+86 210-370-1407
Samuel,Johnson,+49 677-250-5434
Jean,Murphy,+91 125-431-4629
Ananya,Petrov,+39 965-271-8383
Sakura,Li,+39 836-586-3354
Fatima,Patel,+86 105-790-3234
Olga,Lopez,+49 601-728-2639
Mateo,Murphy,+91 314-827-1311
Kwame,Li,+86 697-338-3736
Olga,Bianchi,+44 818-538-6056
Aria,Kim,+81 467-799-7019
Ivan,Brown,+91 771-193-9853
Mohammed,Novak,+86 755-856-1199
Samuel,Johnson,+33 638-425-6169
Giulia,Smith,+34 542-357-5430
Noah,Garcia,+44 437-737-3698
Olga,Williams,+86 280-886-4958
Mohammed,Singh,+81 152-533-7301
Priya,Rossi,+91 805-591-8824
Ananya,O'Connor,+81 458-142-8655
Giulia,Popescu,+7 670-283-1535
Oliver,Jones,+86 909-396-5949
Yuki,Garcia,+1 658-701-2710
Samuel,Costa,+33 509-639-4432
Ahmed,Rossi,+34 234-853-8616
Yuki,Novak,+49 196-477-9167
Emma,Ibrahim,+7 418-292-6642
Sofia,Brown,+33 543-257-2921
Mia,Novak,+7 550-473-4342
Ahmed,Dubois,+27 806-175-5716
Noah,Ivanov,+86 895-688-1309
Priya,O'Connor,+49 483-799-4124
Anastasia,Johnson,+33 821-472-4527
Anastasia,Smith,+34 121-967-9126
Aria,Okafor,+91 355-363-1013
Noah,Chen,+1 473-927-8573
Ahmed,Novak,+7 533-657-7825
Ava,Nguyen,+34 293-580-9032
Kwame,Li,+86 987-138-4187
Chloe,Miller,+7 616-116-2483
Fatima,Kim,+1 617-186-2985
Olga,Popescu,+1 835-133-4315
Lorenzo,Abebe,+1 867-622-8815
Olga,Hernandez,+86 123-909-8121
Chloe,Nguyen,+86 886-786-2891
Samuel,Hernandez,+49 420-348-7733
Aria,Abadi,+86 299-466-6184
Aria,Abebe,+86 931-368-2223
Lorenzo,Johnson,+49 492-282-8414
Mia,Popescu,+44 154-488-1914
Sofia,O'Connor,+33 636-231-2915
Nia,Williams,+44 679-789-5101
Aria,Lopez,+39 167-655-5607
Jean,Murphy,+81 895-427-2481
Ava,Patel,+34 375-492-9978
Sofia,Kowalski,+27 352-399-2015
Anastasia,Nguyen,+39 965-648-4673
Mia,Martinez,+39 162-611-4912
Mohammed,Williams,+34 330-117-8351
Yuki,Kim,+39 639-432-8860
Anastasia,Singh,+49 324-828-5480
Mateo,Smith,+91 692-885-6713
Kwame,Miller,+39 430-123-7052
Ivan,Chen,+86 291-405-3861
Hiroshi,Garcia,+81 138-997-1953
Léa,Garcia,+49 897-865-9676
Lorenzo,Miller,+86 836-171-4138
Lorenzo,Popescu,+91 865-115-5174
Carlos,Garcia,+86 518-651-5382
Sakura,Li,+39 346-192-7575
Nia,Costa,+7 557-801-7711
Sophia,Abebe,+44 823-754-1727
Nia,Silva,+86 375-590-8275
Ananya,O'Connor,+34 861-649-6253
Mia,Jones,+39 265-433-5347
Lorenzo,Williams,+27 295-548-4518
Fatima,Kim,+33 383-702-2864
Aria,Silva,+39 571-629-3533
Ahmed,Rossi,+1 665-438-3635
Ahmed,Johnson,+39 199-737-5981
Kwame,Martinez,+44 550-629-4122
Noah,O'Connor,+39 188-681-6217
Sofia,Dubois,+34 772-661-1981
Léa,Lopez,+49 243-250-6051
Chloe,Okafor,+27 449-959-7466
Oliver,O'Connor,+27 601-371-2146
Léa,Jones,+33 358-197-2329
Priya,Abebe,+27 588-972-7200
Mohammed,Miller,+1 995-758-1220
Mateo,Ivanov,+39 495-894-7221
Priya,Li,+1 397-671-3728
Ivan,Rossi,+33 797-440-4764
Chen,Smith,+91 584-515-6853
Anastasia,Okafor,+34 348-755-2111
Ananya,Patel,+7 398-412-7519
Sophia,Okafor,+33 778-669-7854
Sophia,Okafor,+39 508-286-8947
Lucia,Kowalski,+7 843-558-1049
Yuki,O'Connor,+1 678-669-2877
Sofia,Dubois,+27 626-331-7744
Oliver,Hernandez,+34 840-904-5491
Anastasia,Petrov,+33 786-759-4624
Ananya,Smith,+39 951-755-5281
Anastasia,Abadi,+1 728-403-1336
Nia,Murphy,+49 826-565-2135
Ananya,Abebe,+33 579-169-7928
Aria,Johnson,+27 135-245-6617
Anastasia,Johnson,+81 325-727-7769
Sakura,Dubois,+1 265-881-4983
Anastasia,Kowalski,+7 523-568-6896
Sofia,Miller,+27 910-708-9748
Liam,Rossi,+49 651-543-3084
Fatima,Dubois,+81 419-945-6589
Hiroshi,Silva,+49 953-908-7142
Kwame,Smith,+27 890-199-2793
Giulia,Bianchi,+39 988-352-1280
Priya,Johnson,+49 695-146-7053
Sakura,Brown,+33 736-656-3484
Noah,Li,+86 199-385-7613
Olga,Brown,+86 699-120-4244
Chen,Kowalski,+81 603-696-5665
Sakura,Jones,+91 365-734-1285
Aria,Ivanov,+39 385-451-4226
Ahmed,O'Connor,+34 544-164-3002
Sakura,Popescu,+1 948-913-8362
Lorenzo,Rossi,+27 762-218-6448
Liam,Bianchi,+39 552-464-4171
Liam,Singh,+1 160-258-7915
Oliver,Smith,+86 838-757-6896
Ahmed,Lopez,+86 671-337-5053
Mateo,Hernandez,+34 741-457-7676
Yuki,Silva,+1 749-292-1989
Lucia,Singh,+34 268-515-3904
Léa,Hernandez,+39 694-313-4026
Anastasia,Novak,+91 693-566-8617
Olga,Abadi,+44 353-243-1901
Mohammed,O'Connor,+39 219-277-6864
Ivan,Martinez,+81 870-961-2726
Sakura,Lopez,+7 937-319-4889
Ivan,Costa,+27 640-727-7796
Lorenzo,Okafor,+44 664-581-2645
Chen,Rossi,+81 849-246-7777
Yuki,Petrov,+91 760-147-7546
Jean,Jones,+34 802-246-9120
Olga,Brown,+7 344-274-5619
Giulia,Kowalski,+39 576-970-4733
Sofia,Brown,+81 461-366-7188
Ava,Dubois,+49 109-792-4348
Kwame,Bianchi,+33 533-590-6059
Giulia,Popescu,+1 160-569-8616
Mohammed,Williams,+1 673-711-2530
Lorenzo,Li,+1 298-448-5308
Carlos,O'Connor,+86 970-305-8694
Mohammed,Ivanov,+7 972-385-6320
Lorenzo,Williams,+1 855-764-3857
Lucia,Patel,+44 370-450-8728
Noah,Costa,+49 853-389-6049
Olga,Johnson,+27 766-980-4960
Ananya,Abebe,+86 186-406-8485
Ivan,Murphy,+33 175-931-8115
Ava,Garcia,+86 546-626-3626
Giulia,Garcia,+34 755-546-3544
Lucia,Martinez,+44 579-616-2254
Anastasia,Bianchi,+1 600-149-1647
Chloe,Brown,+27 482-664-9617
Ava,Murphy,+34 246-624-3501
Ahmed,Lopez,+91 445-220-6255
Lucia,O'Connor,+39 352-786-2498
Carlos,Garcia,+33 350-520-5724
Emma,Jones,+44 216-794-1706
Noah,Abebe,+81 153-449-9611
Sakura,Kim,+1 940-915-2997
Sophia,Bianchi,+34 988-599-2883
Sakura,Brown,+91 548-741-4900
Yuki,Dubois,+91 894-295-4924
Lucia,Petrov,+81 569-167-8775
Wei,Brown,+81 793-327-1272
Kwame,Petrov,+86 675-251-3228
Chen,Smith,+39 527-169-9772
Ahmed,Li,+33 584-422-5574
Ahmed,Bianchi,+7 541-803-3550
Aria,Ivanov,+34 883-180-5685
Anastasia,Johnson,+33 518-934-2902
Olga,Kim,+81 582-826-8255
Chen,Garcia,+81 344-258-4655
Ava,Abebe,+91 152-565-2932
Oliver,Petrov,+33 682-742-5786
Sofia,Dubois,+34 651-474-4123
Aria,Jones,+44 448-560-5871
Ivan,Li,+33 319-238-9565
Fatima,Williams,+34 527-661-6874
Nia,Murphy,+86 743-967-3326
Chen,Jones,+91 140-875-1429
Fatima,Silva,+49 396-404-3686
Olga,Lopez,+91 565-129-1205
Samuel,Okafor,+27 644-657-9393
Ava,Kowalski,+49 737-964-4205
Ivan,Hernandez,+34 503-931-4989
Hiroshi,Smith,+81 970-351-3119
Jean,Novak,+49 746-573-4388
Chen,Petrov,+1 998-655-5368
Jean,Dubois,+1 701-272-7773
Liam,Singh,+81 424-300-7662
Ivan,Smith,+91 123-470-2142
Anastasia,Miller,+91 775-137-8500
Ahmed,Brown,+7 494-504-7013
Sakura,Lopez,+1 879-617-3933
Ivan,Abadi,+33 359-705-2628
Olga,Dubois,+49 640-336-3607
Wei,Dubois,+27 919-167-3056
Anastasia,Patel,+1 676-271-1772
Chen,Silva,+91 199-158-6292
Wei,Abebe,+91 880-522-6032
Léa,Patel,+91 103-499-2275
Oliver,Lopez,+27 178-298-4452
Sophia,Bianchi,+34 981-841-7617
Léa,Kowalski,+33 686-514-4329
Sophia,Bianchi,+1 397-909-4314
Mateo,Murphy,+27 858-382-8990
Hiroshi,Li,+49 146-125-2634
Nia,Williams,+86 242-909-9248
Samuel,Singh,+91 387-163-8827
Chloe,Costa,+33 513-555-7117
Mateo,Johnson,+86 400-138-6789
Liam,Garcia,+7 456-181-9982
Carlos,Williams,+33 349-409-8500
Ivan,Bianchi,+33 432-225-1396
Carlos,Li,+91 911-234-2797
Sofia,Abebe,+86 671-478-7360
Sofia,Bianchi,+81 254-303-3736
Ahmed,Abebe,+49 829-920-7528
Yuki,Miller,+33 921-682-2545
Lucia,Abadi,+81 903-999-9702
Chloe,Abebe,+81 201-865-2250
Sofia,Chen,+44 561-234-7207
Yuki,Rossi,+44 534-167-4649
Chen,Ibrahim,+81 539-920-3396
Olga,Brown,+33 335-617-2463
Ananya,Smith,+7 602-155-7323
Fatima,Singh,+91 107-303-6669
Samuel,Miller,+49 738-863-3446
Anastasia,Kowalski,+49 272-563-6819
Fatima,Lopez,+49 601-231-4514
Emma,Silva,+44 549-186-8470
Ivan,Murphy,+1 533-786-4412
Mohammed,Costa,+49 808-738-8310
Yuki,Smith,+33 913-558-3700
Giulia,Patel,+34 712-986-9734
Sakura,Martinez,+1 342-204-3115
Léa,Kim,+33 684-679-3646
Hiroshi,Garcia,+7 515-918-6680
Ava,Costa,+49 471-280-8306
Giulia,Johnson,+1 357-715-1138
Sofia,Patel,+81 615-727-3387
Emma,Singh,+49 307-901-4373
Chloe,Costa,+7 798-795-5698
Olga,Kowalski,+39 520-877-1073
Carlos,Kim,+27 342-511-7660
Léa,Martinez,+91 976-415-4981
Sakura,Costa,+91 919-312-6306
Ananya,Kowalski,+34 106-632-5516
Jean,Dubois,+1 979-135-1999
Priya,Ibrahim,+7 560-725-8985
Ava,Nguyen,+44 392-404-2147
Sakura,Novak,+86 879-917-2216
Léa,Dubois,+1 465-276-6792
Sophia,Ibrahim,+34 663-758-2815
Oliver,Popescu,+49 712-654-9370
Sophia,Abadi,+33 933-900-5456
Liam,Kowalski,+1 476-780-3777
Ivan,Popescu,+86 399-432-3977
Kwame,Rossi,+34 869-610-8575
Léa,Smith,+81 804-384-7398
Mohammed,Murphy,+1 468-293-8279
Ananya,Ivanov,+7 520-631-1460
Sakura,Martinez,+39 899-228-7977
Oliver,Singh,+49 758-206-9167
Giulia,Garcia,+86 164-374-1647
Ahmed,Petrov,+39 821-165-5737
Emma,Dubois,+27 269-533-8267
Priya,Brown,+49 475-337-5726
Sofia,Li,+1 637-202-1043
Samuel,Martinez,+33 687-542-1171
Kwame,Dubois,+86 427-281-6697
Hiroshi,Bianchi,+81 243-455-3720
Fatima,Garcia,+7 347-776-5281
Priya,Garcia,+81 136-968-1936
Hiroshi,Miller,+1 353-635-4563
Oliver,Chen,+34 980-172-8426
Hiroshi,Nguyen,+91 221-599-6800
Priya,Ivanov,+34 530-774-9180
Ahmed,Chen,+33 999-269-2577
Noah,Silva,+86 721-631-1046
Sophia,Ivanov,+27 951-540-1656
Yuki,Ibrahim,+49 127-693-7066
Olga,Abebe,+1 567-657-2241
Chloe,Jones,+34 960-458-5006
Ananya,Popescu,+39 305-146-1924
Sofia,Okafor,+7 819-141-8228
Lorenzo,Kim,+27 156-360-9035
Hiroshi,Novak,+81 602-865-4513
Aria,Garcia,+39 726-789-8989
Carlos,Kim,+81 273-104-7330
Nia,Nguyen,+44 166-269-1014
Sophia,Abebe,+91 484-300-9766
Ahmed,Novak,+81 821-484-1032
Ananya,Johnson,+33 332-429-6737
Nia,Petrov,+39 132-698-6244
Ava,Li,+44 254-707-6557
Priya,Kowalski,+86 177-797-5559
Jean,Bianchi,+34 237-120-2252
Nia,Martinez,+49 480-252-4750
Ananya,Abebe,+49 597-788-6215
Samuel,Okafor,+81 543-152-1172
Sakura,Singh,+7 250-733-4332
Ivan,Li,+44 482-446-9016
Olga,Miller,+49 431-492-3440
Hiroshi,Smith,+81 305-769-7044
Samuel,Lopez,+91 983-382-9593
Jean,Rossi,+39 281-646-4432
Chloe,Abebe,+27 513-425-2075
Giulia,Garcia,+1 372-619-2846
Sofia,Ivanov,+44 965-222-5286
Sakura,Chen,+34 634-915-9628
Liam,Patel,+7 819-483-5875
Priya,Williams,+7 116-142-4063
Priya,Jones,+33 691-155-9829
Ahmed,Okafor,+27 517-831-8841
Lucia,Abebe,+86 353-446-2147
Emma,Kowalski,+44 690-608-7127
Wei,Smith,+91 589-704-6083
Chen,Garcia,+34 159-995-7911
Fatima,Miller,+7 733-435-4349
Yuki,Williams,+49 170-692-3963
Giulia,Hernandez,+86 559-385-8002
Noah,Lopez,+81 190-773-7095
Wei,Costa,+33 690-688-2474
Hiroshi,Okafor,+81 654-346-6146
Liam,Ibrahim,+44 599-317-5197
Fatima,Smith,+91 670-810-7639
Lucia,Garcia,+39 620-140-1313
Giulia,Patel,+49 689-595-2803
Priya,Li,+91 588-751-7033
Aria,Patel,+44 490-121-2943
Mateo,Novak,+49 866-431-1794
Nia,Okafor,+81 906-632-9324
Anastasia,Bianchi,+39 387-813-4128
Mateo,Abebe,+39 525-806-8094
Lucia,Abadi,+7 939-324-8294
Chen,Ivanov,+7 448-894-7927
Léa,O'Connor,+39 475-404-6721
Wei,Costa,+1 762-570-9350
Jean,Okafor,+81 241-589-8625
Jean,Bianchi,+27 655-624-8828
Mia,Dubois,+39 697-862-8640
Liam,Martinez,+34 318-165-3780